customer_id,gender,senior_citizen,partner,dependents,tenure_months,phone_service,multiple_lines,internet_service,online_security,tech_support,streaming_tv,contract,paperless_billing,payment_method,monthly_charges,total_charges,num_support_calls,churn
CUST00001,Male,0,Yes,No,36,Yes,Yes,Fiber optic,Yes,No internet service,No internet service,Month-to-month,Yes,Credit card,35.59,1289.02,0,No
CUST00002,Female,0,No,Yes,60,Yes,No phone service,Fiber optic,No,Yes,No internet service,Two year,Yes,Credit card,66.68,4029.79,0,Yes
CUST00003,Male,0,Yes,No,33,Yes,No phone service,Fiber optic,Yes,Yes,No,Month-to-month,Yes,Credit card,57.44,1925.64,2,Yes
CUST00004,Male,0,No,No,69,Yes,No phone service,Fiber optic,No,No internet service,No,Month-to-month,Yes,Mailed check,36.19,2518.03,2,No
CUST00005,Male,0,Yes,Yes,16,Yes,No,Fiber optic,No internet service,No internet service,Yes,Two year,No,Mailed check,63.89,1041.38,1,No
CUST00006,Female,0,No,No,19,Yes,No phone service,Fiber optic,No,Yes,No internet service,Month-to-month,No,Bank transfer,61.03,1171.84,1,Yes
CUST00007,Male,0,No,No,72,Yes,Yes,Fiber optic,Yes,Yes,Yes,One year,No,Mailed check,31.4,2277.35,0,No
CUST00008,Male,0,Yes,Yes,58,Yes,No,DSL,No,Yes,Yes,Month-to-month,No,Credit card,31.38,1844.96,2,No
CUST00009,Male,0,No,No,68,Yes,No,DSL,No,No,No internet service,Month-to-month,Yes,Credit card,84.05,5727.78,3,No
CUST00010,Female,0,Yes,Yes,32,Yes,No phone service,Fiber optic,No,No internet service,Yes,Two year,Yes,Credit card,90.07,2921.38,0,No
CUST00011,Male,0,Yes,No,16,Yes,Yes,No,Yes,Yes,No internet service,Month-to-month,Yes,Credit card,114.0,1859.45,2,No
CUST00012,Male,0,Yes,No,56,Yes,Yes,DSL,No,No internet service,Yes,One year,No,Credit card,26.87,1518.19,2,No
CUST00013,Male,1,No,No,0,Yes,No phone service,DSL,Yes,No,Yes,Month-to-month,No,Electronic check,30.02,4.87,1,No
CUST00014,Male,0,No,No,12,Yes,No phone service,DSL,No,No,No internet service,Month-to-month,Yes,Bank transfer,23.29,279.49,2,No
CUST00015,Female,0,Yes,No,26,Yes,Yes,No,No,Yes,No,Month-to-month,Yes,Bank transfer,72.29,1909.38,0,No
CUST00016,Male,0,Yes,No,69,Yes,No,No,No,No internet service,No internet service,Month-to-month,Yes,Mailed check,81.52,5635.45,2,No
CUST00017,Female,0,No,Yes,58,Yes,No,Fiber optic,Yes,No,No,Month-to-month,Yes,Credit card,59.16,3431.91,0,No
CUST00018,Female,1,No,No,5,Yes,No phone service,No,Yes,No internet service,No internet service,One year,No,Electronic check,99.39,514.9,3,No
CUST00019,Female,0,No,No,22,Yes,No phone service,Fiber optic,Yes,No internet service,No internet service,Month-to-month,Yes,Credit card,88.04,1984.98,1,Yes
CUST00020,Male,1,Yes,Yes,9,No,Yes,No,No internet service,Yes,No,Month-to-month,No,Credit card,118.56,1101.54,1,Yes
CUST00021,Female,0,Yes,No,50,Yes,Yes,DSL,Yes,No,No,Month-to-month,Yes,Mailed check,32.07,1646.39,0,No
CUST00022,Male,1,Yes,No,18,Yes,Yes,DSL,No,No,No internet service,Two year,No,Electronic check,23.95,438.34,0,No
CUST00023,Female,0,Yes,No,50,Yes,Yes,Fiber optic,No internet service,No,No internet service,Two year,No,Electronic check,46.03,2305.16,1,No
CUST00024,Female,0,Yes,Yes,67,Yes,No phone service,Fiber optic,Yes,No internet service,No internet service,One year,No,Bank transfer,19.94,1336.56,1,No
CUST00025,Female,0,No,Yes,41,Yes,No phone service,Fiber optic,Yes,No,No,Two year,Yes,Credit card,113.13,4686.11,0,No
CUST00026,Female,0,Yes,Yes,56,Yes,Yes,DSL,No internet service,No,No internet service,Month-to-month,Yes,Electronic check,49.0,2759.01,2,Yes
CUST00027,Female,0,No,No,67,No,No phone service,Fiber optic,No internet service,No internet service,No,Month-to-month,Yes,Bank transfer,74.35,5004.43,0,Yes
CUST00028,Female,0,No,Yes,37,Yes,No phone service,DSL,Yes,No,Yes,One year,Yes,Electronic check,50.44,1886.01,3,Yes
CUST00029,Female,0,Yes,No,61,Yes,Yes,DSL,No internet service,No,No,One year,No,Credit card,43.07,2663.79,3,Yes
CUST00030,Female,0,No,Yes,6,Yes,No,No,No,No internet service,Yes,Month-to-month,No,Bank transfer,33.54,216.74,0,Yes
CUST00031,Male,0,Yes,No,70,Yes,No,No,No,No,No internet service,Month-to-month,Yes,Electronic check,50.68,3574.37,1,No
CUST00032,Male,0,No,No,49,Yes,Yes,No,No,Yes,No internet service,Two year,Yes,Mailed check,80.77,4007.51,0,No
CUST00033,Female,0,Yes,No,51,Yes,No,Fiber optic,Yes,No internet service,No,Two year,Yes,Electronic check,117.11,5994.81,2,No
CUST00034,Female,0,Yes,Yes,25,Yes,No phone service,Fiber optic,No,No,Yes,Month-to-month,No,Credit card,74.93,1900.81,2,No
CUST00035,Female,0,No,No,25,Yes,No,Fiber optic,No internet service,Yes,No internet service,One year,No,Mailed check,72.34,1833.63,3,No
CUST00036,Male,0,Yes,Yes,18,Yes,Yes,DSL,No,No internet service,No internet service,Month-to-month,Yes,Electronic check,21.6,428.96,1,Yes
CUST00037,Female,0,No,No,8,Yes,Yes,DSL,No internet service,No,Yes,Month-to-month,Yes,Electronic check,103.69,842.86,1,Yes
CUST00038,Male,0,Yes,No,60,Yes,No,DSL,No,No internet service,No internet service,Month-to-month,No,Bank transfer,22.57,1362.72,1,No
CUST00039,Male,0,Yes,Yes,19,Yes,No,No,No internet service,Yes,No internet service,Month-to-month,No,Credit card,110.44,2136.06,1,Yes
CUST00040,Male,0,Yes,No,49,Yes,No phone service,DSL,No,No internet service,No,Month-to-month,Yes,Electronic check,72.94,3594.84,2,Yes
CUST00041,Male,0,No,No,21,Yes,No,No,No,No,No internet service,Two year,No,Electronic check,35.18,784.47,0,No
CUST00042,Male,0,No,Yes,12,Yes,No,Fiber optic,No,Yes,Yes,Month-to-month,No,Electronic check,64.07,801.05,2,Yes
CUST00043,Female,0,Yes,No,11,Yes,No,Fiber optic,No internet service,No internet service,No internet service,One year,Yes,Credit card,119.49,1342.61,0,Yes
CUST00044,Female,0,No,Yes,9,Yes,No phone service,DSL,No internet service,No,No,Month-to-month,Yes,Mailed check,49.12,445.6,1,No
CUST00045,Female,1,Yes,No,64,Yes,No,DSL,No,No,No internet service,Month-to-month,Yes,Credit card,45.48,2947.24,2,No
CUST00046,Female,0,No,No,29,Yes,No phone service,No,No internet service,Yes,Yes,Two year,Yes,Bank transfer,30.04,905.46,4,No
CUST00047,Female,0,No,Yes,7,Yes,No phone service,DSL,No internet service,Yes,No internet service,One year,Yes,Bank transfer,78.91,584.37,2,No
CUST00048,Male,0,Yes,No,20,Yes,Yes,DSL,Yes,No internet service,Yes,Two year,Yes,Credit card,27.1,555.4,1,No
CUST00049,Female,0,Yes,No,21,Yes,Yes,DSL,No,No,No,Two year,Yes,Electronic check,96.13,2066.07,1,No
CUST00050,Female,0,Yes,No,17,Yes,No phone service,DSL,No internet service,Yes,No internet service,Month-to-month,Yes,Electronic check,111.76,1916.0,2,Yes
CUST00051,Male,1,Yes,No,65,Yes,No phone service,DSL,No internet service,No,No internet service,Month-to-month,Yes,Mailed check,113.05,7355.86,0,No
CUST00052,Female,0,Yes,No,47,Yes,No phone service,Fiber optic,No internet service,No internet service,No,Two year,Yes,Credit card,29.01,1412.83,3,No
CUST00053,Male,0,No,No,43,Yes,Yes,Fiber optic,No internet service,Yes,Yes,Two year,No,Credit card,74.94,3259.73,3,No
CUST00054,Female,1,No,No,8,Yes,No phone service,Fiber optic,Yes,No internet service,Yes,One year,No,Electronic check,27.91,244.02,1,No
CUST00055,Male,0,Yes,No,66,Yes,Yes,DSL,No internet service,No internet service,No internet service,One year,Yes,Bank transfer,76.35,5085.9,0,No
CUST00056,Female,0,Yes,No,53,Yes,Yes,No,No internet service,Yes,Yes,One year,Yes,Bank transfer,101.13,5364.45,0,No
CUST00057,Female,0,Yes,No,25,Yes,No phone service,Fiber optic,Yes,No internet service,Yes,Month-to-month,No,Mailed check,72.85,1825.63,4,Yes
CUST00058,Male,0,No,No,25,Yes,No phone service,DSL,No,No,No internet service,One year,Yes,Mailed check,106.95,2707.87,1,No
CUST00059,Male,0,Yes,No,33,Yes,No phone service,Fiber optic,No,Yes,Yes,Two year,No,Bank transfer,99.77,3301.31,1,No
CUST00060,Male,1,Yes,No,7,Yes,Yes,DSL,Yes,No,Yes,One year,Yes,Credit card,46.21,369.33,1,No
CUST00061,Male,0,No,No,9,No,No,Fiber optic,No,No internet service,No internet service,Month-to-month,No,Mailed check,82.27,782.45,2,Yes
CUST00062,Male,0,No,No,47,Yes,No phone service,Fiber optic,No,Yes,No internet service,Month-to-month,Yes,Electronic check,18.76,897.04,1,Yes
CUST00063,Male,0,No,No,54,Yes,No,No,Yes,No,Yes,Month-to-month,No,Credit card,58.4,3198.04,1,No
CUST00064,Male,0,No,No,53,Yes,No,DSL,No internet service,No,No internet service,Month-to-month,No,Electronic check,42.27,2242.45,1,No
CUST00065,Male,0,Yes,Yes,39,No,No,Fiber optic,Yes,No,Yes,Two year,No,Mailed check,113.59,4457.44,1,No
CUST00066,Female,0,No,No,14,Yes,No,DSL,Yes,No,Yes,Month-to-month,No,Bank transfer,59.35,877.68,1,No
CUST00067,Female,0,No,No,17,Yes,No,Fiber optic,Yes,No,Yes,Month-to-month,Yes,Mailed check,84.71,1482.84,3,Yes
CUST00068,Male,0,Yes,No,22,Yes,Yes,Fiber optic,Yes,No internet service,Yes,Month-to-month,Yes,Bank transfer,92.66,,0,No
CUST00069,Female,0,Yes,Yes,61,Yes,Yes,DSL,Yes,No internet service,No internet service,One year,Yes,Credit card,96.87,5918.21,1,No
CUST00070,Female,0,Yes,Yes,45,Yes,Yes,Fiber optic,No internet service,No internet service,No internet service,Month-to-month,Yes,Mailed check,93.05,4197.78,1,Yes
CUST00071,Female,0,No,No,38,Yes,No,Fiber optic,No,No internet service,No,Month-to-month,Yes,Mailed check,47.49,1830.35,2,Yes
CUST00072,Female,0,Yes,No,14,Yes,Yes,No,Yes,No internet service,No internet service,Month-to-month,No,Mailed check,87.98,1261.56,2,Yes
CUST00073,Male,0,No,Yes,52,Yes,No phone service,DSL,No internet service,No internet service,No,Month-to-month,No,Credit card,74.0,3849.64,1,No
CUST00074,Female,1,No,No,63,Yes,No,No,Yes,No internet service,Yes,Month-to-month,Yes,Electronic check,78.93,4993.27,1,No
CUST00075,Male,0,No,No,62,Yes,No phone service,No,No internet service,No,No internet service,Month-to-month,Yes,Electronic check,18.08,1162.48,3,No
CUST00076,Female,0,Yes,Yes,15,Yes,No,No,No,No internet service,Yes,Two year,Yes,Bank transfer,44.34,687.32,1,No
CUST00077,Female,0,No,No,69,Yes,No,Fiber optic,No internet service,No,No,Month-to-month,No,Mailed check,112.93,7800.63,1,Yes
CUST00078,Female,0,Yes,No,65,Yes,No,No,No internet service,Yes,No internet service,Month-to-month,Yes,Electronic check,47.59,3141.09,3,Yes
CUST00079,Male,0,Yes,No,12,Yes,No,Fiber optic,No,No internet service,No internet service,One year,No,Credit card,62.68,765.47,2,No
CUST00080,Female,0,Yes,No,46,Yes,No phone service,DSL,No,No,No internet service,Month-to-month,No,Mailed check,37.04,1743.76,1,Yes
CUST00081,Male,0,No,No,8,No,No,Fiber optic,No internet service,Yes,No internet service,One year,No,Bank transfer,32.14,266.81,1,Yes
CUST00082,Female,0,No,No,62,Yes,No,Fiber optic,Yes,Yes,Yes,Month-to-month,Yes,Electronic check,39.28,2456.52,5,No
CUST00083,Male,0,No,No,33,Yes,Yes,No,Yes,No,No internet service,One year,Yes,Credit card,74.47,2482.03,1,No
CUST00084,Female,0,Yes,Yes,28,Yes,No,Fiber optic,No,No,No,One year,No,Credit card,111.74,3153.75,0,No
CUST00085,Male,1,No,Yes,36,Yes,No,DSL,Yes,No,No internet service,Two year,No,Bank transfer,51.27,1871.54,0,No
CUST00086,Male,0,No,No,42,Yes,No,Fiber optic,No,No internet service,No,Month-to-month,No,Electronic check,50.99,2152.83,1,Yes
CUST00087,Female,0,No,No,63,Yes,No,No,No internet service,Yes,No,Month-to-month,Yes,Mailed check,75.54,4784.82,2,No
CUST00088,Male,0,No,Yes,23,Yes,No,DSL,No internet service,No internet service,Yes,Month-to-month,No,Credit card,54.39,1275.06,2,Yes
CUST00089,Female,0,No,No,70,Yes,No,DSL,Yes,No internet service,No internet service,Two year,Yes,Bank transfer,110.86,7770.64,2,No
CUST00090,Female,0,Yes,Yes,33,Yes,No phone service,Fiber optic,No,No internet service,No,Two year,No,Credit card,56.54,1915.23,0,No
CUST00091,Female,0,Yes,No,47,Yes,No phone service,DSL,Yes,Yes,No internet service,Month-to-month,No,Credit card,68.03,3240.69,3,No
CUST00092,Female,1,Yes,No,11,Yes,No,DSL,Yes,Yes,Yes,Month-to-month,No,Electronic check,72.41,840.89,1,Yes
CUST00093,Female,0,Yes,No,22,Yes,No phone service,DSL,No internet service,Yes,Yes,Month-to-month,No,Electronic check,97.77,2185.22,3,Yes
CUST00094,Female,0,No,No,12,No,Yes,No,Yes,No,No internet service,Month-to-month,Yes,Mailed check,75.52,914.23,1,No
CUST00095,Female,0,Yes,Yes,44,Yes,Yes,DSL,No internet service,No internet service,No,Month-to-month,No,Credit card,42.39,1893.56,0,No
CUST00096,Female,0,No,No,64,Yes,No,Fiber optic,No,No,Yes,Month-to-month,No,Bank transfer,30.65,2002.67,2,No
CUST00097,Female,0,Yes,Yes,46,No,No,Fiber optic,Yes,No,No,One year,Yes,Credit card,113.65,5229.84,2,Yes
CUST00098,Female,0,Yes,No,57,Yes,No phone service,No,No internet service,No internet service,No,Two year,No,Bank transfer,99.76,5711.11,1,No
CUST00099,Female,0,Yes,Yes,4,Yes,Yes,No,Yes,Yes,No internet service,Two year,Yes,Credit card,20.34,101.17,4,Yes
CUST00100,Male,1,No,No,4,Yes,No,Fiber optic,No,No internet service,Yes,Month-to-month,No,Bank transfer,101.8,417.81,0,No
CUST00101,Male,0,No,No,59,Yes,Yes,No,Yes,No,No internet service,One year,Yes,Credit card,78.24,4635.07,1,No
CUST00102,Female,0,Yes,No,20,Yes,No phone service,DSL,Yes,Yes,No internet service,Two year,No,Credit card,70.93,1467.77,1,No
CUST00103,Female,0,No,No,23,Yes,No,Fiber optic,No internet service,Yes,No internet service,Month-to-month,Yes,Mailed check,19.25,478.91,1,No
CUST00104,Female,0,Yes,No,17,Yes,No,Fiber optic,No,No,No,One year,Yes,Electronic check,97.65,1675.03,1,No
CUST00105,Female,0,Yes,Yes,20,Yes,No,DSL,No,Yes,No internet service,Month-to-month,Yes,Electronic check,38.2,794.27,1,Yes
CUST00106,Female,0,Yes,Yes,53,Yes,Yes,Fiber optic,No,Yes,Yes,Month-to-month,Yes,Bank transfer,92.25,4901.58,1,Yes
CUST00107,Female,0,No,No,9,Yes,No phone service,DSL,Yes,No internet service,No,Month-to-month,No,Credit card,19.62,207.12,2,No
CUST00108,Female,0,Yes,Yes,23,Yes,Yes,No,No internet service,No internet service,No internet service,Month-to-month,Yes,Credit card,99.23,2327.1,3,Yes
CUST00109,Female,0,Yes,Yes,59,Yes,Yes,Fiber optic,Yes,No,Yes,One year,No,Electronic check,20.35,1228.49,4,No
CUST00110,Male,0,Yes,No,56,Yes,No,Fiber optic,Yes,No,No internet service,Month-to-month,No,Bank transfer,42.06,2392.03,4,No
CUST00111,Female,1,No,No,22,Yes,No phone service,DSL,Yes,No,No internet service,Month-to-month,No,Mailed check,45.36,1020.59,2,Yes
CUST00112,Male,0,Yes,No,21,Yes,No phone service,DSL,No,Yes,No internet service,Month-to-month,No,Mailed check,34.07,741.68,2,No
CUST00113,Female,0,No,No,67,Yes,No,No,No internet service,No,No,Two year,Yes,Mailed check,67.07,4528.44,0,No
CUST00114,Female,0,Yes,No,33,Yes,No phone service,Fiber optic,No,No internet service,No internet service,Month-to-month,Yes,Credit card,46.94,1589.64,1,No
CUST00115,Male,0,No,Yes,69,No,No,No,Yes,Yes,Yes,One year,Yes,Bank transfer,119.32,8266.05,2,No
CUST00116,Female,0,Yes,No,27,Yes,No,DSL,Yes,No,No internet service,One year,Yes,Electronic check,77.16,2132.19,2,No
CUST00117,Male,1,Yes,No,38,Yes,No phone service,DSL,No internet service,Yes,No internet service,Month-to-month,No,Credit card,75.78,2920.63,3,No
CUST00118,Female,0,No,No,41,Yes,No phone service,Fiber optic,No,Yes,No,Month-to-month,Yes,Credit card,40.53,1700.59,1,No
CUST00119,Female,0,No,Yes,22,Yes,No phone service,Fiber optic,Yes,Yes,No internet service,One year,No,Mailed check,59.69,1355.44,1,No
CUST00120,Male,0,Yes,No,69,No,No phone service,DSL,Yes,No,Yes,Month-to-month,Yes,Bank transfer,30.65,2128.91,2,No
CUST00121,Female,0,No,Yes,1,No,Yes,Fiber optic,No internet service,Yes,Yes,Month-to-month,No,Bank transfer,95.78,,1,Yes
CUST00122,Male,0,Yes,Yes,23,Yes,No,Fiber optic,Yes,Yes,No internet service,One year,Yes,Mailed check,51.78,1219.16,5,Yes
CUST00123,Female,0,Yes,Yes,16,Yes,No,DSL,No,Yes,Yes,Month-to-month,Yes,Mailed check,94.7,1538.32,1,Yes
CUST00124,Male,1,Yes,No,64,Yes,No,DSL,No,No internet service,Yes,Month-to-month,No,Mailed check,55.91,3620.61,2,Yes
CUST00125,Male,0,No,No,69,Yes,No,Fiber optic,Yes,No,No internet service,Month-to-month,Yes,Credit card,118.85,8202.0,2,Yes
CUST00126,Female,0,Yes,No,68,Yes,Yes,Fiber optic,Yes,No internet service,Yes,Month-to-month,No,Credit card,35.45,2421.06,2,No
CUST00127,Female,0,No,No,59,Yes,No phone service,Fiber optic,Yes,Yes,Yes,One year,Yes,Credit card,18.16,1115.53,3,No
CUST00128,Male,0,Yes,No,49,Yes,No phone service,Fiber optic,No internet service,Yes,No internet service,One year,Yes,Electronic check,78.67,3857.79,3,No
CUST00129,Female,0,No,Yes,11,Yes,No phone service,DSL,No internet service,No internet service,No,One year,No,Electronic check,115.2,1278.55,1,Yes
CUST00130,Female,0,No,Yes,46,No,No,No,No,Yes,No,One year,Yes,Bank transfer,84.0,3881.56,2,No
CUST00131,Female,0,Yes,No,66,Yes,Yes,No,No,No internet service,No internet service,Month-to-month,No,Mailed check,26.74,1802.38,0,No
CUST00132,Male,0,No,No,64,Yes,Yes,Fiber optic,Yes,Yes,No,Month-to-month,Yes,Mailed check,73.13,4708.33,3,Yes
CUST00133,Male,0,Yes,No,26,Yes,No phone service,DSL,Yes,Yes,No,Month-to-month,No,Credit card,110.77,2927.75,1,No
CUST00134,Male,0,Yes,Yes,47,Yes,No,Fiber optic,Yes,Yes,No,Month-to-month,Yes,Electronic check,18.66,888.41,2,Yes
CUST00135,Male,1,Yes,Yes,61,Yes,No phone service,Fiber optic,No internet service,Yes,No,Two year,Yes,Mailed check,35.03,2180.44,1,No
CUST00136,Male,0,Yes,Yes,43,Yes,No,No,No internet service,No,No internet service,Two year,Yes,Bank transfer,101.09,4361.02,1,No
CUST00137,Male,0,Yes,No,18,Yes,No phone service,No,Yes,No,No,Month-to-month,Yes,Mailed check,109.18,1977.51,0,No
CUST00138,Male,0,No,No,58,Yes,No phone service,No,Yes,No,No,Month-to-month,Yes,Credit card,90.13,5252.46,2,No
CUST00139,Male,1,Yes,No,7,Yes,Yes,DSL,No,No internet service,No internet service,Month-to-month,No,Credit card,119.14,837.54,1,Yes
CUST00140,Male,1,No,No,54,No,No,No,No internet service,No internet service,No internet service,Month-to-month,No,Electronic check,27.2,1488.02,1,Yes
CUST00141,Female,0,No,No,46,Yes,Yes,Fiber optic,Yes,No internet service,No,Month-to-month,Yes,Bank transfer,73.66,3406.14,0,Yes
CUST00142,Male,1,Yes,No,1,Yes,Yes,No,No internet service,No internet service,Yes,Month-to-month,Yes,Bank transfer,87.87,95.88,1,Yes
CUST00143,Female,0,No,Yes,38,Yes,No phone service,Fiber optic,Yes,No,No internet service,Two year,Yes,Mailed check,89.67,3450.5,0,No
CUST00144,Female,0,Yes,No,44,Yes,No,DSL,Yes,No internet service,No internet service,One year,Yes,Bank transfer,98.94,4372.65,2,No
CUST00145,Female,0,No,No,31,Yes,No,Fiber optic,No,No internet service,No,Month-to-month,Yes,Mailed check,111.6,3508.7,0,No
CUST00146,Male,0,No,Yes,64,Yes,No phone service,DSL,No,No internet service,Yes,Month-to-month,Yes,Mailed check,54.89,3557.95,0,No
CUST00147,Male,0,No,No,37,Yes,No phone service,Fiber optic,No,Yes,No internet service,Month-to-month,No,Electronic check,22.38,837.8,1,No
CUST00148,Male,0,Yes,No,10,Yes,No phone service,No,Yes,No internet service,No internet service,Two year,No,Bank transfer,54.97,574.96,0,No
CUST00149,Male,0,No,No,9,Yes,No,DSL,No,Yes,No internet service,Two year,Yes,Credit card,86.5,808.59,1,No
CUST00150,Female,0,Yes,No,58,Yes,No phone service,DSL,Yes,No internet service,Yes,Two year,Yes,Mailed check,39.77,2347.61,1,No
CUST00151,Male,0,No,No,54,Yes,No phone service,DSL,No internet service,No internet service,No internet service,Month-to-month,No,Mailed check,100.62,5477.76,1,No
CUST00152,Male,0,No,No,19,Yes,Yes,Fiber optic,No internet service,Yes,No internet service,One year,Yes,Mailed check,40.42,799.18,3,Yes
CUST00153,Male,0,No,Yes,16,Yes,No phone service,No,Yes,No internet service,Yes,Month-to-month,No,Bank transfer,19.03,306.24,3,No
CUST00154,Male,0,No,Yes,67,Yes,No phone service,DSL,No,Yes,No internet service,One year,No,Bank transfer,69.82,4702.0,3,No
CUST00155,Male,0,Yes,Yes,4,Yes,No,DSL,No,No internet service,Yes,Month-to-month,Yes,Bank transfer,92.1,412.64,2,Yes
CUST00156,Female,1,Yes,Yes,59,Yes,No phone service,No,No internet service,No internet service,Yes,Month-to-month,Yes,Mailed check,53.66,3201.64,3,No
CUST00157,Male,0,No,No,22,No,No,No,Yes,Yes,Yes,One year,No,Credit card,94.39,2120.09,1,No
CUST00158,Female,0,No,No,45,Yes,Yes,DSL,Yes,No,No,Month-to-month,No,Credit card,62.72,2856.1,1,Yes
CUST00159,Male,0,Yes,Yes,51,Yes,Yes,Fiber optic,Yes,Yes,No internet service,Month-to-month,Yes,Bank transfer,35.51,1813.21,2,No
CUST00160,Female,0,Yes,No,9,Yes,No,Fiber optic,No internet service,No,No internet service,Month-to-month,No,Credit card,27.24,293.56,0,No
CUST00161,Male,0,Yes,Yes,45,Yes,No phone service,Fiber optic,No internet service,Yes,No internet service,Month-to-month,Yes,Mailed check,90.48,4117.5,3,No
CUST00162,Male,0,Yes,No,27,Yes,No,Fiber optic,No,No,Yes,Month-to-month,Yes,Bank transfer,57.34,1554.51,1,Yes
CUST00163,Female,1,No,Yes,42,Yes,No phone service,No,Yes,No internet service,No,Month-to-month,No,Bank transfer,111.1,4671.83,1,No
CUST00164,Female,0,No,No,25,Yes,No phone service,DSL,Yes,No,Yes,Month-to-month,No,Mailed check,73.11,1854.7,2,Yes
CUST00165,Female,1,Yes,Yes,54,Yes,No phone service,DSL,Yes,No internet service,No internet service,Month-to-month,No,Bank transfer,53.54,2929.01,0,No
CUST00166,Male,1,Yes,No,47,Yes,No,Fiber optic,Yes,Yes,Yes,Two year,No,Mailed check,53.6,2538.31,1,No
CUST00167,Female,0,Yes,No,28,Yes,Yes,Fiber optic,No internet service,No,No,Month-to-month,Yes,Bank transfer,31.41,886.3,0,No
CUST00168,Male,1,Yes,No,26,Yes,No,No,No,No internet service,No internet service,Month-to-month,Yes,Credit card,78.57,2068.35,4,No
CUST00169,Male,0,Yes,Yes,17,Yes,No phone service,Fiber optic,No internet service,Yes,Yes,Month-to-month,Yes,Bank transfer,77.38,1332.34,0,No
CUST00170,Female,0,Yes,Yes,59,Yes,No,DSL,No,No,No,Two year,Yes,Bank transfer,99.6,5893.99,0,No
CUST00171,Female,0,No,Yes,68,Yes,Yes,Fiber optic,Yes,No internet service,Yes,One year,No,Bank transfer,38.52,2651.61,4,No
CUST00172,Male,1,No,No,20,Yes,No,Fiber optic,Yes,No,Yes,Month-to-month,Yes,Electronic check,47.66,997.48,1,Yes
CUST00173,Male,1,No,Yes,23,Yes,Yes,No,Yes,No,No internet service,One year,No,Credit card,27.92,670.09,2,No
CUST00174,Female,0,Yes,No,2,Yes,Yes,Fiber optic,Yes,No internet service,No,One year,No,Mailed check,48.12,130.62,1,No
CUST00175,Female,0,Yes,No,61,Yes,No phone service,Fiber optic,Yes,No internet service,Yes,One year,Yes,Electronic check,61.67,,1,No
CUST00176,Female,0,Yes,No,1,Yes,Yes,Fiber optic,No internet service,Yes,No,One year,Yes,Credit card,116.33,143.89,1,Yes
CUST00177,Male,0,No,No,65,Yes,No,Fiber optic,No,No internet service,No internet service,Two year,No,Bank transfer,84.61,5515.19,2,No
CUST00178,Male,0,Yes,Yes,41,Yes,No,Fiber optic,No internet service,No internet service,No internet service,Two year,No,Bank transfer,97.85,4030.74,3,Yes
CUST00179,Male,0,Yes,Yes,33,Yes,No phone service,DSL,Yes,No,No internet service,One year,No,Mailed check,51.2,1705.39,0,No
CUST00180,Male,0,No,No,41,Yes,No,No,No,No internet service,No,Month-to-month,Yes,Mailed check,32.74,1388.21,0,Yes
CUST00181,Male,0,Yes,No,19,Yes,No phone service,Fiber optic,No,No,No,One year,Yes,Credit card,44.19,880.94,0,No
CUST00182,Male,1,No,Yes,67,Yes,No,Fiber optic,Yes,No,Yes,Two year,Yes,Credit card,44.16,2987.69,0,No
CUST00183,Female,0,No,Yes,44,Yes,No,No,No,No internet service,No,Month-to-month,Yes,Mailed check,77.48,3454.73,3,Yes
CUST00184,Male,0,Yes,No,41,No,Yes,No,No internet service,No internet service,No internet service,Two year,No,Credit card,52.83,2210.35,5,No
CUST00185,Male,0,No,Yes,46,Yes,Yes,No,No internet service,No internet service,Yes,Month-to-month,No,Mailed check,105.45,4897.08,3,No
CUST00186,Male,1,Yes,No,4,Yes,Yes,No,No internet service,No internet service,No,Month-to-month,Yes,Bank transfer,118.83,486.41,2,No
CUST00187,Female,1,No,No,48,Yes,No,DSL,No internet service,Yes,No internet service,Two year,Yes,Mailed check,53.02,2580.84,0,No
CUST00188,Male,0,Yes,Yes,36,Yes,No phone service,Fiber optic,No,No,No internet service,Month-to-month,Yes,Electronic check,89.92,3267.58,3,Yes
CUST00189,Male,0,No,Yes,33,Yes,No phone service,Fiber optic,No internet service,Yes,Yes,Month-to-month,No,Mailed check,85.06,2843.67,1,No
CUST00190,Female,0,Yes,Yes,72,Yes,No phone service,DSL,No,Yes,No internet service,Month-to-month,Yes,Mailed check,37.84,2737.65,2,No
CUST00191,Male,0,No,No,69,Yes,Yes,No,Yes,No,No,Month-to-month,No,Electronic check,111.64,7737.9,0,No
CUST00192,Male,0,No,No,17,No,No,Fiber optic,No internet service,Yes,No internet service,Month-to-month,Yes,Electronic check,38.34,672.27,0,Yes
CUST00193,Male,0,No,No,18,No,Yes,Fiber optic,Yes,No internet service,Yes,Month-to-month,No,Electronic check,93.17,1718.76,0,No
CUST00194,Male,0,Yes,No,39,Yes,No,No,No internet service,No internet service,No internet service,Month-to-month,Yes,Electronic check,53.46,2124.71,2,Yes
CUST00195,Male,0,Yes,No,16,Yes,No,DSL,Yes,No internet service,No internet service,Two year,Yes,Mailed check,55.44,897.61,2,No
CUST00196,Female,0,No,Yes,59,Yes,No,Fiber optic,Yes,No internet service,No,Two year,No,Credit card,64.46,,0,No
CUST00197,Female,0,Yes,Yes,41,Yes,Yes,Fiber optic,Yes,No,No,Month-to-month,Yes,Electronic check,106.18,4389.27,3,Yes
CUST00198,Female,0,No,No,71,Yes,No,DSL,Yes,No internet service,No,One year,Yes,Bank transfer,32.31,2321.53,3,No
CUST00199,Male,1,Yes,Yes,64,No,Yes,DSL,Yes,No,No,Month-to-month,Yes,Mailed check,23.57,1536.34,3,No
CUST00200,Male,0,No,Yes,52,Yes,Yes,No,No,No,No internet service,Month-to-month,Yes,Credit card,59.01,3106.15,1,No
CUST00201,Male,1,Yes,No,6,Yes,No,Fiber optic,No,No,No,Month-to-month,Yes,Bank transfer,23.67,184.77,1,Yes
CUST00202,Female,0,No,No,4,Yes,No,No,No internet service,No,No internet service,Two year,No,Mailed check,88.14,364.51,2,No
CUST00203,Male,0,No,No,23,Yes,No,Fiber optic,No,Yes,No,Two year,No,Mailed check,95.55,2225.43,1,No
CUST00204,Male,0,No,No,27,Yes,Yes,DSL,Yes,Yes,No,Month-to-month,Yes,Bank transfer,105.18,2881.31,5,No
CUST00205,Female,0,No,Yes,61,Yes,No,DSL,No,No internet service,No,Month-to-month,Yes,Electronic check,93.87,5769.71,2,Yes
CUST00206,Male,0,Yes,No,16,Yes,No,Fiber optic,No,No,No internet service,Month-to-month,Yes,Electronic check,111.47,1797.89,1,Yes
CUST00207,Female,0,No,Yes,19,Yes,No phone service,No,Yes,No internet service,No,Month-to-month,Yes,Bank transfer,94.33,1797.48,0,Yes
CUST00208,Female,0,Yes,No,2,Yes,No phone service,DSL,No,No internet service,No internet service,One year,Yes,Credit card,113.48,238.6,1,No
CUST00209,Female,0,Yes,No,36,Yes,No phone service,No,Yes,No internet service,No,Month-to-month,No,Electronic check,37.7,1404.47,4,No
CUST00210,Male,0,No,Yes,14,Yes,No,No,No,No internet service,No,One year,Yes,Mailed check,68.99,,2,No
CUST00211,Male,0,Yes,No,50,Yes,Yes,No,Yes,No,Yes,Month-to-month,Yes,Mailed check,119.38,5989.93,3,No
CUST00212,Male,0,Yes,Yes,47,Yes,No phone service,Fiber optic,No internet service,No,No,Two year,No,Credit card,87.52,4114.09,4,No
CUST00213,Male,0,Yes,No,7,Yes,Yes,No,No,Yes,No internet service,One year,No,Mailed check,107.62,755.89,2,No
CUST00214,Male,0,No,No,12,Yes,No phone service,Fiber optic,No internet service,No,Yes,Month-to-month,No,Electronic check,21.1,286.63,1,Yes
CUST00215,Male,0,Yes,No,47,Yes,No phone service,DSL,Yes,No,No internet service,One year,No,Credit card,106.92,5054.73,3,No
CUST00216,Male,1,Yes,No,2,Yes,Yes,DSL,Yes,No internet service,No internet service,Two year,No,Electronic check,89.17,207.12,2,No
CUST00217,Female,0,No,Yes,64,Yes,No phone service,No,No internet service,No,Yes,Month-to-month,Yes,Credit card,35.42,2272.4,0,No
CUST00218,Male,0,No,No,72,Yes,Yes,DSL,Yes,No internet service,No,Month-to-month,Yes,Bank transfer,20.62,1502.24,2,No
CUST00219,Female,1,Yes,No,30,Yes,No,Fiber optic,Yes,No,Yes,Two year,Yes,Mailed check,44.51,1375.92,2,No
CUST00220,Male,0,No,Yes,25,Yes,No,DSL,Yes,Yes,No internet service,Month-to-month,No,Credit card,111.41,2794.0,1,Yes
CUST00221,Male,0,Yes,No,55,Yes,Yes,DSL,Yes,No internet service,No,Month-to-month,No,Bank transfer,86.15,4782.38,2,Yes
CUST00222,Male,0,Yes,No,33,Yes,Yes,DSL,Yes,No,Yes,Month-to-month,Yes,Electronic check,111.79,3695.14,2,No
CUST00223,Female,0,Yes,Yes,8,Yes,No,No,Yes,No,No internet service,Two year,No,Bank transfer,63.51,516.54,0,No
CUST00224,Female,0,No,No,61,Yes,Yes,Fiber optic,Yes,No internet service,No,One year,No,Electronic check,113.54,6949.83,0,No
CUST00225,Female,0,Yes,Yes,12,Yes,No,No,Yes,Yes,No internet service,Two year,No,Credit card,65.22,829.9,1,No
CUST00226,Female,0,No,No,68,Yes,No,Fiber optic,No internet service,Yes,No,Month-to-month,No,Credit card,38.83,2656.92,2,Yes
CUST00227,Male,0,No,Yes,40,Yes,Yes,No,No,No,No,Month-to-month,No,Mailed check,33.44,1370.51,1,Yes
CUST00228,Female,1,Yes,No,0,Yes,No phone service,Fiber optic,Yes,No,Yes,One year,Yes,Mailed check,119.37,29.43,2,Yes
CUST00229,Male,0,No,No,46,Yes,Yes,Fiber optic,No internet service,No,No,One year,Yes,Credit card,52.05,2401.78,1,No
CUST00230,Male,0,No,No,3,Yes,No,Fiber optic,Yes,No internet service,No internet service,Month-to-month,Yes,Electronic check,34.33,115.4,1,Yes
CUST00231,Female,0,No,No,62,Yes,No phone service,Fiber optic,No,No internet service,No,Month-to-month,Yes,Electronic check,18.86,1215.83,2,No
CUST00232,Female,0,No,No,51,Yes,No phone service,No,Yes,No internet service,No internet service,Month-to-month,Yes,Credit card,47.13,2412.87,2,No
CUST00233,Female,0,No,No,9,No,No,Fiber optic,No internet service,No,No,One year,No,Electronic check,108.69,1012.96,3,Yes
CUST00234,Female,0,Yes,Yes,27,Yes,No phone service,No,No internet service,Yes,No,Two year,No,Credit card,72.47,2004.92,1,No
CUST00235,Female,0,No,No,5,Yes,No phone service,Fiber optic,No,No internet service,Yes,One year,No,Mailed check,82.51,418.53,1,No
CUST00236,Female,1,Yes,No,26,Yes,Yes,DSL,Yes,Yes,No,Two year,Yes,Electronic check,112.08,2934.04,1,No
CUST00237,Female,0,Yes,No,11,Yes,No,Fiber optic,No internet service,No,No,Month-to-month,Yes,Mailed check,70.31,784.61,1,Yes
CUST00238,Female,0,Yes,No,61,Yes,No phone service,DSL,No,No internet service,No internet service,Two year,Yes,Bank transfer,103.5,6324.58,2,No
CUST00239,Male,0,Yes,No,51,Yes,No,Fiber optic,No,No internet service,No internet service,Two year,Yes,Mailed check,51.03,,4,No
CUST00240,Female,0,Yes,No,47,Yes,Yes,Fiber optic,Yes,No internet service,No internet service,Month-to-month,Yes,Bank transfer,117.66,5562.5,1,Yes
CUST00241,Female,0,Yes,No,66,Yes,Yes,No,No internet service,No,No,Two year,Yes,Mailed check,26.04,1755.96,1,No
CUST00242,Male,0,No,Yes,45,Yes,Yes,DSL,Yes,No,No internet service,Month-to-month,Yes,Mailed check,91.93,4170.69,0,No
CUST00243,Female,0,No,No,14,Yes,No phone service,DSL,Yes,No,No internet service,Two year,No,Electronic check,85.38,1241.55,3,No
CUST00244,Male,0,No,No,70,Yes,Yes,DSL,Yes,Yes,No,Two year,Yes,Mailed check,37.55,2635.78,1,No
CUST00245,Male,0,Yes,No,35,Yes,No,Fiber optic,No internet service,Yes,No internet service,One year,No,Credit card,57.66,2034.09,0,No
CUST00246,Female,0,No,No,13,Yes,Yes,No,No,No internet service,Yes,One year,Yes,Electronic check,49.91,666.06,4,No
CUST00247,Male,0,No,Yes,2,Yes,No phone service,No,Yes,No internet service,Yes,Month-to-month,No,Electronic check,27.64,66.88,0,Yes
CUST00248,Male,0,No,No,66,Yes,Yes,Fiber optic,Yes,No,No internet service,Month-to-month,Yes,Electronic check,77.65,5132.01,2,Yes
CUST00249,Male,0,Yes,No,18,Yes,No phone service,No,No internet service,No,No internet service,Month-to-month,Yes,Mailed check,119.35,2172.64,3,Yes
CUST00250,Male,0,No,Yes,53,Yes,No,DSL,Yes,No,No internet service,One year,Yes,Electronic check,75.08,4020.96,1,No
CUST00251,Female,0,Yes,No,68,Yes,Yes,DSL,No,No internet service,No,One year,No,Bank transfer,73.62,5053.89,0,No
CUST00252,Male,0,No,Yes,9,Yes,Yes,DSL,Yes,No,Yes,Two year,Yes,Bank transfer,22.11,205.46,3,No
CUST00253,Female,0,Yes,No,32,Yes,No,No,No,Yes,Yes,Month-to-month,Yes,Mailed check,32.2,1071.56,1,No
CUST00254,Male,0,Yes,Yes,12,Yes,No,Fiber optic,Yes,Yes,No internet service,Two year,No,Electronic check,70.35,885.43,2,No
CUST00255,Male,1,Yes,No,50,Yes,No phone service,Fiber optic,Yes,No internet service,No internet service,Two year,Yes,Credit card,118.49,5943.95,1,No
CUST00256,Male,0,No,No,31,Yes,Yes,DSL,Yes,No internet service,No,One year,Yes,Credit card,107.41,3335.21,2,No
CUST00257,Male,1,No,No,23,Yes,Yes,Fiber optic,No,Yes,No,Month-to-month,Yes,Bank transfer,52.7,1261.6,3,No
CUST00258,Female,0,Yes,No,34,Yes,Yes,No,Yes,No,Yes,Month-to-month,No,Mailed check,73.39,2528.04,1,No
CUST00259,Female,0,No,No,69,Yes,Yes,DSL,Yes,No internet service,No,Month-to-month,Yes,Mailed check,74.38,5181.33,2,No
CUST00260,Male,0,Yes,Yes,39,Yes,No,Fiber optic,Yes,No internet service,Yes,One year,Yes,Mailed check,87.91,3452.67,1,Yes
CUST00261,Male,0,Yes,Yes,53,Yes,Yes,DSL,No,No internet service,No internet service,One year,Yes,Mailed check,88.15,4691.71,0,No
CUST00262,Female,1,No,No,43,Yes,Yes,DSL,Yes,Yes,No internet service,Two year,Yes,Mailed check,98.56,4250.44,3,Yes
CUST00263,Male,0,No,Yes,61,Yes,Yes,Fiber optic,No internet service,No internet service,Yes,Month-to-month,No,Electronic check,20.55,1302.73,0,No
CUST00264,Male,0,No,No,67,Yes,No phone service,DSL,No,Yes,No internet service,Month-to-month,Yes,Electronic check,114.26,7668.08,1,No
CUST00265,Male,0,Yes,No,32,Yes,No phone service,Fiber optic,No internet service,Yes,No,One year,Yes,Electronic check,25.15,805.99,4,No
CUST00266,Female,0,Yes,No,55,Yes,No phone service,Fiber optic,Yes,No,No internet service,Two year,Yes,Credit card,66.57,3686.97,0,No
CUST00267,Female,0,No,No,35,Yes,No,Fiber optic,No,No,No internet service,Two year,Yes,Electronic check,111.8,3931.85,3,No
CUST00268,Female,0,Yes,Yes,53,Yes,No,Fiber optic,No,No,Yes,Two year,Yes,Mailed check,67.74,3603.29,0,No
CUST00269,Male,0,No,No,18,No,No,Fiber optic,Yes,No internet service,No,Month-to-month,Yes,Mailed check,24.49,472.55,3,Yes
CUST00270,Male,0,Yes,No,42,Yes,Yes,DSL,No internet service,Yes,No,One year,Yes,Credit card,41.38,1756.17,2,No
CUST00271,Female,0,No,No,11,Yes,Yes,Fiber optic,No,No internet service,No internet service,Two year,No,Credit card,77.02,867.33,1,No
CUST00272,Female,0,No,No,10,No,No,Fiber optic,No,Yes,No internet service,Month-to-month,Yes,Bank transfer,26.96,270.75,2,No
CUST00273,Female,1,Yes,Yes,69,Yes,No phone service,DSL,No,No internet service,No,Month-to-month,Yes,Credit card,61.22,4253.63,0,No
CUST00274,Female,1,No,No,11,No,Yes,No,No,Yes,No,Month-to-month,Yes,Bank transfer,51.57,573.37,1,Yes
CUST00275,Male,0,No,No,40,Yes,No phone service,Fiber optic,No,No,Yes,Month-to-month,Yes,Electronic check,101.15,4056.69,2,Yes
CUST00276,Female,0,Yes,No,24,Yes,Yes,No,Yes,No,No internet service,One year,No,Mailed check,29.23,737.38,0,No
CUST00277,Male,0,No,Yes,2,Yes,Yes,No,No,No internet service,No internet service,Month-to-month,Yes,Bank transfer,87.65,190.96,1,Yes
CUST00278,Female,0,Yes,No,2,Yes,No phone service,Fiber optic,No internet service,Yes,No,Month-to-month,Yes,Bank transfer,59.47,127.1,2,Yes
CUST00279,Male,0,No,No,27,Yes,No,Fiber optic,No,No,Yes,Month-to-month,No,Bank transfer,77.95,2133.52,2,Yes
CUST00280,Female,1,Yes,Yes,22,Yes,No phone service,Fiber optic,Yes,Yes,No,One year,Yes,Credit card,38.96,867.87,1,Yes
CUST00281,Female,0,No,No,47,Yes,No,Fiber optic,Yes,No internet service,No internet service,Month-to-month,Yes,Credit card,80.19,3782.48,1,No
CUST00282,Female,1,No,No,66,Yes,No,No,No internet service,No,No internet service,One year,Yes,Credit card,86.75,5756.57,1,No
CUST00283,Female,0,No,No,41,Yes,Yes,Fiber optic,No,No internet service,No internet service,Month-to-month,Yes,Bank transfer,25.16,1068.55,0,No
CUST00284,Male,0,No,No,39,Yes,Yes,DSL,No internet service,No internet service,No internet service,Month-to-month,No,Electronic check,102.08,4018.1,0,Yes
CUST00285,Female,0,Yes,Yes,5,Yes,Yes,Fiber optic,No internet service,Yes,Yes,Month-to-month,Yes,Mailed check,105.85,553.36,1,Yes
CUST00286,Male,1,Yes,No,19,Yes,No,No,No internet service,No internet service,No internet service,Month-to-month,Yes,Credit card,24.48,487.83,1,No
CUST00287,Male,0,Yes,No,10,Yes,No,Fiber optic,No internet service,No internet service,No,Month-to-month,Yes,Electronic check,79.53,834.68,1,Yes
CUST00288,Male,0,Yes,No,26,Yes,No phone service,Fiber optic,No,Yes,Yes,Month-to-month,Yes,Credit card,78.59,2052.99,1,No
CUST00289,Male,0,Yes,No,20,Yes,Yes,Fiber optic,Yes,Yes,Yes,Two year,No,Credit card,19.27,393.01,1,No
CUST00290,Female,0,Yes,No,12,Yes,Yes,Fiber optic,Yes,No internet service,No internet service,One year,Yes,Bank transfer,52.92,668.27,1,No
CUST00291,Male,0,Yes,Yes,34,No,No,Fiber optic,No,No,Yes,Month-to-month,No,Bank transfer,116.83,3992.7,2,Yes
CUST00292,Male,0,No,No,46,Yes,Yes,Fiber optic,No internet service,No,No internet service,Month-to-month,Yes,Credit card,74.66,3469.86,0,No
CUST00293,Male,0,No,No,27,Yes,No,Fiber optic,No,Yes,Yes,Two year,No,Mailed check,113.19,3068.96,0,No
CUST00294,Female,0,No,No,20,Yes,No phone service,Fiber optic,No internet service,No internet service,Yes,One year,Yes,Credit card,86.92,1754.64,1,No
CUST00295,Female,0,No,No,17,No,No phone service,Fiber optic,No internet service,No,No,Month-to-month,Yes,Mailed check,20.9,400.13,4,Yes
CUST00296,Female,0,Yes,No,30,Yes,Yes,Fiber optic,No,Yes,No,One year,No,Electronic check,25.93,798.98,2,No
CUST00297,Female,0,Yes,No,59,Yes,No phone service,DSL,No,Yes,No,One year,No,Credit card,91.66,5437.49,1,No
CUST00298,Male,0,Yes,Yes,36,No,Yes,DSL,No internet service,Yes,Yes,One year,Yes,Mailed check,74.57,2689.85,1,No
CUST00299,Male,0,No,No,20,Yes,Yes,DSL,No internet service,No internet service,No,Month-to-month,Yes,Electronic check,30.97,628.34,1,Yes
CUST00300,Female,0,Yes,No,13,Yes,No,Fiber optic,No internet service,Yes,No,Month-to-month,Yes,Electronic check,80.63,1049.98,5,Yes
CUST00301,Male,1,No,No,59,Yes,No,DSL,No internet service,No,No,Month-to-month,No,Bank transfer,100.65,5959.57,2,No
CUST00302,Male,0,Yes,No,22,Yes,Yes,Fiber optic,No,No internet service,Yes,Two year,Yes,Electronic check,94.8,2135.05,0,No
CUST00303,Male,0,Yes,No,28,Yes,No phone service,DSL,Yes,No,No internet service,One year,No,Bank transfer,43.11,1250.77,1,No
CUST00304,Female,0,Yes,No,46,Yes,No phone service,Fiber optic,Yes,No,No,Month-to-month,No,Electronic check,44.34,2071.29,1,No
CUST00305,Female,0,Yes,No,29,Yes,Yes,Fiber optic,No internet service,No,Yes,Two year,No,Electronic check,116.72,3427.93,0,No
CUST00306,Male,0,No,No,37,Yes,Yes,Fiber optic,Yes,No internet service,Yes,Two year,Yes,Mailed check,108.52,4044.95,2,No
CUST00307,Female,0,No,No,26,No,No phone service,Fiber optic,Yes,No,No internet service,Two year,Yes,Mailed check,50.47,1330.66,3,Yes
CUST00308,Female,0,Yes,No,14,Yes,No phone service,DSL,Yes,Yes,No,Two year,No,Bank transfer,102.05,1437.38,1,No
CUST00309,Female,0,No,No,58,Yes,No,No,Yes,Yes,Yes,Two year,No,Credit card,34.5,2033.65,1,No
CUST00310,Female,0,Yes,No,2,No,No,DSL,Yes,No,Yes,Month-to-month,No,Mailed check,38.08,85.81,1,No
CUST00311,Female,0,Yes,No,9,Yes,No phone service,Fiber optic,Yes,Yes,Yes,Two year,Yes,Electronic check,36.48,349.19,2,Yes
CUST00312,Male,0,Yes,No,16,Yes,No,No,No internet service,No internet service,No internet service,Two year,No,Bank transfer,26.95,472.49,2,No
CUST00313,Female,0,Yes,No,10,Yes,No,Fiber optic,No internet service,No internet service,No,Month-to-month,Yes,Bank transfer,105.18,1058.26,0,No
CUST00314,Male,0,No,Yes,47,Yes,Yes,No,No internet service,Yes,Yes,Month-to-month,Yes,Bank transfer,77.04,3627.33,2,No
CUST00315,Male,0,Yes,Yes,4,Yes,No,DSL,No,Yes,Yes,Two year,No,Electronic check,44.41,188.86,1,No
CUST00316,Female,1,Yes,No,68,Yes,No,Fiber optic,Yes,No internet service,Yes,Month-to-month,Yes,Mailed check,104.56,7137.68,3,Yes
CUST00317,Male,0,No,No,63,Yes,Yes,Fiber optic,Yes,No,Yes,Two year,No,Credit card,99.87,6304.4,0,No
CUST00318,Male,0,Yes,No,13,Yes,No phone service,DSL,No,No internet service,No,Month-to-month,Yes,Bank transfer,28.3,393.06,2,Yes
CUST00319,Male,0,No,No,49,Yes,No,Fiber optic,Yes,No,No,Month-to-month,Yes,Electronic check,83.7,4116.4,2,No
CUST00320,Female,0,Yes,Yes,25,Yes,No,Fiber optic,No internet service,Yes,Yes,Month-to-month,Yes,Mailed check,91.63,2316.06,1,Yes
CUST00321,Female,0,Yes,No,71,Yes,No phone service,Fiber optic,No internet service,Yes,Yes,Month-to-month,Yes,Mailed check,91.01,6475.59,0,Yes
CUST00322,Male,0,Yes,No,68,Yes,No,No,No,No,Yes,One year,Yes,Credit card,91.76,6288.68,1,No
CUST00323,Female,0,Yes,No,6,Yes,No phone service,DSL,No internet service,No,No internet service,One year,No,Bank transfer,35.28,236.32,2,No
CUST00324,Female,0,Yes,No,15,No,Yes,DSL,No,No internet service,No internet service,Month-to-month,No,Electronic check,50.14,789.28,1,No
CUST00325,Female,0,Yes,Yes,54,No,No phone service,Fiber optic,No internet service,No,No internet service,Month-to-month,Yes,Mailed check,104.11,5656.97,0,Yes
CUST00326,Female,0,No,Yes,55,Yes,No phone service,Fiber optic,Yes,Yes,Yes,Month-to-month,Yes,Electronic check,109.64,6054.73,1,No
CUST00327,Male,0,Yes,No,3,No,No phone service,Fiber optic,No internet service,Yes,No internet service,Month-to-month,No,Mailed check,46.48,151.38,0,Yes
CUST00328,Male,1,No,No,47,No,Yes,Fiber optic,No,Yes,No,One year,No,Bank transfer,20.35,981.99,1,No
CUST00329,Female,0,No,No,16,Yes,No phone service,DSL,Yes,No,No internet service,Month-to-month,No,Bank transfer,105.7,1725.25,3,No
CUST00330,Female,0,Yes,Yes,35,Yes,No phone service,Fiber optic,No,No,Yes,Month-to-month,No,Credit card,56.46,1999.1,1,No
CUST00331,Male,1,No,Yes,69,No,Yes,No,Yes,Yes,No,Month-to-month,Yes,Mailed check,51.61,3565.19,2,No
CUST00332,Male,0,Yes,No,37,Yes,No,Fiber optic,Yes,No,Yes,Month-to-month,Yes,Electronic check,53.39,1976.33,1,No
CUST00333,Female,0,No,No,61,Yes,No,Fiber optic,No internet service,No internet service,No,Month-to-month,Yes,Mailed check,60.4,3700.79,0,No
CUST00334,Male,0,Yes,No,47,Yes,No phone service,DSL,No internet service,No internet service,No internet service,Month-to-month,Yes,Electronic check,56.58,2666.77,0,No
CUST00335,Female,0,No,Yes,9,Yes,Yes,DSL,Yes,No,No internet service,Two year,No,Credit card,75.78,727.33,1,Yes
CUST00336,Female,0,No,No,35,Yes,Yes,DSL,No internet service,No,No,Two year,Yes,Mailed check,26.05,920.54,3,No
CUST00337,Male,0,Yes,Yes,28,Yes,No phone service,Fiber optic,No internet service,Yes,No,Two year,No,Bank transfer,117.1,3298.51,2,No
CUST00338,Male,0,No,Yes,3,Yes,No phone service,No,No,No,Yes,Month-to-month,No,Electronic check,113.52,376.16,3,Yes
CUST00339,Female,1,Yes,No,43,Yes,No,Fiber optic,No internet service,Yes,No,Month-to-month,No,Bank transfer,113.31,4913.1,1,Yes
CUST00340,Female,0,Yes,Yes,55,Yes,No,DSL,Yes,No internet service,Yes,Month-to-month,No,Credit card,107.69,5946.84,3,No
CUST00341,Male,0,Yes,Yes,41,Yes,No phone service,DSL,No internet service,No,No,One year,Yes,Credit card,85.35,3508.41,0,No
CUST00342,Female,0,Yes,No,12,Yes,Yes,Fiber optic,Yes,No internet service,No,Two year,No,Electronic check,40.55,500.14,1,Yes
CUST00343,Male,0,Yes,No,45,Yes,No phone service,Fiber optic,Yes,No,No internet service,Month-to-month,Yes,Mailed check,23.05,1058.2,1,No
CUST00344,Female,0,No,No,32,Yes,Yes,Fiber optic,No,No,No internet service,Month-to-month,Yes,Bank transfer,28.13,918.39,0,No
CUST00345,Male,1,No,No,20,No,No,Fiber optic,Yes,Yes,Yes,One year,No,Bank transfer,51.05,1038.43,0,No
CUST00346,Male,0,No,Yes,56,Yes,No phone service,Fiber optic,Yes,Yes,Yes,Two year,Yes,Electronic check,69.4,3892.99,2,No
CUST00347,Male,0,Yes,Yes,68,Yes,Yes,DSL,No,No,Yes,Two year,No,Electronic check,119.31,8158.75,3,No
CUST00348,Female,0,No,No,69,Yes,No,DSL,Yes,No,No,One year,No,Electronic check,62.42,4308.47,0,No
CUST00349,Female,1,No,No,66,Yes,No phone service,DSL,No,Yes,No,Two year,No,Credit card,71.51,4741.66,1,No
CUST00350,Male,0,No,No,47,Yes,No phone service,DSL,Yes,No internet service,Yes,Month-to-month,Yes,Credit card,88.91,4227.79,1,No
CUST00351,Female,0,No,Yes,32,Yes,No,DSL,No internet service,No,No,Two year,No,Bank transfer,36.43,1198.75,1,No
CUST00352,Male,0,No,No,35,Yes,No phone service,DSL,No,Yes,No internet service,Two year,Yes,Mailed check,113.15,3978.02,0,No
CUST00353,Male,1,Yes,Yes,32,Yes,No,Fiber optic,No,No,No,Two year,No,Electronic check,71.96,2310.02,2,No
CUST00354,Female,1,Yes,No,30,No,Yes,Fiber optic,Yes,Yes,No internet service,Month-to-month,Yes,Credit card,46.18,1433.59,3,Yes
CUST00355,Female,1,No,No,20,Yes,No phone service,Fiber optic,No,No internet service,Yes,Month-to-month,No,Mailed check,113.38,2268.3,0,Yes
CUST00356,Male,0,Yes,No,26,Yes,No,No,Yes,No,No,Month-to-month,Yes,Electronic check,81.8,2160.87,4,Yes
CUST00357,Female,0,Yes,No,71,Yes,No,DSL,No,No,Yes,Month-to-month,Yes,Mailed check,67.34,4825.15,0,No
CUST00358,Female,0,No,No,61,Yes,Yes,No,No,No internet service,No internet service,Two year,Yes,Electronic check,77.18,4709.24,1,No
CUST00359,Male,1,No,No,25,Yes,No phone service,Fiber optic,No internet service,No,Yes,Month-to-month,Yes,Mailed check,94.33,2394.51,4,Yes
CUST00360,Male,0,Yes,No,65,No,No,Fiber optic,Yes,No,No internet service,Month-to-month,No,Bank transfer,33.76,2244.34,1,No
CUST00361,Female,0,No,Yes,11,Yes,No,Fiber optic,No internet service,No,No internet service,One year,Yes,Electronic check,106.21,1200.29,2,Yes
CUST00362,Male,0,Yes,No,21,Yes,No,DSL,No,Yes,Yes,Month-to-month,Yes,Electronic check,115.87,2454.0,1,Yes
CUST00363,Male,0,Yes,Yes,16,Yes,No phone service,No,Yes,Yes,No internet service,Month-to-month,Yes,Bank transfer,75.83,1257.0,1,Yes
CUST00364,Female,0,No,No,6,Yes,No phone service,DSL,No internet service,No,Yes,Month-to-month,Yes,Electronic check,87.59,553.25,1,Yes
CUST00365,Male,1,Yes,No,67,Yes,Yes,DSL,No,No internet service,Yes,One year,Yes,Electronic check,105.7,7119.37,2,No
CUST00366,Male,1,Yes,No,36,Yes,Yes,DSL,No internet service,No internet service,Yes,Month-to-month,No,Credit card,56.23,2053.67,2,No
CUST00367,Female,0,Yes,No,37,Yes,Yes,DSL,No,No,No internet service,Two year,Yes,Bank transfer,119.27,4414.9,2,No
CUST00368,Female,0,No,Yes,10,Yes,No phone service,DSL,No,Yes,No internet service,Month-to-month,Yes,Credit card,87.41,884.76,1,Yes
CUST00369,Male,0,No,No,0,Yes,No,DSL,Yes,Yes,No,Two year,Yes,Bank transfer,61.25,3.94,1,No
CUST00370,Male,0,No,No,24,Yes,No phone service,DSL,Yes,No,Yes,Month-to-month,Yes,Mailed check,87.09,2095.49,3,Yes
CUST00371,Female,0,No,No,41,Yes,No phone service,No,Yes,Yes,Yes,Month-to-month,Yes,Bank transfer,71.21,2920.38,1,Yes
CUST00372,Female,0,Yes,No,51,Yes,No phone service,DSL,No,Yes,Yes,Month-to-month,Yes,Bank transfer,29.39,1519.95,1,Yes
CUST00373,Female,0,No,No,23,Yes,Yes,DSL,No internet service,No internet service,Yes,Month-to-month,No,Credit card,99.18,2290.07,0,Yes
CUST00374,Female,1,No,No,52,Yes,No,Fiber optic,Yes,No,Yes,Month-to-month,Yes,Electronic check,75.57,3972.42,1,Yes
CUST00375,Male,0,No,Yes,55,Yes,No phone service,No,Yes,Yes,Yes,Month-to-month,Yes,Bank transfer,99.18,5492.4,3,No
CUST00376,Female,0,No,Yes,62,Yes,Yes,DSL,Yes,Yes,Yes,Month-to-month,Yes,Electronic check,33.8,2124.26,2,No
CUST00377,Female,0,Yes,No,7,Yes,No phone service,DSL,Yes,Yes,No,One year,No,Bank transfer,72.91,534.82,3,No
CUST00378,Male,0,Yes,No,58,Yes,No,No,No,No,No,Month-to-month,No,Credit card,96.2,5592.39,1,No
CUST00379,Female,0,Yes,No,44,Yes,Yes,DSL,No internet service,No,Yes,Month-to-month,Yes,Bank transfer,118.81,5251.39,1,No
CUST00380,Male,0,No,No,26,Yes,No phone service,Fiber optic,No,Yes,Yes,One year,No,Mailed check,108.21,2845.52,0,No
CUST00381,Female,0,No,No,51,Yes,Yes,DSL,No,No internet service,No,Two year,Yes,Bank transfer,106.16,5453.27,0,No
CUST00382,Female,1,Yes,No,17,Yes,No,No,No,No internet service,No,Month-to-month,Yes,Bank transfer,43.24,739.16,0,No
CUST00383,Female,0,No,Yes,15,No,No,No,Yes,No,Yes,Month-to-month,Yes,Electronic check,103.47,1587.47,1,Yes
CUST00384,Male,0,No,Yes,65,Yes,Yes,No,No internet service,No internet service,Yes,Two year,Yes,Electronic check,35.27,2329.69,2,No
CUST00385,Male,0,Yes,No,4,Yes,No phone service,DSL,No,Yes,No,Month-to-month,Yes,Mailed check,38.21,180.79,4,No
CUST00386,Female,0,Yes,No,2,Yes,No,Fiber optic,No,No,No,Two year,Yes,Bank transfer,29.23,69.18,1,No
CUST00387,Male,0,No,No,69,Yes,No,DSL,No,No,Yes,Month-to-month,Yes,Electronic check,105.47,7304.39,1,No
CUST00388,Male,0,No,No,6,Yes,No phone service,No,Yes,No internet service,No,Two year,Yes,Bank transfer,29.04,199.38,1,No
CUST00389,Male,0,No,Yes,49,Yes,Yes,No,Yes,No,Yes,Month-to-month,Yes,Credit card,32.09,1596.2,3,No
CUST00390,Male,1,Yes,No,13,Yes,Yes,Fiber optic,No,No internet service,No internet service,Two year,Yes,Credit card,43.08,583.07,1,No
CUST00391,Male,0,Yes,Yes,37,Yes,No phone service,Fiber optic,Yes,No internet service,Yes,Month-to-month,No,Mailed check,76.41,2832.71,1,Yes
CUST00392,Male,0,Yes,No,46,No,No,DSL,No internet service,Yes,Yes,One year,Yes,Credit card,107.78,4967.02,1,No
CUST00393,Female,0,Yes,No,32,Yes,No,Fiber optic,Yes,No internet service,Yes,Month-to-month,No,Electronic check,60.66,1945.99,1,No
CUST00394,Female,0,No,No,42,Yes,No phone service,Fiber optic,No,No internet service,No,Month-to-month,No,Electronic check,73.72,3108.36,2,Yes
CUST00395,Male,0,Yes,No,28,No,No phone service,Fiber optic,No internet service,No,Yes,One year,Yes,Mailed check,34.98,992.61,3,No
CUST00396,Female,0,Yes,Yes,56,Yes,Yes,Fiber optic,Yes,Yes,Yes,Month-to-month,Yes,Bank transfer,45.13,2539.53,3,Yes
CUST00397,Female,0,No,No,4,Yes,Yes,DSL,No,Yes,No,Two year,Yes,Electronic check,31.66,137.19,0,No
CUST00398,Female,0,No,No,59,Yes,No phone service,No,No internet service,No internet service,No internet service,Month-to-month,Yes,Credit card,59.81,3565.56,2,No
CUST00399,Female,0,No,No,69,Yes,No,No,No internet service,No,No internet service,Two year,Yes,Electronic check,78.21,5437.42,2,No
CUST00400,Male,0,Yes,No,1,Yes,Yes,No,No internet service,No,No,Month-to-month,Yes,Mailed check,46.97,63.33,0,Yes
CUST00401,Female,0,No,No,69,Yes,No phone service,Fiber optic,Yes,No,Yes,Two year,Yes,Credit card,104.29,7211.27,1,No
CUST00402,Female,0,No,No,42,Yes,No,Fiber optic,No internet service,Yes,No internet service,Two year,No,Credit card,118.09,5001.98,2,No
CUST00403,Male,0,Yes,Yes,3,Yes,Yes,DSL,Yes,Yes,No internet service,Month-to-month,Yes,Credit card,30.26,121.98,0,No
CUST00404,Male,0,Yes,No,55,Yes,No phone service,No,No,No internet service,No,Two year,No,Mailed check,19.82,1104.77,1,No
CUST00405,Female,0,No,Yes,58,Yes,No phone service,Fiber optic,Yes,No internet service,No internet service,Two year,Yes,Mailed check,98.56,5752.16,2,No
CUST00406,Female,0,Yes,No,8,Yes,No,Fiber optic,Yes,No,No internet service,Month-to-month,No,Bank transfer,37.45,316.83,4,Yes
CUST00407,Female,1,No,No,2,Yes,No,Fiber optic,No,No internet service,No,One year,Yes,Bank transfer,54.02,137.37,3,No
CUST00408,Female,0,No,No,47,Yes,No phone service,No,Yes,No,No internet service,Month-to-month,Yes,Bank transfer,58.21,2785.5,6,Yes
CUST00409,Female,0,Yes,No,42,Yes,No,DSL,Yes,Yes,Yes,Two year,No,Mailed check,111.49,4697.66,2,No
CUST00410,Female,0,No,No,0,Yes,No phone service,DSL,No,No internet service,No,Month-to-month,No,Credit card,85.2,46.53,3,Yes
CUST00411,Male,0,Yes,Yes,56,Yes,No,Fiber optic,No internet service,No,Yes,Month-to-month,Yes,Credit card,22.14,1255.87,1,No
CUST00412,Female,1,Yes,No,52,Yes,No,No,No,Yes,Yes,Month-to-month,Yes,Electronic check,19.51,1041.53,2,No
CUST00413,Female,1,Yes,No,15,Yes,Yes,Fiber optic,No internet service,No,No,One year,No,Bank transfer,38.36,598.4,1,No
CUST00414,Male,0,No,No,50,Yes,Yes,Fiber optic,Yes,No internet service,No internet service,Two year,No,Credit card,50.45,2561.66,1,No
CUST00415,Male,0,Yes,Yes,54,No,No,Fiber optic,No,No,No,Two year,Yes,Credit card,67.42,3643.73,2,No
CUST00416,Male,0,Yes,No,0,Yes,No phone service,Fiber optic,No internet service,Yes,No internet service,Month-to-month,Yes,Credit card,103.46,31.36,3,Yes
CUST00417,Male,1,No,No,27,Yes,No,Fiber optic,Yes,No internet service,Yes,Month-to-month,No,Credit card,50.11,1391.0,3,Yes
CUST00418,Female,0,No,No,52,Yes,Yes,Fiber optic,Yes,Yes,No internet service,One year,Yes,Mailed check,56.41,2956.93,1,No
CUST00419,Female,0,No,No,57,Yes,No phone service,DSL,Yes,No internet service,Yes,One year,No,Bank transfer,51.59,2945.89,3,No
CUST00420,Female,0,No,No,72,Yes,No,No,No internet service,No,Yes,Month-to-month,Yes,Credit card,18.91,1373.76,0,No
CUST00421,Female,0,Yes,No,59,Yes,No,Fiber optic,No internet service,Yes,Yes,Month-to-month,No,Credit card,115.43,6844.35,1,Yes
CUST00422,Female,0,Yes,No,58,Yes,No,Fiber optic,No internet service,Yes,No,Month-to-month,No,Credit card,32.18,1911.21,3,No
CUST00423,Female,0,Yes,Yes,21,Yes,No,DSL,Yes,No,No internet service,Month-to-month,No,Credit card,47.34,1015.22,2,Yes
CUST00424,Male,0,No,Yes,7,Yes,Yes,DSL,No internet service,Yes,No internet service,One year,Yes,Electronic check,31.19,246.35,3,Yes
CUST00425,Female,0,No,No,48,Yes,Yes,No,No,Yes,No internet service,Month-to-month,Yes,Credit card,68.04,3277.34,0,No
CUST00426,Male,0,Yes,Yes,41,Yes,Yes,DSL,No internet service,Yes,Yes,Two year,Yes,Credit card,113.08,,3,No
CUST00427,Male,0,No,No,26,Yes,Yes,Fiber optic,No internet service,Yes,No,Month-to-month,No,Credit card,28.27,751.86,2,Yes
CUST00428,Female,0,No,No,38,Yes,No phone service,Fiber optic,Yes,No,No internet service,Month-to-month,No,Electronic check,62.97,2425.64,2,Yes
CUST00429,Male,0,Yes,Yes,24,No,No phone service,Fiber optic,No,Yes,No internet service,Two year,Yes,Mailed check,20.28,535.95,1,No
CUST00430,Female,0,Yes,No,37,Yes,No phone service,DSL,No,Yes,No,One year,No,Electronic check,96.63,3615.98,4,Yes
CUST00431,Male,0,No,No,23,Yes,No,DSL,No,Yes,No internet service,Month-to-month,No,Credit card,83.41,1928.04,0,Yes
CUST00432,Female,0,No,No,23,Yes,No phone service,No,No internet service,No internet service,No,One year,Yes,Mailed check,89.37,2084.39,4,Yes
CUST00433,Male,0,No,No,59,Yes,Yes,Fiber optic,Yes,No internet service,No,Month-to-month,Yes,Credit card,66.18,3907.94,1,Yes
CUST00434,Female,0,Yes,No,49,Yes,Yes,DSL,No internet service,No,No internet service,Two year,No,Mailed check,110.58,5430.77,0,No
CUST00435,Female,0,Yes,No,65,Yes,No,DSL,Yes,No,No,Month-to-month,Yes,Credit card,59.77,3893.66,2,No
CUST00436,Female,0,Yes,No,13,Yes,No phone service,No,No,No,No,One year,No,Credit card,70.44,932.5,2,Yes
CUST00437,Female,0,Yes,No,52,Yes,No,DSL,No internet service,Yes,No internet service,Month-to-month,Yes,Mailed check,88.92,4657.78,2,Yes
CUST00438,Female,0,Yes,Yes,31,No,No,Fiber optic,Yes,No internet service,Yes,Month-to-month,No,Mailed check,71.1,2229.07,1,Yes
CUST00439,Male,0,No,Yes,47,Yes,No phone service,Fiber optic,No internet service,No internet service,No internet service,Two year,Yes,Credit card,37.31,1800.22,3,No
CUST00440,Male,0,No,No,38,Yes,No,No,Yes,No,No internet service,Two year,Yes,Electronic check,50.34,1923.56,1,No
CUST00441,Male,0,No,Yes,39,Yes,No phone service,Fiber optic,No,No internet service,Yes,Month-to-month,Yes,Electronic check,27.41,,0,Yes
CUST00442,Female,0,Yes,Yes,41,Yes,No phone service,Fiber optic,No internet service,No,No,Month-to-month,Yes,Electronic check,62.13,2563.82,1,Yes
CUST00443,Male,0,Yes,No,7,Yes,No,DSL,No,Yes,No internet service,Month-to-month,Yes,Electronic check,80.16,572.92,3,No
CUST00444,Female,0,Yes,Yes,25,Yes,Yes,No,No internet service,No internet service,Yes,One year,Yes,Mailed check,30.09,801.91,1,No
CUST00445,Female,0,No,No,11,Yes,No phone service,Fiber optic,No internet service,Yes,Yes,One year,No,Mailed check,82.32,924.88,1,No
CUST00446,Male,0,Yes,No,42,Yes,Yes,No,Yes,Yes,No internet service,One year,No,Electronic check,109.07,4627.97,1,No
CUST00447,Male,0,Yes,No,50,Yes,Yes,Fiber optic,Yes,No internet service,No internet service,Month-to-month,Yes,Bank transfer,52.45,2642.02,1,No
CUST00448,Female,0,No,No,62,Yes,No phone service,Fiber optic,Yes,No,Yes,Two year,No,Bank transfer,40.65,,3,No
CUST00449,Male,0,Yes,Yes,48,Yes,Yes,DSL,No,No internet service,No internet service,Month-to-month,Yes,Bank transfer,109.09,5242.28,2,No
CUST00450,Female,0,No,No,26,Yes,No,Fiber optic,No,Yes,Yes,Month-to-month,No,Credit card,88.58,2345.86,4,Yes
CUST00451,Female,0,Yes,No,8,No,No,DSL,No internet service,No,No internet service,One year,No,Electronic check,28.75,231.6,1,No
CUST00452,Female,0,Yes,No,38,Yes,Yes,Fiber optic,Yes,Yes,Yes,Two year,Yes,Credit card,59.63,2314.16,0,No
CUST00453,Female,0,No,No,64,Yes,No,DSL,No,No,No internet service,One year,No,Mailed check,86.76,5573.55,4,No
CUST00454,Female,0,No,No,70,Yes,No phone service,DSL,No internet service,No internet service,No internet service,One year,No,Mailed check,76.59,5373.67,0,No
CUST00455,Male,1,No,No,70,Yes,No phone service,DSL,No,Yes,No internet service,One year,Yes,Bank transfer,81.09,5707.17,0,No
CUST00456,Male,1,No,Yes,6,Yes,Yes,DSL,No internet service,No,No,Two year,No,Bank transfer,75.85,461.75,4,No
CUST00457,Female,0,No,No,71,Yes,No,No,Yes,No,No internet service,Month-to-month,No,Mailed check,99.4,7061.01,2,No
CUST00458,Female,0,No,No,66,Yes,Yes,Fiber optic,No internet service,No internet service,Yes,Month-to-month,Yes,Bank transfer,50.68,3386.27,1,No
CUST00459,Male,0,Yes,Yes,9,Yes,No,Fiber optic,No internet service,No,Yes,Two year,No,Bank transfer,90.26,833.57,1,No
CUST00460,Male,0,Yes,No,70,No,No phone service,DSL,Yes,No,No,Two year,No,Mailed check,119.09,8362.21,1,No
CUST00461,Female,0,No,Yes,52,Yes,No,Fiber optic,Yes,Yes,No,Month-to-month,Yes,Credit card,57.78,3013.39,3,No
CUST00462,Male,0,Yes,No,56,Yes,No,Fiber optic,No internet service,No internet service,No,Month-to-month,Yes,Bank transfer,98.69,5529.71,0,No
CUST00463,Female,0,No,No,26,Yes,Yes,No,No,No internet service,No internet service,Month-to-month,Yes,Credit card,43.1,1138.99,1,Yes
CUST00464,Male,0,Yes,Yes,53,Yes,No phone service,No,Yes,Yes,No internet service,Month-to-month,No,Bank transfer,46.75,2503.06,1,No
CUST00465,Female,0,No,No,3,Yes,No,Fiber optic,No internet service,Yes,Yes,Two year,No,Electronic check,113.36,378.35,1,Yes
CUST00466,Male,0,Yes,Yes,22,Yes,No phone service,Fiber optic,Yes,Yes,Yes,Month-to-month,Yes,Credit card,20.65,479.35,0,No
CUST00467,Female,0,Yes,No,47,Yes,No,DSL,Yes,No,No internet service,Two year,No,Credit card,40.18,1927.59,3,No
CUST00468,Male,0,Yes,Yes,41,Yes,No phone service,Fiber optic,No,No internet service,Yes,Month-to-month,No,Bank transfer,67.26,2763.43,4,No
CUST00469,Male,0,Yes,No,2,Yes,No,DSL,Yes,No internet service,No internet service,Month-to-month,No,Credit card,58.99,121.18,0,No
CUST00470,Female,0,Yes,No,2,Yes,No phone service,DSL,No internet service,No internet service,No,Month-to-month,Yes,Electronic check,82.18,172.3,3,Yes
CUST00471,Male,0,No,No,27,Yes,No,DSL,No internet service,No,No internet service,One year,Yes,Mailed check,37.66,1055.42,4,Yes
CUST00472,Female,0,No,No,62,Yes,No phone service,Fiber optic,Yes,No internet service,No internet service,One year,No,Electronic check,25.2,1600.37,1,No
CUST00473,Male,0,No,No,30,Yes,No,Fiber optic,Yes,No internet service,No internet service,One year,Yes,Mailed check,55.67,1677.17,1,Yes
CUST00474,Female,0,Yes,No,9,Yes,No,Fiber optic,No,No internet service,Yes,Month-to-month,No,Electronic check,71.48,644.87,0,Yes
CUST00475,Male,0,No,No,48,Yes,No phone service,Fiber optic,No,No internet service,No internet service,Month-to-month,No,Electronic check,75.32,3649.62,2,Yes
CUST00476,Female,1,Yes,No,20,Yes,Yes,DSL,No,Yes,No internet service,Month-to-month,Yes,Credit card,79.35,1629.76,3,Yes
CUST00477,Male,0,Yes,No,52,Yes,No,Fiber optic,No internet service,No,No internet service,Month-to-month,No,Electronic check,73.96,3883.63,1,Yes
CUST00478,Female,0,Yes,Yes,53,Yes,No,No,No,No internet service,No,One year,Yes,Bank transfer,43.07,2292.85,2,No
CUST00479,Male,1,No,No,56,Yes,Yes,No,No internet service,No internet service,No internet service,One year,Yes,Bank transfer,95.98,5404.07,0,No
CUST00480,Female,1,Yes,Yes,19,No,No,Fiber optic,No,No internet service,No internet service,One year,Yes,Bank transfer,26.95,549.92,0,No
CUST00481,Female,0,No,No,48,Yes,No phone service,Fiber optic,No internet service,No internet service,No internet service,Month-to-month,Yes,Bank transfer,38.23,1847.83,1,No
CUST00482,Female,0,No,No,6,Yes,Yes,Fiber optic,Yes,No internet service,Yes,Month-to-month,Yes,Credit card,93.42,586.91,4,Yes
CUST00483,Male,0,Yes,No,28,Yes,No,DSL,No internet service,Yes,No,Month-to-month,No,Bank transfer,46.53,1318.56,1,Yes
CUST00484,Female,0,Yes,Yes,47,Yes,No phone service,DSL,Yes,Yes,No,Month-to-month,No,Electronic check,68.33,3222.79,0,No
CUST00485,Male,0,No,Yes,12,Yes,No phone service,DSL,No internet service,No,No internet service,Two year,Yes,Bank transfer,51.37,664.92,2,No
CUST00486,Female,0,No,No,2,Yes,Yes,DSL,No internet service,No,No internet service,One year,No,Credit card,69.71,185.05,1,No
CUST00487,Male,0,No,No,1,Yes,Yes,Fiber optic,Yes,No internet service,Yes,Month-to-month,Yes,Mailed check,53.36,75.64,4,Yes
CUST00488,Female,0,No,No,15,Yes,Yes,No,No internet service,No internet service,No internet service,Month-to-month,Yes,Electronic check,119.41,1797.99,1,Yes
CUST00489,Male,0,No,No,5,Yes,No phone service,Fiber optic,No internet service,Yes,Yes,Two year,No,Electronic check,54.46,308.7,1,No
CUST00490,Male,0,No,No,44,No,No,Fiber optic,No,No,No internet service,One year,No,Credit card,81.96,3619.03,0,No
CUST00491,Female,0,Yes,No,70,Yes,No phone service,Fiber optic,Yes,No internet service,Yes,One year,No,Mailed check,108.61,7611.13,2,No
CUST00492,Male,0,No,Yes,4,Yes,No phone service,DSL,Yes,No internet service,No,Month-to-month,Yes,Bank transfer,83.07,351.36,0,No
CUST00493,Male,0,No,No,55,Yes,Yes,DSL,No,No internet service,No internet service,Month-to-month,No,Mailed check,75.72,4191.09,0,No
CUST00494,Female,0,No,Yes,70,Yes,No,Fiber optic,No,No,Yes,Two year,No,Electronic check,76.06,5329.07,3,Yes
CUST00495,Male,0,No,No,31,Yes,No phone service,Fiber optic,Yes,Yes,Yes,One year,No,Electronic check,68.64,2156.43,2,No
CUST00496,Male,0,Yes,Yes,48,Yes,Yes,No,Yes,Yes,No internet service,Month-to-month,Yes,Electronic check,100.37,4818.53,5,Yes
CUST00497,Male,1,Yes,No,12,Yes,Yes,Fiber optic,Yes,No internet service,Yes,Two year,Yes,Mailed check,23.14,322.27,1,Yes
CUST00498,Female,0,No,Yes,29,Yes,No,No,No,No internet service,No internet service,One year,No,Bank transfer,108.28,3186.16,3,No
CUST00499,Male,0,No,Yes,24,Yes,No,Fiber optic,No,No internet service,No internet service,Month-to-month,No,Electronic check,77.8,1903.85,1,Yes
CUST00500,Female,0,No,No,59,Yes,Yes,Fiber optic,No internet service,No internet service,Yes,Month-to-month,Yes,Credit card,104.59,6194.14,6,Yes
CUST00501,Male,0,Yes,Yes,58,Yes,No,Fiber optic,No,No internet service,Yes,Month-to-month,Yes,Bank transfer,19.06,1118.22,1,No
CUST00502,Male,0,Yes,Yes,27,Yes,No,DSL,No internet service,No,Yes,Month-to-month,Yes,Electronic check,106.67,2917.3,4,Yes
CUST00503,Male,1,Yes,No,57,Yes,No phone service,DSL,No internet service,Yes,No,One year,Yes,Bank transfer,30.25,1770.84,1,No
CUST00504,Female,0,Yes,Yes,19,Yes,No,DSL,No,No,No internet service,Month-to-month,Yes,Credit card,91.56,1747.57,1,Yes
CUST00505,Male,0,Yes,Yes,33,Yes,Yes,Fiber optic,No,No,No internet service,Two year,Yes,Mailed check,60.49,2019.46,4,No
CUST00506,Male,0,Yes,No,4,Yes,No,Fiber optic,No,No internet service,No,Two year,Yes,Electronic check,87.47,365.64,0,Yes
CUST00507,Female,0,No,No,59,Yes,No phone service,DSL,No,No,No,Month-to-month,Yes,Credit card,82.08,4860.56,2,Yes
CUST00508,Male,0,Yes,No,42,Yes,No,Fiber optic,Yes,Yes,Yes,Month-to-month,Yes,Electronic check,34.67,1476.43,0,Yes
CUST00509,Female,0,Yes,No,56,Yes,No phone service,DSL,No,No internet service,No internet service,Two year,Yes,Electronic check,70.49,3995.03,1,No
CUST00510,Female,0,No,No,56,Yes,No,Fiber optic,No internet service,Yes,No,One year,Yes,Mailed check,46.28,2604.61,0,No
CUST00511,Male,0,Yes,Yes,53,Yes,No,Fiber optic,No internet service,No,No,One year,No,Mailed check,75.16,4008.11,4,Yes
CUST00512,Female,0,No,No,44,Yes,Yes,Fiber optic,Yes,No internet service,No internet service,Month-to-month,Yes,Bank transfer,93.28,4151.89,1,Yes
CUST00513,Male,1,Yes,No,36,No,Yes,Fiber optic,Yes,Yes,No internet service,Month-to-month,No,Credit card,26.29,970.24,1,Yes
CUST00514,Female,0,No,No,47,Yes,No,DSL,No,Yes,No internet service,One year,Yes,Credit card,70.61,3361.85,3,No
CUST00515,Female,0,No,No,53,Yes,No,No,Yes,No internet service,Yes,Two year,No,Mailed check,81.0,4295.94,3,No
CUST00516,Male,0,No,Yes,47,Yes,No phone service,DSL,No,Yes,No,Month-to-month,Yes,Electronic check,48.13,2309.76,2,Yes
CUST00517,Female,0,No,No,5,Yes,No phone service,DSL,No,No internet service,Yes,Two year,Yes,Bank transfer,115.21,585.43,0,No
CUST00518,Female,1,No,No,33,Yes,Yes,DSL,Yes,No internet service,No internet service,Month-to-month,Yes,Mailed check,71.07,2394.31,1,No
CUST00519,Female,0,Yes,No,62,Yes,No,Fiber optic,Yes,No,No internet service,Two year,No,Bank transfer,36.62,2279.22,0,No
CUST00520,Female,0,Yes,Yes,47,Yes,No,Fiber optic,No internet service,Yes,No,One year,Yes,Bank transfer,28.99,1384.75,2,No
CUST00521,Female,1,No,Yes,22,Yes,No phone service,Fiber optic,Yes,No internet service,Yes,Month-to-month,Yes,Credit card,73.25,1626.93,2,Yes
CUST00522,Male,0,No,Yes,12,Yes,No,Fiber optic,Yes,No,Yes,One year,Yes,Bank transfer,56.27,696.9,3,Yes
CUST00523,Female,1,No,No,46,Yes,No,DSL,Yes,No,Yes,Month-to-month,No,Credit card,37.64,1743.97,0,No
CUST00524,Male,0,Yes,Yes,43,Yes,No,No,No internet service,No internet service,No internet service,Month-to-month,Yes,Electronic check,21.13,956.86,1,No
CUST00525,Female,0,No,Yes,31,Yes,No phone service,Fiber optic,No,No internet service,No,Month-to-month,Yes,Electronic check,75.79,2364.78,0,Yes
CUST00526,Male,0,No,No,25,Yes,No phone service,Fiber optic,No internet service,Yes,Yes,Month-to-month,Yes,Mailed check,79.06,2009.16,0,No
CUST00527,Male,0,No,Yes,52,Yes,No phone service,Fiber optic,Yes,Yes,No internet service,Month-to-month,Yes,Electronic check,32.46,1694.79,1,No
CUST00528,Female,1,No,No,13,Yes,No,DSL,Yes,Yes,No internet service,One year,No,Credit card,79.38,1073.16,2,No
CUST00529,Female,0,Yes,No,51,Yes,No phone service,DSL,Yes,No internet service,Yes,One year,Yes,Bank transfer,115.1,5897.23,1,No
CUST00530,Female,0,No,No,35,Yes,Yes,Fiber optic,No,No,No,Month-to-month,Yes,Bank transfer,117.79,4171.62,2,Yes
CUST00531,Male,0,No,No,7,Yes,Yes,DSL,No internet service,No,No,Two year,No,Electronic check,108.63,781.58,7,Yes
CUST00532,Female,0,Yes,No,39,Yes,No phone service,DSL,No internet service,No internet service,Yes,One year,No,Credit card,100.32,3922.25,1,No
CUST00533,Male,0,No,No,21,Yes,No phone service,No,No,Yes,No internet service,Two year,Yes,Bank transfer,39.36,843.86,5,No
CUST00534,Male,1,No,Yes,15,Yes,No,Fiber optic,No internet service,No,No internet service,One year,No,Electronic check,33.96,546.25,2,Yes
CUST00535,Male,0,Yes,Yes,59,Yes,No phone service,Fiber optic,No,No,Yes,Month-to-month,Yes,Credit card,63.38,3772.38,2,Yes
CUST00536,Female,0,Yes,Yes,59,Yes,No phone service,Fiber optic,No,Yes,No internet service,Month-to-month,Yes,Credit card,81.2,4829.72,0,No
CUST00537,Female,0,Yes,No,9,Yes,Yes,No,No internet service,No,No internet service,One year,No,Bank transfer,104.77,946.6,0,Yes
CUST00538,Male,0,No,No,24,Yes,Yes,DSL,No internet service,Yes,Yes,Month-to-month,No,Mailed check,41.66,1028.86,0,No
CUST00539,Male,0,No,No,30,Yes,Yes,No,No,No,No internet service,Month-to-month,Yes,Mailed check,66.92,2054.21,0,Yes
CUST00540,Female,0,Yes,No,20,Yes,Yes,Fiber optic,No internet service,No,Yes,Month-to-month,Yes,Credit card,84.04,1686.2,2,No
CUST00541,Male,1,Yes,Yes,32,Yes,No phone service,DSL,No,No,Yes,Month-to-month,Yes,Credit card,63.45,2035.12,2,No
CUST00542,Female,0,Yes,No,30,Yes,Yes,DSL,No internet service,Yes,Yes,Month-to-month,Yes,Electronic check,64.33,1965.73,2,No
CUST00543,Male,0,No,No,20,Yes,No,Fiber optic,No internet service,No,No internet service,Month-to-month,Yes,Credit card,40.96,834.96,0,No
CUST00544,Female,0,No,Yes,35,Yes,No,Fiber optic,No internet service,No,Yes,Month-to-month,Yes,Electronic check,118.64,4185.33,3,Yes
CUST00545,Male,1,Yes,No,64,Yes,No phone service,DSL,No internet service,No,No internet service,One year,No,Electronic check,66.47,4281.35,3,No
CUST00546,Female,0,No,Yes,3,Yes,No,Fiber optic,No internet service,No internet service,Yes,One year,No,Electronic check,72.34,266.32,1,No
CUST00547,Male,0,Yes,No,67,Yes,Yes,Fiber optic,Yes,No,No,Month-to-month,Yes,Credit card,40.29,2743.88,2,Yes
CUST00548,Female,0,No,No,3,Yes,Yes,Fiber optic,Yes,No,No internet service,Month-to-month,Yes,Credit card,70.44,245.22,1,Yes
CUST00549,Female,0,No,Yes,8,Yes,No,No,No internet service,Yes,No internet service,Month-to-month,Yes,Electronic check,44.05,365.48,0,No
CUST00550,Male,0,No,No,29,Yes,No phone service,No,No internet service,Yes,No internet service,Month-to-month,Yes,Bank transfer,38.64,1133.66,2,Yes
CUST00551,Male,0,No,No,44,Yes,Yes,Fiber optic,No internet service,No internet service,No,Month-to-month,Yes,Credit card,46.12,2073.39,0,Yes
CUST00552,Female,0,Yes,No,3,Yes,Yes,No,No,Yes,Yes,Month-to-month,No,Mailed check,18.28,84.11,1,No
CUST00553,Male,0,No,No,68,No,No,DSL,Yes,Yes,No,One year,Yes,Bank transfer,76.16,5218.34,1,No
CUST00554,Female,1,No,Yes,22,Yes,No phone service,DSL,No,Yes,Yes,Month-to-month,No,Mailed check,57.52,1287.93,4,Yes
CUST00555,Male,1,Yes,No,15,Yes,No phone service,Fiber optic,Yes,No internet service,Yes,Month-to-month,No,Credit card,109.67,1650.2,6,Yes
CUST00556,Female,0,No,No,21,Yes,No,Fiber optic,Yes,No internet service,Yes,Month-to-month,Yes,Bank transfer,22.15,481.78,5,Yes
CUST00557,Female,0,Yes,No,71,Yes,Yes,Fiber optic,No internet service,No,Yes,One year,Yes,Credit card,22.41,1599.17,0,No
CUST00558,Female,0,Yes,Yes,47,Yes,No,Fiber optic,No internet service,No,Yes,Two year,No,Credit card,108.36,,4,No
CUST00559,Female,0,No,No,61,Yes,No,DSL,No,Yes,No,One year,No,Bank transfer,30.92,1921.15,0,No
CUST00560,Female,0,No,No,59,Yes,No,DSL,No,No,No internet service,One year,No,Credit card,18.22,1079.4,2,No
CUST00561,Female,0,Yes,Yes,4,Yes,Yes,No,No internet service,No,No,Month-to-month,Yes,Bank transfer,36.25,176.07,1,No
CUST00562,Male,0,Yes,No,6,Yes,Yes,No,No internet service,No internet service,No internet service,Month-to-month,Yes,Credit card,102.04,655.95,0,Yes
CUST00563,Male,0,Yes,Yes,50,Yes,No,Fiber optic,Yes,No internet service,No internet service,Two year,Yes,Electronic check,99.88,5028.87,0,No
CUST00564,Male,0,No,No,64,Yes,No phone service,Fiber optic,Yes,No,No internet service,Month-to-month,No,Mailed check,52.69,3397.72,5,No
CUST00565,Female,0,Yes,Yes,8,Yes,No,Fiber optic,No internet service,No,No,Two year,No,Electronic check,86.14,704.71,2,No
CUST00566,Female,0,Yes,No,44,Yes,Yes,DSL,Yes,No,Yes,One year,No,Credit card,69.74,3112.91,3,No
CUST00567,Female,0,Yes,No,46,Yes,No phone service,Fiber optic,No,Yes,Yes,One year,Yes,Credit card,110.28,5094.02,2,No
CUST00568,Female,0,No,No,66,Yes,No phone service,Fiber optic,Yes,No internet service,No internet service,Month-to-month,No,Credit card,23.76,1610.93,2,No
CUST00569,Male,0,Yes,No,23,Yes,Yes,Fiber optic,No internet service,No,Yes,One year,Yes,Electronic check,100.94,2360.77,1,Yes
CUST00570,Male,0,No,No,9,Yes,Yes,DSL,Yes,No,Yes,Month-to-month,Yes,Credit card,35.4,359.41,4,Yes
CUST00571,Female,0,No,No,72,Yes,No,No,No internet service,Yes,No,Month-to-month,Yes,Bank transfer,57.95,4221.89,1,No
CUST00572,Male,0,Yes,Yes,47,Yes,Yes,No,Yes,No internet service,Yes,Month-to-month,No,Mailed check,37.58,1803.7,1,No
CUST00573,Male,0,No,Yes,34,Yes,No phone service,DSL,No,Yes,Yes,Two year,No,Credit card,89.67,3050.48,3,No
CUST00574,Female,1,Yes,No,53,Yes,No,Fiber optic,No,Yes,No,Month-to-month,Yes,Credit card,87.19,4631.34,1,Yes
CUST00575,Male,1,No,Yes,70,Yes,No,No,No internet service,No,Yes,Month-to-month,No,Mailed check,73.89,5174.06,1,No
CUST00576,Female,1,No,No,15,Yes,No phone service,DSL,No internet service,Yes,No internet service,Month-to-month,Yes,Mailed check,89.21,1347.65,0,No
CUST00577,Male,0,Yes,No,52,Yes,Yes,Fiber optic,No internet service,Yes,No,One year,Yes,Mailed check,83.24,4331.55,1,Yes
CUST00578,Female,0,Yes,Yes,39,Yes,No,Fiber optic,Yes,No,Yes,One year,Yes,Electronic check,97.2,3815.88,0,No
CUST00579,Female,1,Yes,No,19,Yes,No phone service,Fiber optic,Yes,No internet service,Yes,One year,Yes,Electronic check,42.42,807.39,0,No
CUST00580,Female,0,No,No,68,Yes,No phone service,No,Yes,No,No,Month-to-month,Yes,Credit card,61.75,4222.63,0,No
CUST00581,Female,0,No,No,44,Yes,No phone service,Fiber optic,No,No internet service,No internet service,Month-to-month,Yes,Mailed check,33.47,1517.62,1,No
CUST00582,Male,0,Yes,No,5,Yes,Yes,DSL,No internet service,Yes,No,One year,No,Credit card,61.82,346.53,2,No
CUST00583,Female,0,Yes,No,68,Yes,Yes,DSL,Yes,Yes,No internet service,Month-to-month,Yes,Credit card,89.57,6137.96,2,No
CUST00584,Female,1,No,Yes,48,Yes,Yes,DSL,No,No,No,Two year,No,Credit card,88.52,4260.29,3,No
CUST00585,Female,0,No,No,38,Yes,Yes,Fiber optic,No internet service,No,Yes,One year,Yes,Electronic check,90.36,3460.23,0,No
CUST00586,Male,0,No,No,1,Yes,No phone service,Fiber optic,No,No,No,Month-to-month,No,Mailed check,49.49,65.42,2,Yes
CUST00587,Female,0,Yes,No,38,Yes,No,DSL,No internet service,Yes,No,Month-to-month,No,Credit card,85.55,3275.59,1,Yes
CUST00588,Male,0,No,Yes,20,Yes,No phone service,Fiber optic,Yes,Yes,No internet service,Two year,No,Electronic check,55.48,1137.45,0,No
CUST00589,Female,0,Yes,Yes,39,Yes,No,Fiber optic,No,No internet service,No,Month-to-month,Yes,Bank transfer,114.34,4461.07,2,Yes
CUST00590,Male,0,No,No,53,Yes,No,DSL,No,No,No internet service,Month-to-month,No,Bank transfer,53.02,2821.72,2,Yes
CUST00591,Male,0,No,No,11,Yes,No,Fiber optic,No,Yes,No,One year,Yes,Credit card,79.51,909.85,3,No
CUST00592,Female,1,Yes,No,36,Yes,Yes,Fiber optic,No internet service,No internet service,Yes,Month-to-month,No,Credit card,94.51,3441.01,0,Yes
CUST00593,Male,0,Yes,No,37,Yes,No phone service,Fiber optic,No internet service,No,No,One year,Yes,Mailed check,110.45,4115.12,2,Yes
CUST00594,Female,0,Yes,No,14,Yes,No,DSL,No,No,Yes,Month-to-month,Yes,Mailed check,62.67,890.92,1,No
CUST00595,Female,0,No,No,6,Yes,No phone service,Fiber optic,No internet service,No internet service,No internet service,One year,Yes,Credit card,54.77,348.87,0,No
CUST00596,Female,0,No,Yes,49,Yes,Yes,No,No,No internet service,No internet service,Month-to-month,No,Electronic check,61.86,3035.94,1,No
CUST00597,Male,0,No,Yes,64,Yes,No,Fiber optic,Yes,No internet service,No internet service,Month-to-month,Yes,Credit card,51.02,3312.94,2,Yes
CUST00598,Male,0,Yes,Yes,66,Yes,Yes,Fiber optic,No,Yes,No internet service,Two year,No,Mailed check,84.7,5633.63,2,No
CUST00599,Female,0,No,No,43,Yes,Yes,Fiber optic,No,No,No,One year,No,Mailed check,113.14,4868.3,2,No
CUST00600,Female,0,Yes,No,30,Yes,No phone service,DSL,No internet service,No,No,Month-to-month,No,Electronic check,30.86,934.12,0,No
CUST00601,Male,1,Yes,No,42,Yes,No,Fiber optic,No internet service,No internet service,No,Month-to-month,Yes,Credit card,75.21,3187.87,1,Yes
CUST00602,Female,0,Yes,No,47,No,Yes,DSL,No internet service,Yes,Yes,One year,No,Mailed check,109.56,5160.94,2,No
CUST00603,Female,0,No,No,60,Yes,No phone service,DSL,Yes,No internet service,No,Month-to-month,Yes,Credit card,28.21,1739.32,0,No
CUST00604,Female,0,No,No,9,Yes,No,Fiber optic,Yes,Yes,Yes,Two year,Yes,Mailed check,68.37,653.11,1,No
CUST00605,Male,0,Yes,No,28,Yes,No,DSL,Yes,No,Yes,Two year,No,Bank transfer,106.25,2988.66,1,Yes
CUST00606,Male,0,No,Yes,47,Yes,Yes,Fiber optic,No internet service,No,No,One year,No,Bank transfer,109.85,5163.26,1,No
CUST00607,Male,1,Yes,Yes,61,Yes,Yes,DSL,No,Yes,Yes,Month-to-month,No,Bank transfer,70.46,4338.03,0,Yes
CUST00608,Female,1,Yes,No,12,Yes,Yes,DSL,No,No,No internet service,Month-to-month,Yes,Mailed check,20.55,267.8,2,No
CUST00609,Female,0,No,No,43,Yes,Yes,No,No,No,No,One year,Yes,Electronic check,28.78,1269.66,1,No
CUST00610,Female,1,Yes,No,46,Yes,No,No,No internet service,No internet service,No,Month-to-month,Yes,Bank transfer,77.85,3595.45,1,Yes
CUST00611,Male,0,Yes,No,63,Yes,Yes,DSL,No internet service,Yes,Yes,Month-to-month,Yes,Mailed check,30.63,1936.83,2,No
CUST00612,Female,0,No,No,52,Yes,Yes,Fiber optic,Yes,No,No,Month-to-month,Yes,Credit card,33.24,1762.25,0,No
CUST00613,Female,0,Yes,Yes,43,Yes,Yes,DSL,No internet service,No,No,Month-to-month,Yes,Bank transfer,96.76,4183.2,0,No
CUST00614,Female,1,Yes,Yes,27,Yes,No,Fiber optic,No,Yes,Yes,Month-to-month,No,Electronic check,94.57,2565.15,0,Yes
CUST00615,Female,0,Yes,Yes,1,No,No phone service,Fiber optic,Yes,No,No,Month-to-month,No,Electronic check,103.96,110.84,1,Yes
CUST00616,Male,0,Yes,No,56,Yes,No phone service,DSL,Yes,Yes,No,One year,No,Electronic check,28.78,1640.7,1,No
CUST00617,Male,0,Yes,Yes,56,Yes,No,Fiber optic,No internet service,Yes,No,Month-to-month,No,Credit card,38.21,2176.04,2,Yes
CUST00618,Female,0,Yes,No,33,Yes,No phone service,DSL,Yes,No internet service,Yes,Month-to-month,Yes,Credit card,102.96,3411.87,0,No
CUST00619,Male,0,Yes,No,57,Yes,No,DSL,Yes,Yes,No,Month-to-month,Yes,Electronic check,91.55,5255.11,0,No
CUST00620,Male,1,No,No,51,Yes,Yes,Fiber optic,No internet service,No internet service,No,One year,No,Electronic check,100.21,5119.87,0,No
CUST00621,Female,0,No,Yes,28,Yes,No phone service,Fiber optic,Yes,No,No,Month-to-month,Yes,Electronic check,118.95,3347.52,1,Yes
CUST00622,Female,0,Yes,No,34,No,No,Fiber optic,No,Yes,No internet service,One year,Yes,Credit card,106.17,3647.02,2,No
CUST00623,Male,1,Yes,No,47,Yes,No,Fiber optic,No internet service,No internet service,No,Two year,Yes,Credit card,71.09,3374.24,4,No
CUST00624,Female,0,No,No,32,Yes,Yes,Fiber optic,No,Yes,Yes,Month-to-month,Yes,Mailed check,49.7,1603.93,0,No
CUST00625,Male,1,No,No,72,Yes,No,Fiber optic,No,No,No internet service,Month-to-month,No,Bank transfer,76.11,5486.03,0,No
CUST00626,Female,0,No,Yes,8,No,No phone service,Fiber optic,No,No internet service,Yes,Month-to-month,No,Credit card,83.14,667.24,0,Yes
CUST00627,Male,0,No,No,47,Yes,Yes,Fiber optic,No,No internet service,No,Two year,No,Electronic check,52.2,2495.3,2,No
CUST00628,Female,0,No,No,66,Yes,No,Fiber optic,Yes,No internet service,No,One year,Yes,Bank transfer,96.64,6382.0,1,No
CUST00629,Male,1,Yes,No,35,Yes,Yes,Fiber optic,Yes,No,No,Two year,Yes,Credit card,27.46,966.84,0,No
CUST00630,Male,0,No,No,70,Yes,No,Fiber optic,No internet service,No internet service,No internet service,Month-to-month,No,Bank transfer,97.5,6836.89,1,No
CUST00631,Male,0,No,No,43,Yes,No phone service,Fiber optic,No internet service,No,No,Two year,Yes,Mailed check,21.26,936.46,3,No
CUST00632,Female,0,No,Yes,59,Yes,No phone service,Fiber optic,No,No,Yes,Month-to-month,Yes,Credit card,68.79,4098.1,2,No
CUST00633,Male,0,Yes,No,62,Yes,Yes,Fiber optic,No,Yes,No internet service,Month-to-month,No,Electronic check,105.87,6576.31,3,Yes
CUST00634,Male,0,Yes,No,4,Yes,No,Fiber optic,No internet service,No,Yes,Two year,No,Electronic check,26.82,134.46,2,No
CUST00635,Female,0,Yes,No,39,Yes,Yes,Fiber optic,No internet service,No internet service,Yes,Two year,No,Mailed check,70.81,2766.11,3,No
CUST00636,Female,1,Yes,No,18,Yes,Yes,No,No internet service,No internet service,Yes,Month-to-month,Yes,Mailed check,34.26,639.91,0,Yes
CUST00637,Male,0,Yes,No,46,Yes,No phone service,Fiber optic,No internet service,No,Yes,Month-to-month,Yes,Mailed check,109.27,5035.3,0,Yes
CUST00638,Male,0,Yes,No,64,Yes,Yes,No,No,No,Yes,Month-to-month,No,Mailed check,102.9,6596.16,1,No
CUST00639,Female,0,No,Yes,66,Yes,No,Fiber optic,No internet service,Yes,No,Month-to-month,Yes,Mailed check,113.26,7493.5,2,Yes
CUST00640,Female,1,Yes,No,17,Yes,No phone service,No,Yes,Yes,Yes,Month-to-month,No,Credit card,107.25,1861.32,0,No
CUST00641,Female,0,Yes,No,49,Yes,No,Fiber optic,No,No internet service,Yes,Two year,Yes,Credit card,93.13,4600.57,2,No
CUST00642,Female,0,No,No,29,Yes,Yes,No,Yes,No,No,One year,No,Bank transfer,36.86,,6,No
CUST00643,Female,0,Yes,No,65,Yes,No phone service,DSL,No internet service,No internet service,No internet service,One year,No,Mailed check,48.86,3181.83,0,No
CUST00644,Male,0,No,No,4,Yes,No,DSL,Yes,No,No,One year,Yes,Electronic check,68.68,288.75,1,Yes
CUST00645,Female,0,No,Yes,41,No,No,Fiber optic,No internet service,No internet service,No internet service,Month-to-month,Yes,Electronic check,78.07,3226.14,1,No
CUST00646,Male,0,Yes,No,4,No,Yes,No,Yes,No internet service,Yes,One year,No,Mailed check,97.78,434.59,1,No
CUST00647,Male,0,No,No,49,Yes,No,Fiber optic,No,No internet service,No,One year,No,Mailed check,41.15,2064.76,2,No
CUST00648,Male,0,No,No,57,Yes,Yes,DSL,Yes,No,No internet service,Month-to-month,Yes,Mailed check,31.08,1803.43,1,No
CUST00649,Female,0,No,No,7,Yes,Yes,Fiber optic,No,Yes,No internet service,One year,No,Mailed check,67.23,488.14,0,No
CUST00650,Male,0,No,No,30,Yes,Yes,Fiber optic,Yes,Yes,No,Month-to-month,Yes,Mailed check,34.1,1057.67,2,Yes
CUST00651,Male,0,Yes,Yes,11,Yes,Yes,DSL,Yes,No,No,Two year,Yes,Electronic check,88.76,993.17,1,No
CUST00652,Female,0,No,No,20,Yes,No phone service,Fiber optic,No,Yes,No,Two year,Yes,Bank transfer,76.71,1565.47,2,No
CUST00653,Male,0,Yes,No,61,Yes,No,No,No,No internet service,No,Month-to-month,No,Mailed check,93.59,5721.18,4,Yes
CUST00654,Male,0,No,Yes,32,Yes,No,No,No internet service,No,No,One year,Yes,Mailed check,24.47,796.39,1,No
CUST00655,Female,0,No,Yes,25,Yes,No phone service,DSL,No,No,Yes,Month-to-month,Yes,Mailed check,116.4,2913.76,2,No
CUST00656,Male,0,No,No,39,Yes,Yes,DSL,No,Yes,Yes,One year,No,Credit card,18.0,723.01,1,No
CUST00657,Male,0,Yes,Yes,64,Yes,Yes,Fiber optic,No internet service,Yes,No,Month-to-month,Yes,Electronic check,51.2,3307.71,0,No
CUST00658,Male,0,Yes,No,58,Yes,Yes,Fiber optic,No,No internet service,No,Month-to-month,Yes,Electronic check,87.32,5104.0,1,No
CUST00659,Female,0,Yes,Yes,14,Yes,Yes,DSL,No,No,Yes,Month-to-month,Yes,Bank transfer,22.6,356.92,0,No
CUST00660,Female,0,No,Yes,0,Yes,No phone service,Fiber optic,Yes,Yes,No internet service,One year,No,Credit card,26.5,49.62,1,No
CUST00661,Female,0,No,No,10,Yes,No,Fiber optic,No internet service,No,Yes,Month-to-month,Yes,Credit card,25.82,262.59,1,No
CUST00662,Male,0,No,No,54,Yes,Yes,No,No internet service,No internet service,No,Two year,No,Credit card,77.31,4199.4,0,No
CUST00663,Male,0,No,No,1,Yes,Yes,No,Yes,No internet service,No internet service,Month-to-month,No,Bank transfer,109.38,135.45,4,Yes
CUST00664,Female,1,Yes,No,64,Yes,Yes,DSL,No internet service,No internet service,No,Two year,No,Bank transfer,74.65,4817.83,2,No
CUST00665,Male,0,No,No,43,No,No,No,Yes,No,No internet service,One year,No,Bank transfer,79.56,3434.4,1,No
CUST00666,Male,1,Yes,No,15,Yes,No,Fiber optic,No,No,No,Month-to-month,Yes,Credit card,53.29,802.82,1,No
CUST00667,Female,0,No,No,21,Yes,No phone service,Fiber optic,No internet service,No,Yes,Month-to-month,Yes,Electronic check,19.91,433.8,0,No
CUST00668,Female,0,Yes,No,17,Yes,No,Fiber optic,No,No,No,One year,No,Credit card,20.2,392.6,2,No
CUST00669,Male,0,Yes,Yes,46,Yes,No,Fiber optic,No internet service,No,Yes,One year,No,Bank transfer,108.61,5041.03,0,No
CUST00670,Male,0,No,Yes,29,Yes,Yes,DSL,No,No internet service,No internet service,One year,Yes,Credit card,28.46,845.1,0,No
CUST00671,Male,0,No,No,9,Yes,No,Fiber optic,No internet service,No internet service,Yes,Month-to-month,Yes,Mailed check,119.98,1123.63,0,Yes
CUST00672,Female,0,Yes,No,57,Yes,Yes,DSL,No internet service,No internet service,No internet service,Month-to-month,Yes,Credit card,34.77,1983.53,0,Yes
CUST00673,Female,0,No,Yes,61,Yes,No phone service,Fiber optic,No,Yes,No,Two year,Yes,Credit card,86.81,5311.12,0,No
CUST00674,Female,1,No,Yes,5,Yes,Yes,DSL,Yes,No internet service,Yes,Month-to-month,Yes,Electronic check,114.79,610.29,0,Yes
CUST00675,Female,0,Yes,Yes,66,Yes,No phone service,DSL,No internet service,No,No internet service,Month-to-month,Yes,Electronic check,54.95,3637.77,1,Yes
CUST00676,Male,0,Yes,No,40,Yes,No,Fiber optic,Yes,No internet service,No internet service,Month-to-month,Yes,Electronic check,92.91,3726.32,2,No
CUST00677,Female,0,Yes,No,42,Yes,No phone service,Fiber optic,Yes,Yes,No internet service,One year,Yes,Mailed check,53.79,2302.27,0,No
CUST00678,Female,0,Yes,Yes,17,Yes,Yes,Fiber optic,Yes,Yes,No internet service,One year,Yes,Electronic check,49.1,865.5,1,No
CUST00679,Female,0,No,No,57,Yes,No,DSL,Yes,Yes,No,Month-to-month,No,Mailed check,38.58,2248.51,1,No
CUST00680,Female,0,Yes,No,59,Yes,No,No,Yes,Yes,No,Month-to-month,No,Bank transfer,101.74,6009.39,2,Yes
CUST00681,Female,0,Yes,No,26,Yes,Yes,Fiber optic,Yes,Yes,No,Month-to-month,No,Electronic check,44.25,1168.31,1,Yes
CUST00682,Male,0,Yes,Yes,67,Yes,No,DSL,No internet service,No,No internet service,Month-to-month,Yes,Credit card,46.88,3156.52,5,No
CUST00683,Male,0,No,No,21,Yes,Yes,Fiber optic,Yes,No internet service,No,Month-to-month,Yes,Credit card,119.89,2561.7,1,Yes
CUST00684,Female,0,Yes,No,23,Yes,No phone service,Fiber optic,No internet service,No,No internet service,Two year,No,Mailed check,51.39,1194.73,3,No
CUST00685,Male,0,No,No,39,Yes,No phone service,DSL,No internet service,No,No internet service,Month-to-month,No,Electronic check,61.12,2401.35,1,Yes
CUST00686,Female,1,Yes,Yes,65,Yes,No,Fiber optic,No internet service,Yes,No internet service,Month-to-month,Yes,Credit card,118.99,7741.49,1,No
CUST00687,Female,1,Yes,No,39,Yes,Yes,No,No,No internet service,Yes,Two year,Yes,Bank transfer,55.67,2209.9,2,No
CUST00688,Male,0,No,No,5,Yes,Yes,Fiber optic,Yes,No internet service,No,Month-to-month,Yes,Electronic check,55.35,288.64,2,Yes
CUST00689,Male,0,Yes,No,17,Yes,No phone service,DSL,No,No internet service,No,One year,Yes,Bank transfer,102.43,1744.73,2,No
CUST00690,Female,0,Yes,Yes,29,Yes,Yes,No,Yes,Yes,Yes,Month-to-month,Yes,Credit card,49.82,1466.54,2,No
CUST00691,Female,0,No,No,20,Yes,No,DSL,No,No,Yes,Month-to-month,No,Electronic check,41.85,856.57,1,Yes
CUST00692,Female,1,Yes,Yes,61,Yes,No,No,No internet service,No internet service,Yes,Two year,Yes,Mailed check,61.17,3740.25,0,No
CUST00693,Male,0,Yes,No,9,Yes,No phone service,DSL,No,No,Yes,One year,No,Credit card,89.47,811.91,2,No
CUST00694,Female,0,Yes,No,12,Yes,Yes,Fiber optic,No internet service,No internet service,No internet service,Month-to-month,No,Bank transfer,22.41,313.75,3,Yes
CUST00695,Female,0,Yes,No,8,Yes,No,Fiber optic,No,No internet service,No,One year,No,Electronic check,56.14,452.51,0,No
CUST00696,Female,0,No,No,67,Yes,No,DSL,Yes,No internet service,No,Two year,No,Bank transfer,53.32,3577.41,2,No
CUST00697,Male,0,Yes,No,38,Yes,No,Fiber optic,Yes,No internet service,No,Month-to-month,No,Bank transfer,42.97,1645.11,1,No
CUST00698,Female,1,No,No,23,Yes,Yes,Fiber optic,No,Yes,No internet service,Month-to-month,Yes,Mailed check,84.74,1996.66,1,No
CUST00699,Female,0,Yes,No,33,Yes,No phone service,DSL,No,Yes,No,Two year,No,Mailed check,47.58,1574.41,3,No
CUST00700,Male,0,No,Yes,60,No,No phone service,Fiber optic,Yes,No,Yes,Month-to-month,No,Credit card,79.89,4834.2,2,No
CUST00701,Female,1,Yes,No,40,Yes,No,Fiber optic,No,Yes,No,One year,Yes,Mailed check,69.44,2822.2,2,No
CUST00702,Female,0,No,No,4,Yes,No phone service,DSL,No,No internet service,No,One year,No,Mailed check,40.15,179.49,0,No
CUST00703,Male,0,Yes,No,49,Yes,No,No,Yes,No,No internet service,One year,No,Credit card,45.19,2229.0,1,Yes
CUST00704,Female,0,No,No,3,Yes,No,No,No internet service,No,Yes,Month-to-month,No,Credit card,35.4,140.07,2,No
CUST00705,Male,0,No,No,50,Yes,Yes,DSL,Yes,No,Yes,Month-to-month,Yes,Credit card,23.78,1224.13,0,No
CUST00706,Male,1,Yes,No,51,Yes,No,Fiber optic,Yes,No internet service,Yes,One year,Yes,Credit card,81.16,4178.16,2,No
CUST00707,Female,0,No,No,38,Yes,No,DSL,No,No internet service,No,Month-to-month,Yes,Bank transfer,86.62,3333.09,1,No
CUST00708,Female,1,Yes,No,7,Yes,Yes,Fiber optic,Yes,No,Yes,Month-to-month,Yes,Bank transfer,34.93,257.93,1,Yes
CUST00709,Female,0,Yes,No,44,Yes,Yes,No,Yes,Yes,Yes,Month-to-month,Yes,Credit card,80.77,3588.23,1,Yes
CUST00710,Female,1,Yes,No,27,No,No phone service,Fiber optic,No,No internet service,No,Month-to-month,Yes,Credit card,118.17,3197.34,1,Yes
CUST00711,Male,0,Yes,Yes,26,Yes,Yes,No,No,No internet service,No internet service,Two year,No,Electronic check,25.59,690.88,2,No
CUST00712,Female,0,Yes,Yes,64,Yes,No,Fiber optic,No internet service,Yes,No,Month-to-month,Yes,Electronic check,68.02,4383.92,2,Yes
CUST00713,Male,0,No,No,33,Yes,Yes,Fiber optic,Yes,No,No internet service,Two year,Yes,Electronic check,92.77,3069.5,2,No
CUST00714,Female,1,Yes,No,61,Yes,Yes,No,No internet service,Yes,No internet service,Month-to-month,Yes,Mailed check,22.69,1387.92,0,No
CUST00715,Female,0,Yes,No,61,Yes,No phone service,Fiber optic,No internet service,No internet service,Yes,One year,Yes,Bank transfer,97.38,5949.92,1,No
CUST00716,Female,0,Yes,No,37,Yes,Yes,Fiber optic,No internet service,No,Yes,Month-to-month,Yes,Bank transfer,117.91,4383.7,1,Yes
CUST00717,Male,0,Yes,Yes,25,Yes,No,Fiber optic,No internet service,No,No,One year,Yes,Electronic check,27.03,720.14,3,Yes
CUST00718,Female,0,Yes,No,23,No,No,DSL,Yes,Yes,No internet service,One year,Yes,Electronic check,101.87,2369.61,0,No
CUST00719,Female,1,Yes,Yes,38,Yes,No,DSL,Yes,No internet service,No,Month-to-month,Yes,Bank transfer,56.62,2188.98,1,No
CUST00720,Female,0,No,Yes,20,Yes,Yes,No,Yes,No internet service,Yes,Two year,Yes,Mailed check,32.7,662.71,1,No
CUST00721,Female,0,No,No,46,Yes,Yes,Fiber optic,No internet service,No,No internet service,Month-to-month,Yes,Electronic check,68.31,3147.56,3,Yes
CUST00722,Male,0,Yes,Yes,47,Yes,No,No,No,No internet service,Yes,One year,Yes,Credit card,25.29,1200.61,1,No
CUST00723,Female,0,No,No,12,Yes,Yes,DSL,Yes,No,Yes,Two year,Yes,Electronic check,71.25,870.69,1,No
CUST00724,Male,0,Yes,No,2,Yes,No phone service,Fiber optic,No internet service,No,Yes,Two year,Yes,Bank transfer,19.97,67.35,0,No
CUST00725,Male,0,Yes,No,31,Yes,No phone service,No,No internet service,No,No internet service,Two year,No,Bank transfer,92.32,2905.98,2,No
CUST00726,Male,0,Yes,Yes,34,Yes,No phone service,DSL,No internet service,No internet service,No internet service,Month-to-month,No,Electronic check,67.77,2325.48,1,Yes
CUST00727,Male,0,Yes,No,18,Yes,No phone service,DSL,No internet service,Yes,Yes,Month-to-month,Yes,Electronic check,64.81,1192.52,0,No
CUST00728,Male,0,Yes,Yes,13,Yes,No,Fiber optic,No internet service,No,No internet service,Month-to-month,Yes,Credit card,38.01,494.36,3,Yes
CUST00729,Male,0,No,No,47,Yes,Yes,Fiber optic,No internet service,Yes,Yes,Month-to-month,No,Credit card,54.85,2579.62,2,No
CUST00730,Female,0,No,No,67,Yes,No phone service,DSL,Yes,Yes,Yes,One year,Yes,Mailed check,36.55,2453.04,2,No
CUST00731,Male,0,No,No,44,Yes,No,No,No,Yes,Yes,Month-to-month,No,Mailed check,93.01,4127.39,2,Yes
CUST00732,Male,0,No,Yes,18,Yes,No phone service,No,Yes,Yes,No internet service,One year,No,Credit card,38.3,713.71,0,No
CUST00733,Male,1,Yes,No,63,Yes,Yes,Fiber optic,Yes,Yes,No,Month-to-month,No,Mailed check,80.91,5106.98,1,No
CUST00734,Female,1,No,No,65,Yes,No phone service,Fiber optic,No internet service,No,No,Month-to-month,No,Mailed check,46.52,3053.43,3,Yes
CUST00735,Female,0,Yes,Yes,65,Yes,No phone service,No,Yes,No internet service,No internet service,One year,No,Electronic check,85.01,5552.88,0,No
CUST00736,Male,0,No,No,44,Yes,No phone service,Fiber optic,No,Yes,No internet service,Month-to-month,No,Credit card,73.13,3222.16,2,Yes
CUST00737,Female,1,No,No,66,No,No phone service,DSL,No,No internet service,Yes,Two year,No,Electronic check,61.19,4070.56,5,No
CUST00738,Male,0,No,Yes,68,Yes,Yes,DSL,No internet service,No internet service,Yes,Month-to-month,No,Electronic check,86.65,5930.56,0,No
CUST00739,Male,0,No,Yes,2,Yes,No,DSL,No,No,No,One year,No,Mailed check,60.4,135.13,1,No
CUST00740,Female,0,Yes,No,37,Yes,No phone service,DSL,No internet service,Yes,Yes,Month-to-month,Yes,Electronic check,101.78,3800.23,0,No
CUST00741,Male,0,No,Yes,41,Yes,No,DSL,No,No internet service,No,Month-to-month,Yes,Bank transfer,92.42,3799.21,0,Yes
CUST00742,Female,0,No,Yes,39,Yes,Yes,Fiber optic,No,No internet service,No,One year,No,Mailed check,73.15,2890.69,0,No
CUST00743,Female,0,Yes,No,49,Yes,Yes,DSL,Yes,Yes,No internet service,Two year,Yes,Bank transfer,107.46,5311.13,1,No
CUST00744,Male,1,Yes,No,34,Yes,No phone service,DSL,No,No,No internet service,Month-to-month,No,Mailed check,102.54,3508.45,2,Yes
CUST00745,Male,1,No,No,23,No,No,Fiber optic,No internet service,No,No internet service,Month-to-month,No,Electronic check,72.25,1673.98,2,Yes
CUST00746,Female,0,Yes,No,16,Yes,No phone service,DSL,No,Yes,No,Month-to-month,No,Mailed check,24.98,419.64,0,No
CUST00747,Male,0,Yes,No,39,Yes,Yes,Fiber optic,No,No internet service,No internet service,Month-to-month,No,Bank transfer,75.73,2965.97,2,Yes
CUST00748,Male,0,Yes,Yes,65,Yes,No phone service,DSL,Yes,No,No,Two year,No,Mailed check,54.24,3525.66,2,No
CUST00749,Male,0,No,No,43,Yes,No phone service,No,No internet service,No,No internet service,One year,Yes,Bank transfer,73.09,3175.39,2,No
CUST00750,Female,0,Yes,No,22,Yes,No,No,No internet service,No internet service,No,Month-to-month,No,Credit card,84.01,1850.35,2,Yes
CUST00751,Female,0,No,Yes,5,Yes,Yes,Fiber optic,No internet service,No internet service,Yes,Month-to-month,Yes,Electronic check,83.77,429.37,2,Yes
CUST00752,Male,1,No,No,65,No,No phone service,Fiber optic,Yes,No internet service,Yes,One year,Yes,Bank transfer,86.7,5671.62,1,No
CUST00753,Female,0,No,No,20,Yes,No phone service,No,No,No internet service,No,Month-to-month,Yes,Credit card,87.29,1779.09,5,Yes
CUST00754,Female,0,No,Yes,34,Yes,No phone service,DSL,No internet service,Yes,No,One year,Yes,Electronic check,29.15,,2,No
CUST00755,Female,1,Yes,Yes,28,Yes,No,No,No,No internet service,Yes,Month-to-month,Yes,Credit card,37.55,1084.4,2,No
CUST00756,Female,0,No,No,6,No,Yes,Fiber optic,No,No,No,One year,Yes,Bank transfer,82.32,540.45,0,Yes
CUST00757,Female,0,Yes,No,52,No,No phone service,Fiber optic,No,No internet service,No,Month-to-month,No,Electronic check,59.63,3104.49,2,Yes
CUST00758,Male,0,No,No,36,Yes,No phone service,Fiber optic,Yes,No internet service,Yes,Two year,No,Credit card,95.81,3469.94,2,Yes
CUST00759,Male,0,Yes,No,22,Yes,No phone service,Fiber optic,No,Yes,No,Month-to-month,Yes,Bank transfer,30.74,712.75,4,Yes
CUST00760,Male,0,No,Yes,7,Yes,Yes,Fiber optic,Yes,Yes,No internet service,Month-to-month,Yes,Credit card,37.54,296.17,0,No
CUST00761,Female,0,Yes,Yes,47,Yes,No,Fiber optic,Yes,No internet service,Yes,Two year,No,Electronic check,74.96,3534.45,1,No
CUST00762,Female,0,No,Yes,9,Yes,No,Fiber optic,Yes,Yes,No internet service,Month-to-month,No,Electronic check,69.08,629.87,0,Yes
CUST00763,Male,1,No,Yes,23,Yes,No phone service,DSL,No internet service,Yes,No,Month-to-month,No,Electronic check,45.17,1078.12,1,No
CUST00764,Female,0,Yes,Yes,46,Yes,No phone service,Fiber optic,Yes,Yes,No,Month-to-month,Yes,Bank transfer,59.65,2791.71,1,No
CUST00765,Male,0,No,No,52,Yes,No,Fiber optic,No internet service,Yes,No internet service,Month-to-month,No,Credit card,21.57,1160.02,1,No
CUST00766,Male,0,No,No,38,Yes,No,DSL,Yes,No internet service,No,Two year,Yes,Credit card,21.78,875.8,3,No
CUST00767,Male,0,No,No,66,Yes,No,DSL,Yes,Yes,No,One year,No,Bank transfer,27.68,1857.13,1,No
CUST00768,Female,0,Yes,Yes,65,Yes,No phone service,DSL,Yes,Yes,No internet service,Month-to-month,Yes,Electronic check,76.83,,3,No
CUST00769,Female,0,No,No,5,No,No phone service,Fiber optic,Yes,No,No,One year,Yes,Mailed check,106.1,565.02,2,No
CUST00770,Male,0,No,No,20,Yes,No,Fiber optic,No,No internet service,Yes,Month-to-month,Yes,Electronic check,44.54,936.24,1,Yes
CUST00771,Male,0,Yes,Yes,72,Yes,No,DSL,No,Yes,No internet service,Two year,Yes,Mailed check,21.46,1553.2,0,No
CUST00772,Male,0,Yes,No,35,Yes,Yes,No,Yes,No,No internet service,Month-to-month,Yes,Electronic check,90.28,3200.58,1,Yes
CUST00773,Male,0,Yes,No,2,Yes,No phone service,Fiber optic,No,Yes,No internet service,One year,No,Bank transfer,105.25,220.34,0,Yes
CUST00774,Female,0,Yes,Yes,41,Yes,Yes,Fiber optic,No internet service,No internet service,No internet service,Month-to-month,No,Mailed check,32.09,1317.06,2,No
CUST00775,Female,1,Yes,No,44,No,No,DSL,No,No,Yes,Month-to-month,Yes,Bank transfer,57.35,2549.28,1,No
CUST00776,Male,0,No,Yes,43,Yes,No phone service,Fiber optic,No,No,No internet service,Month-to-month,Yes,Mailed check,34.19,1486.08,5,Yes
CUST00777,Male,0,No,No,32,Yes,No phone service,Fiber optic,No,No internet service,No internet service,Month-to-month,Yes,Credit card,28.85,925.38,0,Yes
CUST00778,Female,0,No,No,59,Yes,Yes,No,Yes,No,No,One year,No,Mailed check,84.11,5011.51,1,No
CUST00779,Female,0,Yes,No,69,Yes,Yes,Fiber optic,No internet service,No,No internet service,Month-to-month,Yes,Mailed check,116.69,8084.93,0,Yes
CUST00780,Male,0,No,Yes,25,Yes,Yes,Fiber optic,Yes,Yes,No,Two year,Yes,Mailed check,87.17,2224.34,2,No
CUST00781,Male,0,Yes,No,20,Yes,Yes,No,No internet service,No,No internet service,Month-to-month,Yes,Credit card,118.45,2418.95,5,No
CUST00782,Male,0,Yes,No,1,Yes,No phone service,DSL,Yes,No internet service,No internet service,One year,No,Bank transfer,62.31,81.91,3,No
CUST00783,Female,0,No,No,46,Yes,No,DSL,No,Yes,Yes,Two year,Yes,Credit card,109.58,5053.42,2,No
CUST00784,Female,0,Yes,No,29,Yes,No,Fiber optic,No internet service,No,No,One year,Yes,Mailed check,38.92,1137.87,1,No
CUST00785,Female,0,Yes,No,26,Yes,No,DSL,No,Yes,Yes,Two year,No,Electronic check,30.03,806.54,1,No
CUST00786,Male,0,No,No,70,Yes,Yes,DSL,No internet service,No internet service,No,Two year,No,Credit card,89.66,6306.5,3,No
CUST00787,Male,1,Yes,No,19,Yes,No,Fiber optic,No internet service,No,No internet service,Month-to-month,No,Electronic check,55.88,1085.34,2,Yes
CUST00788,Female,0,Yes,No,49,Yes,Yes,DSL,Yes,No internet service,Yes,One year,Yes,Credit card,50.4,2488.96,2,No
CUST00789,Female,0,No,No,22,Yes,Yes,Fiber optic,Yes,No internet service,No,Month-to-month,Yes,Credit card,86.47,1910.75,2,No
CUST00790,Male,0,Yes,No,12,Yes,No,No,No,No,No,Month-to-month,No,Mailed check,52.02,646.33,3,Yes
CUST00791,Female,0,Yes,No,3,Yes,No,DSL,No,No,Yes,Month-to-month,No,Bank transfer,76.4,233.46,3,Yes
CUST00792,Female,0,No,No,13,Yes,No,DSL,No internet service,Yes,No,One year,Yes,Bank transfer,48.54,674.27,4,No
CUST00793,Male,0,No,No,19,Yes,No phone service,DSL,No internet service,No internet service,No internet service,Month-to-month,Yes,Mailed check,97.94,1863.21,0,No
CUST00794,Female,0,No,No,12,No,Yes,DSL,Yes,No,No,Month-to-month,Yes,Credit card,49.86,617.35,4,Yes
CUST00795,Male,0,No,No,2,Yes,No phone service,DSL,Yes,No internet service,No internet service,Month-to-month,Yes,Bank transfer,72.57,150.15,2,Yes
CUST00796,Male,0,Yes,Yes,46,Yes,No,DSL,Yes,No,No,Two year,No,Bank transfer,20.36,975.31,2,No
CUST00797,Male,0,Yes,No,2,Yes,No phone service,Fiber optic,Yes,No internet service,Yes,Month-to-month,No,Bank transfer,98.76,213.16,2,Yes
CUST00798,Male,0,No,No,0,Yes,No phone service,DSL,Yes,Yes,No internet service,Month-to-month,Yes,Mailed check,81.27,5.66,2,No
CUST00799,Male,0,Yes,Yes,23,Yes,No,Fiber optic,No internet service,No internet service,No,Month-to-month,Yes,Electronic check,37.61,891.6,1,Yes
CUST00800,Male,0,Yes,No,34,Yes,No,No,No internet service,No,No internet service,Two year,No,Electronic check,39.97,1404.79,2,No
CUST00801,Male,0,No,Yes,13,Yes,Yes,Fiber optic,No,Yes,Yes,Two year,Yes,Electronic check,44.77,627.44,3,No
CUST00802,Female,0,No,Yes,66,Yes,Yes,Fiber optic,No internet service,Yes,No,One year,No,Electronic check,76.81,5081.94,2,No
CUST00803,Male,0,Yes,Yes,12,Yes,No phone service,DSL,Yes,No,No,Two year,No,Electronic check,73.93,923.14,0,No
CUST00804,Male,0,No,No,46,Yes,No,Fiber optic,No internet service,Yes,No internet service,Month-to-month,No,Bank transfer,45.93,2114.29,0,No
CUST00805,Female,1,No,No,49,Yes,Yes,Fiber optic,No internet service,No internet service,Yes,Two year,Yes,Bank transfer,88.79,4357.3,0,No
CUST00806,Female,0,No,No,25,Yes,Yes,DSL,No internet service,No internet service,Yes,Month-to-month,Yes,Credit card,108.68,2741.97,2,No
CUST00807,Female,0,Yes,No,2,Yes,No phone service,No,No,No,No,Month-to-month,Yes,Bank transfer,22.44,56.32,1,Yes
CUST00808,Male,0,No,No,50,Yes,No phone service,DSL,No,No internet service,No internet service,Month-to-month,Yes,Mailed check,60.55,3067.41,0,Yes
CUST00809,Female,0,Yes,No,39,Yes,No phone service,DSL,No internet service,No,No,One year,Yes,Credit card,78.54,3109.61,2,No
CUST00810,Male,0,Yes,No,67,Yes,No,No,No internet service,Yes,No,One year,No,Bank transfer,77.82,5214.16,1,No
CUST00811,Male,0,Yes,No,35,Yes,Yes,No,Yes,No internet service,No internet service,Month-to-month,No,Credit card,19.99,,2,Yes
CUST00812,Male,1,No,Yes,50,Yes,Yes,DSL,No,No,Yes,Two year,No,Credit card,39.48,1995.98,4,No
CUST00813,Male,0,No,Yes,0,Yes,Yes,Fiber optic,Yes,No internet service,No,Month-to-month,Yes,Electronic check,24.31,28.15,3,Yes
CUST00814,Female,0,No,No,32,Yes,No phone service,Fiber optic,Yes,Yes,No,Month-to-month,No,Credit card,76.03,2478.76,1,Yes
CUST00815,Female,1,No,No,6,No,No,Fiber optic,No internet service,Yes,No internet service,Month-to-month,No,Bank transfer,83.83,547.57,1,Yes
CUST00816,Male,0,No,Yes,51,Yes,No phone service,DSL,No internet service,No internet service,No internet service,One year,Yes,Electronic check,34.29,1780.65,2,No
CUST00817,Male,0,Yes,Yes,10,No,No phone service,Fiber optic,No internet service,Yes,No,Two year,No,Bank transfer,51.97,532.57,1,No
CUST00818,Male,0,Yes,No,26,Yes,No,No,Yes,No,Yes,Month-to-month,Yes,Electronic check,51.64,1381.8,1,Yes
CUST00819,Female,0,Yes,No,13,Yes,No,DSL,Yes,No internet service,No internet service,One year,Yes,Bank transfer,101.62,1331.19,1,No
CUST00820,Male,0,No,No,45,Yes,No phone service,No,Yes,No internet service,No,Month-to-month,Yes,Electronic check,37.86,1751.96,1,No
CUST00821,Male,1,Yes,No,9,Yes,No,No,No internet service,Yes,Yes,One year,No,Electronic check,73.93,665.66,2,No
CUST00822,Female,0,Yes,No,23,Yes,No phone service,DSL,No internet service,No,No internet service,Two year,No,Mailed check,97.86,2279.27,1,No
CUST00823,Female,0,No,No,60,Yes,Yes,Fiber optic,No internet service,No internet service,No internet service,Month-to-month,Yes,Bank transfer,102.62,6161.62,1,Yes
CUST00824,Male,0,No,No,17,Yes,No,DSL,Yes,No internet service,No,Two year,Yes,Credit card,85.99,1482.21,0,No
CUST00825,Female,0,Yes,Yes,8,Yes,Yes,Fiber optic,Yes,Yes,No internet service,One year,Yes,Electronic check,48.55,420.15,1,No
CUST00826,Female,1,Yes,No,16,Yes,No,Fiber optic,No,Yes,No,Month-to-month,Yes,Bank transfer,101.95,1665.68,1,Yes
CUST00827,Male,0,No,Yes,57,Yes,No phone service,DSL,No internet service,No,No internet service,Two year,Yes,Electronic check,93.7,5380.18,3,No
CUST00828,Female,0,No,Yes,12,Yes,No phone service,Fiber optic,Yes,No,Yes,Month-to-month,Yes,Mailed check,89.86,1107.99,2,Yes
CUST00829,Male,0,No,No,49,Yes,No phone service,No,No,Yes,Yes,Month-to-month,Yes,Mailed check,24.87,1231.2,2,No
CUST00830,Female,0,No,No,5,Yes,No phone service,Fiber optic,Yes,No,No internet service,Month-to-month,No,Mailed check,22.41,156.51,0,No
CUST00831,Male,0,Yes,No,50,Yes,No phone service,DSL,Yes,Yes,No,Month-to-month,Yes,Mailed check,88.93,,1,No
CUST00832,Male,0,Yes,Yes,35,Yes,No phone service,DSL,No internet service,No internet service,No internet service,Two year,No,Credit card,114.37,4010.95,0,No
CUST00833,Male,0,No,No,70,Yes,No,Fiber optic,No,Yes,No,One year,Yes,Credit card,96.92,6825.73,1,Yes
CUST00834,Female,0,Yes,No,24,No,No,No,Yes,Yes,No internet service,Two year,Yes,Electronic check,102.81,2516.07,1,No
CUST00835,Male,0,Yes,No,10,Yes,Yes,No,No,Yes,Yes,Month-to-month,Yes,Bank transfer,73.59,767.76,4,Yes
CUST00836,Female,0,No,Yes,43,Yes,No,Fiber optic,No,No internet service,No,Month-to-month,Yes,Mailed check,49.07,2124.1,2,No
CUST00837,Male,0,Yes,No,13,Yes,No,Fiber optic,No internet service,No,Yes,Month-to-month,Yes,Mailed check,87.13,1163.02,2,Yes
CUST00838,Male,0,Yes,No,28,Yes,Yes,DSL,No,No,Yes,Month-to-month,No,Credit card,90.62,2554.49,1,No
CUST00839,Female,0,Yes,Yes,49,Yes,Yes,DSL,No internet service,No,Yes,Two year,No,Credit card,86.89,4291.41,1,No
CUST00840,Male,0,No,No,4,Yes,No phone service,Fiber optic,No internet service,Yes,No internet service,One year,Yes,Mailed check,114.56,485.48,2,Yes
CUST00841,Male,0,No,No,71,Yes,Yes,Fiber optic,No internet service,Yes,No,Month-to-month,Yes,Bank transfer,55.45,3983.42,0,No
CUST00842,Female,0,Yes,Yes,68,Yes,Yes,Fiber optic,No,No,Yes,Two year,No,Electronic check,22.05,1530.3,1,No
CUST00843,Male,0,No,Yes,56,Yes,No,No,Yes,No internet service,No,One year,Yes,Electronic check,110.66,6207.66,2,No
CUST00844,Male,0,No,Yes,25,Yes,No phone service,Fiber optic,No internet service,No internet service,No,Month-to-month,No,Electronic check,34.37,895.51,0,No
CUST00845,Male,1,No,No,5,Yes,Yes,Fiber optic,Yes,No internet service,Yes,Two year,No,Electronic check,89.13,460.69,0,Yes
CUST00846,Male,0,Yes,Yes,15,Yes,No phone service,DSL,No,No internet service,No internet service,Month-to-month,No,Bank transfer,107.07,1619.67,0,Yes
CUST00847,Female,0,Yes,No,59,Yes,No phone service,No,Yes,Yes,Yes,Month-to-month,Yes,Bank transfer,49.63,2947.76,2,No
CUST00848,Female,0,No,No,11,Yes,Yes,Fiber optic,Yes,No,Yes,Month-to-month,Yes,Bank transfer,102.7,1130.3,3,Yes
CUST00849,Male,0,Yes,No,2,Yes,Yes,No,No internet service,No internet service,No,Month-to-month,Yes,Credit card,51.87,152.2,1,Yes
CUST00850,Female,0,Yes,Yes,62,Yes,Yes,Fiber optic,No internet service,Yes,No internet service,Month-to-month,No,Mailed check,99.01,6165.24,1,No
CUST00851,Male,0,Yes,Yes,63,Yes,Yes,Fiber optic,No internet service,Yes,No,Month-to-month,No,Bank transfer,25.12,1621.23,1,No
CUST00852,Female,1,Yes,No,61,Yes,No phone service,Fiber optic,No,Yes,No internet service,Month-to-month,No,Electronic check,84.83,5187.52,2,Yes
CUST00853,Male,0,Yes,No,5,Yes,No,DSL,Yes,No,Yes,One year,No,Bank transfer,87.07,472.68,0,No
CUST00854,Male,1,No,No,18,No,No phone service,Fiber optic,No,Yes,No internet service,Two year,No,Mailed check,68.13,1254.7,0,No
CUST00855,Male,0,Yes,Yes,17,Yes,No phone service,No,No,No,No,One year,No,Credit card,88.08,1518.57,2,No
CUST00856,Male,0,Yes,No,42,Yes,No phone service,DSL,No,No,Yes,Month-to-month,No,Electronic check,112.16,4759.25,1,No
CUST00857,Male,1,Yes,No,72,Yes,Yes,DSL,No,No,No internet service,Month-to-month,No,Credit card,92.85,6709.89,0,No
CUST00858,Male,0,No,Yes,2,Yes,Yes,Fiber optic,No internet service,No,No internet service,Month-to-month,Yes,Bank transfer,116.05,264.97,1,Yes
CUST00859,Female,0,No,No,71,Yes,No,DSL,Yes,Yes,No,Month-to-month,Yes,Electronic check,63.76,4527.73,2,No
CUST00860,Male,0,No,No,37,Yes,No,Fiber optic,No internet service,Yes,No internet service,One year,No,Electronic check,71.89,2675.0,0,No
CUST00861,Female,0,Yes,Yes,67,Yes,No,Fiber optic,No internet service,Yes,Yes,One year,Yes,Bank transfer,44.9,3052.73,1,No
CUST00862,Male,0,No,No,43,Yes,No phone service,DSL,No,No internet service,No internet service,One year,Yes,Bank transfer,118.53,5134.74,3,No
CUST00863,Female,0,No,No,62,Yes,No,No,No internet service,No internet service,No,One year,No,Mailed check,23.62,1491.28,3,No
CUST00864,Female,0,No,Yes,41,Yes,No phone service,Fiber optic,Yes,No,No internet service,Month-to-month,No,Bank transfer,54.58,2282.79,1,Yes
CUST00865,Female,0,No,No,63,Yes,Yes,No,No,No,Yes,Month-to-month,No,Bank transfer,48.37,3071.62,0,No
CUST00866,Male,0,Yes,No,53,Yes,No phone service,Fiber optic,No internet service,No,Yes,One year,Yes,Bank transfer,57.42,3071.59,1,No
CUST00867,Male,0,No,No,70,Yes,Yes,No,No,No,No internet service,Month-to-month,No,Electronic check,111.61,7831.81,2,No
CUST00868,Female,0,No,Yes,36,Yes,Yes,DSL,Yes,No,No internet service,Month-to-month,Yes,Mailed check,55.54,2030.44,1,Yes
CUST00869,Male,0,Yes,No,3,Yes,No,DSL,No,No internet service,Yes,Month-to-month,No,Electronic check,111.53,350.54,2,Yes
CUST00870,Female,0,Yes,No,1,Yes,Yes,DSL,No internet service,No,No,Month-to-month,Yes,Bank transfer,61.18,80.45,3,Yes
CUST00871,Male,0,No,No,43,Yes,No,Fiber optic,No internet service,Yes,Yes,Month-to-month,No,Mailed check,105.19,4571.49,1,Yes
CUST00872,Female,1,Yes,Yes,66,Yes,No,No,Yes,No,No internet service,Two year,No,Bank transfer,71.22,4706.09,2,No
CUST00873,Female,0,No,No,67,Yes,No,Fiber optic,Yes,Yes,No internet service,Two year,Yes,Electronic check,49.76,3339.18,0,No
CUST00874,Male,0,Yes,No,61,Yes,No phone service,No,No,Yes,No,Month-to-month,No,Electronic check,63.83,3895.8,1,No
CUST00875,Female,0,Yes,No,0,Yes,No,DSL,No internet service,Yes,Yes,Month-to-month,No,Bank transfer,61.29,16.0,6,Yes
CUST00876,Male,0,No,No,16,No,No,DSL,Yes,Yes,Yes,One year,Yes,Mailed check,44.51,732.07,0,No
CUST00877,Female,0,Yes,Yes,15,Yes,Yes,No,Yes,No,No,Month-to-month,Yes,Electronic check,47.54,717.83,2,No
CUST00878,Female,0,No,Yes,8,Yes,No phone service,Fiber optic,No internet service,No,Yes,Month-to-month,Yes,Bank transfer,37.02,323.62,0,Yes
CUST00879,Male,0,Yes,No,52,Yes,No,Fiber optic,Yes,No,No,Month-to-month,Yes,Credit card,52.27,2747.21,3,No
CUST00880,Male,0,No,Yes,72,Yes,No,DSL,Yes,No,Yes,Month-to-month,No,Bank transfer,81.69,5919.23,4,Yes
CUST00881,Male,0,Yes,No,58,Yes,No,No,No internet service,No,No,One year,No,Bank transfer,57.43,3379.74,2,No
CUST00882,Female,1,Yes,Yes,8,Yes,Yes,Fiber optic,Yes,No internet service,No,Two year,Yes,Mailed check,90.66,756.25,1,Yes
CUST00883,Male,1,Yes,No,11,Yes,Yes,Fiber optic,No internet service,Yes,No,Month-to-month,Yes,Bank transfer,118.67,1310.95,1,Yes
CUST00884,Female,0,Yes,No,40,Yes,Yes,DSL,No internet service,Yes,No internet service,Month-to-month,Yes,Credit card,56.46,2262.83,1,No
CUST00885,Female,0,Yes,No,14,Yes,No,Fiber optic,No,No internet service,No internet service,Month-to-month,Yes,Bank transfer,65.19,951.54,0,Yes
CUST00886,Male,0,No,No,65,Yes,No,No,No internet service,No internet service,No internet service,Month-to-month,Yes,Credit card,34.74,2290.62,0,No
CUST00887,Male,0,Yes,Yes,10,Yes,No,No,Yes,No,Yes,Two year,Yes,Electronic check,58.01,588.2,1,No
CUST00888,Female,0,No,No,7,Yes,No,DSL,No,No,No,One year,Yes,Bank transfer,92.14,657.65,4,No
CUST00889,Female,0,No,Yes,54,Yes,No,DSL,No,Yes,Yes,Month-to-month,No,Mailed check,40.18,2207.23,3,No
CUST00890,Male,0,No,No,5,Yes,Yes,Fiber optic,Yes,No,Yes,One year,No,Bank transfer,36.57,211.16,0,No
CUST00891,Male,0,Yes,No,52,Yes,No,DSL,No,Yes,No,Two year,Yes,Credit card,56.39,2961.53,0,No
CUST00892,Male,0,No,No,19,Yes,No phone service,Fiber optic,Yes,No,No internet service,Two year,No,Credit card,101.5,1939.0,3,Yes
CUST00893,Male,0,Yes,No,38,Yes,No,DSL,No,No,Yes,Month-to-month,No,Mailed check,81.61,3132.63,4,No
CUST00894,Male,0,No,No,71,Yes,Yes,DSL,Yes,Yes,Yes,Month-to-month,No,Credit card,115.67,8251.1,3,No
CUST00895,Female,1,No,No,33,Yes,No,Fiber optic,No internet service,No internet service,Yes,One year,Yes,Bank transfer,110.26,3682.84,0,No
CUST00896,Female,0,No,No,56,Yes,No phone service,Fiber optic,No internet service,No internet service,No internet service,Month-to-month,No,Credit card,33.42,1908.36,0,No
CUST00897,Female,0,No,No,18,Yes,No,Fiber optic,No,No,No,Two year,No,Bank transfer,22.34,430.94,0,No
CUST00898,Female,0,No,Yes,70,Yes,No phone service,No,No,No internet service,No,One year,Yes,Bank transfer,58.71,4143.36,3,No
CUST00899,Male,0,Yes,No,30,Yes,No phone service,DSL,No internet service,No,Yes,Two year,Yes,Credit card,71.25,2161.76,1,No
CUST00900,Male,0,No,No,39,Yes,Yes,Fiber optic,Yes,No internet service,No,Month-to-month,No,Mailed check,70.59,2764.35,3,Yes
CUST00901,Male,0,No,Yes,13,Yes,No phone service,DSL,No,No internet service,No internet service,Two year,No,Electronic check,31.68,455.95,0,No
CUST00902,Female,0,Yes,Yes,36,Yes,No,Fiber optic,No internet service,Yes,No,Month-to-month,No,Mailed check,30.73,1132.91,0,No
CUST00903,Female,0,Yes,Yes,43,Yes,No phone service,DSL,No,No internet service,Yes,Two year,No,Electronic check,22.78,1009.26,1,No
CUST00904,Male,0,Yes,No,8,Yes,No,DSL,No internet service,No,Yes,Month-to-month,No,Mailed check,104.79,887.83,4,Yes
CUST00905,Male,0,No,Yes,57,Yes,No,DSL,No internet service,Yes,No,Month-to-month,Yes,Bank transfer,114.67,6585.44,2,Yes
CUST00906,Female,0,No,Yes,19,Yes,No,DSL,No internet service,No internet service,Yes,One year,Yes,Bank transfer,29.8,595.52,5,No
CUST00907,Female,0,No,Yes,49,Yes,No,No,Yes,Yes,No internet service,Month-to-month,No,Credit card,39.74,1948.96,3,No
CUST00908,Male,0,No,No,19,Yes,Yes,Fiber optic,No,No internet service,No internet service,Month-to-month,Yes,Electronic check,27.17,536.04,3,Yes
CUST00909,Male,1,No,No,35,Yes,No,No,Yes,No,No internet service,Two year,Yes,Electronic check,107.51,3809.71,1,No
CUST00910,Female,0,No,No,26,Yes,Yes,Fiber optic,Yes,No,No internet service,Month-to-month,No,Credit card,115.79,3024.96,3,Yes
CUST00911,Male,0,Yes,No,71,No,No phone service,DSL,No internet service,Yes,Yes,One year,No,Mailed check,44.7,3223.66,1,No
CUST00912,Male,0,Yes,No,31,Yes,No,DSL,Yes,No internet service,Yes,Month-to-month,Yes,Credit card,48.97,1522.29,1,No
CUST00913,Male,0,No,Yes,0,Yes,No phone service,DSL,No,No internet service,No,Two year,Yes,Mailed check,54.99,28.41,6,No
CUST00914,Female,0,No,Yes,16,Yes,Yes,DSL,No,Yes,Yes,One year,Yes,Credit card,69.25,1133.77,3,No
CUST00915,Female,0,No,Yes,8,No,No,Fiber optic,No internet service,Yes,No,Month-to-month,Yes,Electronic check,87.61,713.65,1,No
CUST00916,Female,1,No,Yes,44,Yes,No,Fiber optic,No internet service,No,Yes,Month-to-month,No,Electronic check,69.45,3103.23,1,No
CUST00917,Female,0,No,No,65,No,Yes,Fiber optic,No,Yes,No,One year,Yes,Mailed check,115.0,7505.96,2,No
CUST00918,Female,0,Yes,No,31,Yes,No phone service,DSL,No,No internet service,No,Month-to-month,No,Electronic check,28.19,885.4,0,Yes
CUST00919,Female,0,Yes,No,44,Yes,Yes,DSL,No internet service,Yes,No internet service,Month-to-month,No,Electronic check,99.46,4395.44,1,No
CUST00920,Female,0,No,No,8,Yes,No phone service,DSL,Yes,No,No,One year,No,Electronic check,52.12,453.02,1,No
CUST00921,Male,0,Yes,No,29,Yes,No phone service,DSL,No,Yes,No,Month-to-month,Yes,Electronic check,56.51,1653.67,0,No
CUST00922,Male,0,No,Yes,37,Yes,No phone service,Fiber optic,No internet service,No internet service,No,Month-to-month,Yes,Bank transfer,90.3,3385.08,2,Yes
CUST00923,Male,0,No,Yes,59,Yes,No,DSL,No internet service,Yes,No,One year,Yes,Credit card,112.8,6663.48,1,No
CUST00924,Male,0,No,No,0,Yes,Yes,Fiber optic,No,Yes,No,Month-to-month,Yes,Credit card,91.05,13.23,1,No
CUST00925,Male,0,Yes,No,4,Yes,No,Fiber optic,No internet service,Yes,No internet service,Month-to-month,No,Bank transfer,97.14,395.8,2,Yes
CUST00926,Male,1,Yes,Yes,62,Yes,Yes,DSL,No,No,No,Month-to-month,Yes,Electronic check,94.58,5869.17,0,No
CUST00927,Male,0,No,No,35,No,No phone service,No,No internet service,No,No,One year,No,Credit card,50.74,1790.92,0,No
CUST00928,Female,1,Yes,No,64,Yes,No,Fiber optic,No internet service,No,No,One year,Yes,Credit card,95.21,6143.4,1,No
CUST00929,Female,0,Yes,No,72,Yes,No,DSL,Yes,No,Yes,One year,Yes,Credit card,98.02,7062.16,2,No
CUST00930,Male,1,No,No,23,Yes,No,No,No internet service,No internet service,Yes,Month-to-month,No,Mailed check,72.41,1676.08,2,Yes
CUST00931,Male,0,Yes,No,3,Yes,No phone service,DSL,No,No internet service,No internet service,Month-to-month,Yes,Bank transfer,72.75,231.83,0,Yes
CUST00932,Female,0,Yes,Yes,67,Yes,Yes,DSL,No,No,No,Month-to-month,Yes,Mailed check,95.49,6428.79,1,No
CUST00933,Male,1,No,No,24,Yes,No phone service,Fiber optic,Yes,No,No,Month-to-month,Yes,Mailed check,101.34,2469.43,1,Yes
CUST00934,Male,0,No,Yes,6,No,No,Fiber optic,No,No,Yes,Two year,Yes,Bank transfer,52.39,351.94,2,No
CUST00935,Female,1,Yes,No,12,Yes,No,DSL,No internet service,Yes,No,Month-to-month,No,Credit card,99.76,,0,Yes
CUST00936,Male,0,No,No,67,Yes,No phone service,DSL,Yes,No internet service,No internet service,Month-to-month,Yes,Mailed check,101.05,6802.94,0,No
CUST00937,Female,0,Yes,No,42,Yes,No,No,No,Yes,No,Month-to-month,Yes,Credit card,41.88,1790.5,2,No
CUST00938,Male,0,No,No,56,Yes,No,DSL,No internet service,No,No internet service,One year,Yes,Mailed check,91.13,5129.16,3,No
CUST00939,Female,0,No,No,35,No,Yes,DSL,Yes,No internet service,Yes,One year,No,Credit card,37.03,1315.01,3,No
CUST00940,Female,0,No,No,13,Yes,Yes,Fiber optic,No internet service,No,No internet service,One year,Yes,Electronic check,27.49,397.24,0,Yes
CUST00941,Female,0,No,No,71,Yes,Yes,No,No,Yes,No internet service,Two year,Yes,Electronic check,76.6,5455.79,2,No
CUST00942,Male,0,Yes,No,26,Yes,Yes,DSL,No,No internet service,No internet service,Month-to-month,Yes,Electronic check,110.68,2889.18,2,No
CUST00943,Female,0,No,No,36,Yes,Yes,Fiber optic,No,Yes,No internet service,Month-to-month,Yes,Bank transfer,21.62,793.82,0,No
CUST00944,Male,0,No,Yes,70,Yes,Yes,Fiber optic,No,No internet service,No internet service,Month-to-month,Yes,Electronic check,102.3,7182.98,0,Yes
CUST00945,Male,0,No,No,24,Yes,No,Fiber optic,Yes,No,No internet service,One year,Yes,Mailed check,69.66,1682.54,1,No
CUST00946,Male,0,Yes,No,66,Yes,No,Fiber optic,No,No internet service,No internet service,One year,Yes,Credit card,105.81,7013.84,0,No
CUST00947,Male,0,Yes,Yes,3,No,Yes,No,Yes,Yes,No internet service,Month-to-month,Yes,Credit card,104.03,356.3,1,No
CUST00948,Female,0,No,Yes,15,Yes,No phone service,DSL,Yes,Yes,No internet service,One year,Yes,Credit card,107.28,1638.97,2,Yes
CUST00949,Female,0,No,No,18,Yes,Yes,DSL,No internet service,Yes,Yes,One year,No,Credit card,96.43,1758.07,0,No
CUST00950,Male,0,No,Yes,28,Yes,No,No,No,Yes,No internet service,Two year,No,Mailed check,103.99,2951.56,2,No
CUST00951,Male,0,No,No,50,Yes,No phone service,Fiber optic,No internet service,No,No internet service,One year,Yes,Credit card,35.95,1834.9,2,No
CUST00952,Female,1,No,No,17,Yes,No phone service,Fiber optic,No internet service,Yes,No,One year,Yes,Mailed check,48.99,851.18,1,Yes
CUST00953,Male,0,No,No,57,Yes,No phone service,Fiber optic,No internet service,No,No,Month-to-month,No,Mailed check,42.73,2465.82,1,Yes
CUST00954,Female,0,Yes,Yes,43,Yes,No,Fiber optic,No internet service,No internet service,No,One year,No,Credit card,93.73,4066.88,2,No
CUST00955,Male,0,No,No,15,Yes,No phone service,Fiber optic,No internet service,Yes,No internet service,Two year,Yes,Credit card,33.67,517.32,1,No
CUST00956,Male,0,No,No,64,Yes,No,No,No,No internet service,Yes,Month-to-month,No,Credit card,36.59,2360.07,0,Yes
CUST00957,Female,0,No,No,1,Yes,No,Fiber optic,No internet service,No internet service,Yes,One year,Yes,Mailed check,107.65,112.94,4,Yes
CUST00958,Male,0,No,No,55,No,Yes,DSL,Yes,No,No,One year,Yes,Bank transfer,90.0,4999.38,1,No
CUST00959,Female,0,No,No,27,Yes,No,Fiber optic,Yes,Yes,No,Month-to-month,No,Mailed check,107.29,2901.12,4,Yes
CUST00960,Male,0,No,No,64,Yes,No phone service,Fiber optic,No,No,No internet service,One year,No,Bank transfer,32.21,2069.87,3,No
CUST00961,Male,1,Yes,No,4,Yes,No,Fiber optic,Yes,Yes,Yes,Month-to-month,No,Credit card,58.7,258.79,2,Yes
CUST00962,Male,1,Yes,No,21,Yes,No,Fiber optic,No internet service,No internet service,Yes,Two year,Yes,Mailed check,46.88,1027.74,2,No
CUST00963,Female,0,Yes,No,12,Yes,Yes,DSL,Yes,No,No,Two year,Yes,Credit card,18.99,245.67,2,Yes
CUST00964,Male,0,Yes,No,64,Yes,Yes,Fiber optic,No internet service,Yes,Yes,Month-to-month,No,Bank transfer,47.02,3047.71,0,Yes
CUST00965,Male,0,Yes,Yes,15,Yes,No,Fiber optic,No,No internet service,No,Month-to-month,Yes,Bank transfer,56.72,884.6,2,Yes
CUST00966,Male,0,Yes,Yes,63,Yes,No,Fiber optic,Yes,No,No,One year,Yes,Mailed check,27.41,1758.76,3,No
CUST00967,Male,0,No,No,31,Yes,No,Fiber optic,Yes,No,No internet service,Month-to-month,Yes,Mailed check,75.78,2391.43,1,Yes
CUST00968,Female,0,No,No,50,Yes,Yes,DSL,Yes,No,No,Month-to-month,Yes,Mailed check,57.08,2854.71,0,No
CUST00969,Female,0,No,No,57,Yes,Yes,Fiber optic,No,No,No internet service,Month-to-month,Yes,Mailed check,22.74,1342.64,1,Yes
CUST00970,Male,0,No,No,45,Yes,No phone service,Fiber optic,No,No internet service,Yes,Month-to-month,No,Electronic check,89.81,4082.91,1,Yes
CUST00971,Female,0,No,Yes,51,Yes,No phone service,Fiber optic,Yes,No internet service,Yes,Month-to-month,No,Electronic check,92.39,4758.78,3,Yes
CUST00972,Male,1,No,No,62,Yes,No phone service,Fiber optic,No,No internet service,No,Two year,Yes,Credit card,103.12,6433.12,1,No
CUST00973,Male,1,Yes,Yes,59,Yes,No phone service,Fiber optic,No internet service,No internet service,No,Two year,No,Bank transfer,67.53,4028.2,2,No
CUST00974,Male,0,No,No,64,Yes,Yes,DSL,No,Yes,No internet service,One year,Yes,Bank transfer,116.8,7485.35,2,No
CUST00975,Female,0,Yes,No,54,Yes,Yes,Fiber optic,Yes,No internet service,No internet service,Two year,No,Credit card,111.23,6022.38,2,No
CUST00976,Female,1,Yes,No,56,Yes,No,DSL,No internet service,No,Yes,Month-to-month,Yes,Credit card,74.24,4173.2,1,Yes
CUST00977,Female,0,No,No,70,Yes,No phone service,Fiber optic,Yes,No,Yes,Month-to-month,No,Credit card,63.39,4442.76,1,No
CUST00978,Female,0,No,No,72,Yes,No,DSL,Yes,No,No,Month-to-month,No,Electronic check,18.31,1354.8,2,No
CUST00979,Female,0,No,No,25,Yes,No,DSL,Yes,No,No,One year,Yes,Credit card,90.52,2269.81,1,No
CUST00980,Female,0,No,Yes,11,Yes,Yes,Fiber optic,No,Yes,No internet service,Two year,Yes,Bank transfer,75.63,834.56,2,No
CUST00981,Female,0,No,Yes,70,Yes,No,Fiber optic,Yes,No,No,One year,No,Credit card,113.63,7992.87,2,No
CUST00982,Female,1,No,No,45,Yes,No,Fiber optic,No internet service,No,No internet service,Two year,Yes,Mailed check,78.61,3582.68,2,Yes
CUST00983,Female,1,No,No,46,Yes,Yes,Fiber optic,No internet service,No,Yes,One year,No,Bank transfer,119.27,5524.63,4,Yes
CUST00984,Male,0,Yes,No,37,Yes,Yes,Fiber optic,No internet service,No internet service,Yes,Month-to-month,No,Bank transfer,105.09,,0,No
CUST00985,Female,0,No,No,20,Yes,Yes,Fiber optic,Yes,No internet service,No,Month-to-month,Yes,Bank transfer,115.27,2335.18,2,Yes
CUST00986,Female,1,No,No,13,Yes,Yes,Fiber optic,No internet service,Yes,No internet service,Month-to-month,No,Electronic check,51.42,712.85,0,Yes
CUST00987,Female,0,Yes,No,1,Yes,No phone service,Fiber optic,No internet service,Yes,No,Month-to-month,No,Electronic check,33.23,58.07,2,Yes
CUST00988,Female,1,No,No,71,Yes,No phone service,Fiber optic,No internet service,Yes,No,One year,No,Bank transfer,99.28,7098.3,1,No
CUST00989,Female,0,No,Yes,69,Yes,No phone service,Fiber optic,No internet service,No,No internet service,Month-to-month,Yes,Mailed check,98.19,6780.28,1,Yes
CUST00990,Female,0,Yes,Yes,32,Yes,No,No,No,Yes,No,One year,Yes,Bank transfer,39.57,1306.7,2,No
CUST00991,Female,0,No,No,5,No,No phone service,DSL,Yes,No internet service,No internet service,One year,Yes,Electronic check,96.0,512.07,2,Yes
CUST00992,Female,0,No,Yes,36,Yes,Yes,No,Yes,No internet service,No internet service,Month-to-month,No,Mailed check,77.36,2813.99,2,No
CUST00993,Female,0,No,Yes,13,Yes,No phone service,DSL,No internet service,No internet service,No,Month-to-month,No,Bank transfer,29.17,415.5,0,No
CUST00994,Female,0,No,Yes,36,Yes,Yes,DSL,Yes,No,No internet service,Month-to-month,No,Electronic check,69.18,2532.49,2,Yes
CUST00995,Female,0,No,No,7,Yes,No phone service,DSL,No internet service,No,Yes,Month-to-month,Yes,Mailed check,112.98,834.0,2,Yes
CUST00996,Male,0,No,No,12,Yes,No phone service,Fiber optic,No internet service,Yes,Yes,Two year,Yes,Credit card,69.66,844.69,2,No
CUST00997,Male,0,Yes,No,39,Yes,Yes,DSL,No internet service,Yes,Yes,Month-to-month,No,Credit card,98.45,3849.4,0,No
CUST00998,Female,1,No,No,57,Yes,Yes,No,Yes,Yes,Yes,One year,No,Bank transfer,20.95,1194.96,3,No
CUST00999,Female,1,No,No,17,Yes,No,No,No,Yes,No,Two year,No,Credit card,92.26,1575.01,1,No
CUST01000,Male,0,Yes,No,56,Yes,No,Fiber optic,Yes,No,Yes,Two year,No,Electronic check,114.58,6429.67,2,No
CUST01001,Female,0,Yes,Yes,37,Yes,No,Fiber optic,Yes,No internet service,Yes,Two year,No,Mailed check,68.95,2587.2,6,No
CUST01002,Male,0,No,Yes,31,Yes,No phone service,No,No,No,Yes,Month-to-month,No,Bank transfer,52.45,1649.74,1,Yes
CUST01003,Male,0,Yes,No,65,Yes,No phone service,No,Yes,Yes,Yes,Month-to-month,No,Mailed check,83.96,5495.3,1,No
CUST01004,Male,1,No,No,24,Yes,Yes,Fiber optic,No,No,No,Month-to-month,Yes,Mailed check,111.46,2699.37,2,Yes
CUST01005,Male,0,No,No,57,Yes,Yes,Fiber optic,No internet service,No internet service,Yes,Month-to-month,No,Mailed check,36.03,2081.49,0,No
CUST01006,Male,0,Yes,No,32,Yes,No,Fiber optic,No,No,No internet service,Two year,No,Electronic check,59.18,1899.31,1,Yes
CUST01007,Female,1,No,No,65,Yes,Yes,Fiber optic,No internet service,No internet service,No internet service,One year,Yes,Bank transfer,33.94,2244.93,3,No
CUST01008,Male,0,No,Yes,29,Yes,No phone service,DSL,No,Yes,No,Month-to-month,Yes,Credit card,68.66,2029.05,0,Yes
CUST01009,Female,1,Yes,Yes,33,Yes,Yes,Fiber optic,No internet service,No,No,Month-to-month,Yes,Mailed check,73.12,2428.34,2,Yes
CUST01010,Female,1,Yes,Yes,68,Yes,Yes,DSL,Yes,Yes,No,Month-to-month,Yes,Mailed check,114.31,7789.51,0,Yes
CUST01011,Male,0,Yes,Yes,47,Yes,Yes,Fiber optic,No,Yes,Yes,One year,Yes,Mailed check,60.08,2834.74,0,No
CUST01012,Male,1,Yes,No,39,Yes,Yes,Fiber optic,Yes,No internet service,No,One year,Yes,Electronic check,75.83,2998.06,1,No
CUST01013,Female,0,No,Yes,50,Yes,Yes,No,No internet service,No internet service,Yes,Two year,Yes,Credit card,108.3,5452.35,3,No
CUST01014,Male,0,Yes,Yes,12,Yes,No,No,No,Yes,No,Two year,Yes,Mailed check,50.78,639.82,4,No
CUST01015,Male,0,Yes,No,30,No,No,Fiber optic,No,No internet service,No internet service,Month-to-month,No,Electronic check,86.76,2614.74,0,Yes
CUST01016,Female,1,Yes,No,38,Yes,No phone service,Fiber optic,No,No internet service,No internet service,Month-to-month,Yes,Electronic check,95.23,3627.33,4,No
CUST01017,Female,0,Yes,Yes,62,Yes,No,DSL,Yes,Yes,Yes,Month-to-month,Yes,Mailed check,51.71,3208.53,2,Yes
CUST01018,Male,0,Yes,Yes,47,Yes,Yes,Fiber optic,No internet service,Yes,No,Month-to-month,Yes,Mailed check,34.76,1636.0,0,No
CUST01019,Female,0,No,No,47,Yes,No,DSL,Yes,No internet service,No internet service,Two year,Yes,Electronic check,69.3,3266.46,1,No
CUST01020,Male,0,Yes,No,60,Yes,No phone service,DSL,No,Yes,Yes,One year,Yes,Electronic check,54.39,3268.43,1,No
CUST01021,Male,0,No,No,11,Yes,No,Fiber optic,No internet service,Yes,No internet service,One year,No,Mailed check,45.18,524.79,3,Yes
CUST01022,Male,0,Yes,No,55,Yes,No phone service,DSL,No internet service,No internet service,No,Month-to-month,No,Electronic check,117.29,6468.85,1,Yes
CUST01023,Female,0,Yes,No,17,Yes,No phone service,DSL,Yes,No,Yes,Month-to-month,Yes,Electronic check,69.22,1198.99,1,No
CUST01024,Female,0,Yes,No,26,Yes,No phone service,No,Yes,No,No internet service,Month-to-month,No,Mailed check,105.36,2769.06,1,Yes
CUST01025,Female,0,Yes,No,27,Yes,Yes,DSL,No,Yes,No,Month-to-month,Yes,Mailed check,37.92,1056.8,1,No
CUST01026,Female,0,Yes,No,51,Yes,No phone service,DSL,No,No internet service,Yes,One year,No,Bank transfer,113.82,5837.23,1,Yes
CUST01027,Female,0,Yes,Yes,15,No,No,DSL,No,Yes,No internet service,Month-to-month,No,Credit card,99.03,1498.49,2,Yes
CUST01028,Male,1,Yes,No,57,Yes,No,DSL,No,No internet service,No internet service,One year,Yes,Mailed check,100.49,5768.41,2,No
CUST01029,Male,0,Yes,No,8,Yes,No,DSL,No internet service,Yes,Yes,Two year,No,Mailed check,57.76,507.97,0,No
CUST01030,Male,1,No,Yes,25,Yes,No phone service,Fiber optic,No,Yes,No,Month-to-month,No,Mailed check,67.53,1704.05,3,No
CUST01031,Male,0,Yes,No,27,Yes,No phone service,DSL,No,No internet service,Yes,One year,No,Credit card,78.52,2120.89,3,No
CUST01032,Female,0,No,Yes,35,Yes,Yes,No,No,Yes,No internet service,Month-to-month,No,Bank transfer,98.56,3494.56,1,No
CUST01033,Male,0,Yes,No,8,Yes,No phone service,DSL,Yes,No,No internet service,One year,No,Electronic check,104.6,882.98,0,No
CUST01034,Female,0,No,No,46,Yes,No,Fiber optic,Yes,No,No internet service,One year,Yes,Credit card,25.96,1196.71,1,No
CUST01035,Male,0,Yes,No,50,Yes,Yes,Fiber optic,Yes,No internet service,No,Two year,No,Mailed check,110.21,5510.75,2,No
CUST01036,Female,0,Yes,No,56,Yes,No,Fiber optic,No,Yes,No internet service,Month-to-month,No,Mailed check,113.62,6403.54,2,No
CUST01037,Female,0,Yes,Yes,31,Yes,Yes,Fiber optic,No internet service,No,No internet service,Month-to-month,No,Bank transfer,78.47,2447.64,3,Yes
CUST01038,Male,0,No,No,66,Yes,No phone service,No,No,No internet service,Yes,Month-to-month,No,Bank transfer,37.05,2491.03,3,No
CUST01039,Male,0,No,No,56,No,Yes,DSL,Yes,No internet service,No internet service,Month-to-month,Yes,Bank transfer,101.48,5693.72,2,No
CUST01040,Male,0,No,No,53,Yes,No phone service,Fiber optic,Yes,No internet service,Yes,One year,Yes,Electronic check,73.96,3962.94,2,No
CUST01041,Male,0,No,No,15,No,No phone service,No,No,No,No internet service,Two year,Yes,Credit card,101.35,1523.68,2,No
CUST01042,Female,0,Yes,No,61,Yes,No,DSL,No internet service,No,Yes,Month-to-month,Yes,Credit card,101.11,6180.74,1,No
CUST01043,Male,1,Yes,No,55,Yes,No phone service,DSL,No internet service,No,Yes,Month-to-month,Yes,Bank transfer,26.85,1525.41,0,No
CUST01044,Male,0,Yes,Yes,22,No,No phone service,DSL,No internet service,No,Yes,Month-to-month,No,Electronic check,79.92,1769.8,2,Yes
CUST01045,Female,0,No,No,16,Yes,No phone service,Fiber optic,Yes,Yes,Yes,Month-to-month,No,Credit card,67.28,1083.13,1,Yes
CUST01046,Male,0,Yes,No,37,Yes,No,DSL,Yes,No,No,Month-to-month,No,Mailed check,114.5,4279.35,1,Yes
CUST01047,Male,0,No,No,71,Yes,No phone service,DSL,No internet service,No internet service,No internet service,Month-to-month,Yes,Mailed check,48.26,3432.35,0,No
CUST01048,Male,0,No,Yes,29,Yes,No,Fiber optic,No,Yes,No,One year,No,Mailed check,39.01,1136.16,0,No
CUST01049,Male,0,No,Yes,57,Yes,Yes,Fiber optic,No internet service,No,No internet service,Month-to-month,No,Credit card,109.5,6257.67,3,No
CUST01050,Male,0,No,No,21,Yes,No,DSL,No,Yes,Yes,Month-to-month,No,Bank transfer,33.17,728.34,1,No
CUST01051,Female,0,No,No,16,Yes,No,DSL,Yes,No internet service,No internet service,One year,Yes,Mailed check,88.02,1443.86,0,No
CUST01052,Male,0,Yes,No,14,Yes,No phone service,Fiber optic,Yes,No,Yes,Month-to-month,Yes,Bank transfer,48.6,724.46,4,No
CUST01053,Male,0,No,No,47,Yes,No,No,Yes,Yes,No internet service,One year,No,Electronic check,75.92,3595.29,1,No
CUST01054,Male,1,No,No,31,Yes,Yes,Fiber optic,No internet service,No,Yes,One year,Yes,Mailed check,80.85,2526.02,1,No
CUST01055,Male,0,Yes,No,39,Yes,No,Fiber optic,No internet service,Yes,No internet service,One year,No,Electronic check,60.57,2380.17,2,No
CUST01056,Male,1,No,Yes,56,Yes,No phone service,Fiber optic,Yes,Yes,No internet service,Month-to-month,No,Bank transfer,117.45,6619.55,0,No
CUST01057,Female,0,No,No,57,Yes,Yes,DSL,Yes,No internet service,No internet service,Month-to-month,No,Credit card,31.45,,3,Yes
CUST01058,Male,0,Yes,Yes,15,Yes,No phone service,Fiber optic,Yes,No internet service,Yes,Two year,No,Bank transfer,57.92,914.07,3,No
CUST01059,Female,0,Yes,No,27,Yes,No phone service,No,No internet service,No,No internet service,One year,No,Mailed check,61.9,1719.5,1,No
CUST01060,Female,0,Yes,No,0,Yes,No,Fiber optic,No internet service,No,Yes,Month-to-month,No,Mailed check,82.37,15.0,1,Yes
CUST01061,Male,0,No,No,40,Yes,No phone service,No,Yes,Yes,No,Month-to-month,Yes,Bank transfer,59.54,2408.08,1,No
CUST01062,Male,0,Yes,No,47,Yes,Yes,No,No internet service,No internet service,No internet service,Month-to-month,Yes,Mailed check,27.9,1342.89,1,Yes
CUST01063,Male,0,Yes,No,30,Yes,Yes,DSL,No internet service,No internet service,Yes,Month-to-month,Yes,Mailed check,114.64,3447.39,2,Yes
CUST01064,Male,0,Yes,No,35,Yes,Yes,DSL,No internet service,Yes,Yes,One year,Yes,Electronic check,60.44,2118.07,0,No
CUST01065,Female,0,No,Yes,32,Yes,Yes,DSL,No internet service,No internet service,Yes,Month-to-month,Yes,Credit card,52.95,1737.79,2,No
CUST01066,Male,0,Yes,No,32,Yes,No,Fiber optic,Yes,No internet service,No,Month-to-month,Yes,Bank transfer,63.57,2061.02,1,Yes
CUST01067,Male,0,No,Yes,22,Yes,Yes,DSL,Yes,Yes,Yes,One year,No,Electronic check,40.09,910.52,1,No
CUST01068,Male,0,No,No,59,Yes,No,No,No internet service,No,No,Month-to-month,Yes,Mailed check,28.22,1692.73,0,No
CUST01069,Male,0,Yes,Yes,29,Yes,No phone service,DSL,Yes,No,No,One year,Yes,Electronic check,33.16,999.39,1,No
CUST01070,Male,1,No,Yes,44,Yes,No phone service,DSL,Yes,No,Yes,One year,No,Credit card,35.0,1547.28,0,No
CUST01071,Male,0,No,No,38,No,No,DSL,Yes,Yes,No internet service,Month-to-month,No,Bank transfer,38.16,1480.78,2,No
CUST01072,Female,1,Yes,No,44,Yes,No phone service,No,No,No,No,One year,No,Credit card,60.84,2700.43,4,Yes
CUST01073,Female,0,No,No,11,No,No phone service,Fiber optic,Yes,Yes,Yes,One year,No,Credit card,81.64,942.89,1,No
CUST01074,Male,0,Yes,Yes,31,Yes,Yes,No,Yes,Yes,No,Month-to-month,Yes,Electronic check,82.15,2572.63,2,Yes
CUST01075,Male,0,No,No,55,Yes,No phone service,No,No internet service,No internet service,Yes,Month-to-month,Yes,Electronic check,18.01,1037.7,1,No
CUST01076,Male,0,No,Yes,23,Yes,No phone service,Fiber optic,No internet service,No internet service,Yes,Month-to-month,Yes,Credit card,111.94,2592.28,1,Yes
CUST01077,Female,1,Yes,No,12,Yes,No,DSL,No,No,No,Two year,Yes,Mailed check,101.93,1271.5,1,No
CUST01078,Male,0,Yes,No,19,Yes,Yes,DSL,No,Yes,Yes,One year,Yes,Bank transfer,116.32,2253.84,0,No
CUST01079,Female,0,No,No,55,No,No phone service,DSL,Yes,No,No,Month-to-month,No,Mailed check,54.72,3038.81,2,Yes
CUST01080,Male,0,No,No,52,No,No phone service,Fiber optic,Yes,No,Yes,One year,Yes,Mailed check,85.81,4479.81,1,No
CUST01081,Male,0,Yes,No,67,Yes,No,DSL,No internet service,No internet service,No internet service,Month-to-month,Yes,Bank transfer,35.14,2373.18,0,Yes
CUST01082,Male,1,No,No,53,Yes,No phone service,DSL,Yes,No,No internet service,One year,Yes,Electronic check,101.34,5409.66,2,Yes
CUST01083,Male,0,No,No,33,Yes,Yes,Fiber optic,Yes,No,No,One year,No,Mailed check,34.46,1166.21,2,No
CUST01084,Female,0,No,No,27,Yes,Yes,Fiber optic,Yes,No internet service,No,Month-to-month,Yes,Electronic check,51.25,1403.83,1,No
CUST01085,Female,0,No,No,49,Yes,Yes,Fiber optic,Yes,No,No,Two year,Yes,Bank transfer,68.07,3367.23,1,No
CUST01086,Male,0,Yes,Yes,1,Yes,No,Fiber optic,Yes,No,No,One year,Yes,Mailed check,78.64,115.3,2,No
CUST01087,Male,0,Yes,No,25,Yes,Yes,No,Yes,Yes,No internet service,One year,Yes,Electronic check,75.08,1878.15,2,No
CUST01088,Female,0,Yes,No,50,Yes,Yes,Fiber optic,Yes,No,No,Month-to-month,Yes,Electronic check,28.41,1424.99,1,Yes
CUST01089,Female,0,Yes,No,46,Yes,Yes,DSL,Yes,No internet service,Yes,Two year,Yes,Mailed check,61.01,2811.18,0,No
CUST01090,Female,0,Yes,Yes,25,Yes,Yes,Fiber optic,No internet service,No internet service,Yes,Two year,Yes,Bank transfer,112.14,2815.1,2,No
CUST01091,Female,0,Yes,Yes,60,Yes,Yes,No,No,Yes,No,Month-to-month,No,Credit card,106.98,6440.15,1,Yes
CUST01092,Male,0,No,No,22,Yes,Yes,DSL,Yes,No internet service,Yes,Month-to-month,Yes,Electronic check,78.26,1761.9,3,No
CUST01093,Female,0,Yes,No,36,No,No,Fiber optic,No internet service,No internet service,No,Month-to-month,No,Bank transfer,76.38,2767.23,0,No
CUST01094,Male,0,No,Yes,40,Yes,Yes,Fiber optic,Yes,No internet service,Yes,One year,Yes,Mailed check,29.39,1176.47,0,No
CUST01095,Female,0,No,No,51,No,No phone service,DSL,Yes,No,Yes,One year,Yes,Electronic check,38.43,1984.1,0,No
CUST01096,Female,0,No,No,48,Yes,No,No,No,Yes,No,Month-to-month,Yes,Electronic check,43.77,2150.79,5,No
CUST01097,Female,0,Yes,No,26,Yes,No phone service,DSL,No internet service,Yes,No,Two year,Yes,Electronic check,67.8,1780.25,0,No
CUST01098,Female,0,No,Yes,5,Yes,No phone service,Fiber optic,Yes,Yes,No internet service,Month-to-month,Yes,Bank transfer,92.6,511.06,2,No
CUST01099,Female,0,Yes,Yes,65,Yes,Yes,Fiber optic,No,Yes,No,One year,Yes,Electronic check,64.99,4229.42,1,No
CUST01100,Male,0,No,No,23,Yes,No phone service,Fiber optic,No,No internet service,No internet service,Month-to-month,No,Electronic check,30.86,718.43,2,Yes
CUST01101,Male,0,No,Yes,37,Yes,No phone service,DSL,Yes,No,No,Month-to-month,No,Mailed check,62.81,2360.18,1,No
CUST01102,Female,0,Yes,Yes,27,Yes,No phone service,DSL,Yes,No internet service,Yes,Month-to-month,No,Electronic check,34.59,958.99,2,No
CUST01103,Female,0,No,No,27,Yes,Yes,DSL,No internet service,No internet service,No internet service,Month-to-month,Yes,Bank transfer,94.62,2593.0,1,Yes
CUST01104,Male,0,No,No,65,Yes,Yes,DSL,No internet service,No internet service,Yes,One year,No,Mailed check,34.98,2316.88,3,No
CUST01105,Female,0,No,Yes,60,No,Yes,DSL,Yes,No internet service,No,One year,Yes,Credit card,67.22,4045.75,2,No
CUST01106,Female,0,No,Yes,45,Yes,No,No,Yes,Yes,No,Month-to-month,No,Mailed check,88.73,4026.99,0,Yes
CUST01107,Male,0,Yes,Yes,68,Yes,Yes,Fiber optic,No,Yes,No,Month-to-month,Yes,Electronic check,41.28,2837.42,4,No
CUST01108,Female,0,No,Yes,42,No,Yes,Fiber optic,No internet service,No,No,Month-to-month,Yes,Credit card,25.76,1125.0,1,No
CUST01109,Female,0,No,No,58,No,No phone service,Fiber optic,Yes,No internet service,No internet service,One year,No,Mailed check,75.46,4398.19,7,No
CUST01110,Male,0,Yes,No,1,Yes,Yes,Fiber optic,Yes,Yes,No internet service,One year,No,Electronic check,23.53,26.12,0,No
CUST01111,Male,0,No,No,14,Yes,No phone service,No,No internet service,No,No,Month-to-month,Yes,Mailed check,77.95,1120.01,3,Yes
CUST01112,Male,0,No,No,36,Yes,Yes,DSL,Yes,No internet service,Yes,One year,Yes,Bank transfer,94.86,3462.9,2,No
CUST01113,Female,0,No,No,70,Yes,Yes,No,No,No internet service,No internet service,Month-to-month,Yes,Electronic check,51.59,3612.03,5,Yes
CUST01114,Male,0,No,Yes,19,Yes,Yes,Fiber optic,No,Yes,Yes,Two year,No,Bank transfer,67.81,1300.4,0,Yes
CUST01115,Male,0,Yes,No,34,Yes,Yes,No,Yes,No internet service,No,Two year,Yes,Electronic check,112.73,3848.62,3,No
CUST01116,Male,0,No,No,33,Yes,Yes,Fiber optic,No internet service,No internet service,No internet service,One year,No,Bank transfer,66.05,2217.94,1,No
CUST01117,Male,0,Yes,No,30,Yes,Yes,Fiber optic,No,Yes,No internet service,Two year,Yes,Credit card,119.65,3605.66,1,No
CUST01118,Male,0,No,Yes,18,Yes,Yes,DSL,No internet service,No,No internet service,Two year,Yes,Bank transfer,34.01,624.13,0,Yes
CUST01119,Male,1,No,No,67,Yes,No phone service,DSL,No internet service,No,Yes,Two year,No,Mailed check,90.31,6083.2,1,No
CUST01120,Female,0,No,No,23,Yes,No,Fiber optic,No internet service,Yes,No,One year,Yes,Electronic check,84.57,1947.43,2,No
CUST01121,Female,0,Yes,No,38,Yes,No,No,No,Yes,No,Month-to-month,Yes,Mailed check,106.98,4073.77,0,No
CUST01122,Male,1,No,Yes,53,Yes,Yes,Fiber optic,No,No,No internet service,Month-to-month,Yes,Bank transfer,27.43,1474.19,1,No
CUST01123,Male,0,No,No,38,Yes,No,DSL,Yes,No,No internet service,Month-to-month,No,Electronic check,46.58,1787.82,2,No
CUST01124,Male,1,Yes,No,16,Yes,No phone service,No,No internet service,Yes,No,One year,No,Bank transfer,31.48,521.04,1,No
CUST01125,Female,0,Yes,No,18,Yes,No phone service,Fiber optic,No,Yes,Yes,Month-to-month,No,Credit card,113.18,2042.67,1,Yes
CUST01126,Female,1,Yes,No,47,Yes,No phone service,DSL,No,Yes,No internet service,Month-to-month,No,Credit card,61.52,2909.48,1,No
CUST01127,Female,0,Yes,Yes,34,Yes,No,DSL,Yes,No internet service,Yes,Month-to-month,No,Credit card,110.83,3808.12,2,No
CUST01128,Female,0,No,Yes,31,Yes,No,DSL,No,Yes,Yes,Month-to-month,Yes,Bank transfer,48.03,1509.62,0,No
CUST01129,Female,0,No,No,46,Yes,No,No,No,No internet service,No,One year,Yes,Bank transfer,30.89,1450.25,4,No
CUST01130,Female,0,No,No,46,Yes,Yes,No,No,No,No,Two year,No,Credit card,48.25,2227.68,0,No
CUST01131,Female,0,No,Yes,63,Yes,No phone service,DSL,Yes,No,Yes,One year,No,Bank transfer,78.91,4974.82,2,No
CUST01132,Female,0,Yes,No,45,Yes,No phone service,DSL,Yes,Yes,Yes,One year,Yes,Mailed check,104.21,4733.45,3,No
CUST01133,Female,0,No,No,34,Yes,Yes,Fiber optic,No internet service,Yes,No,One year,Yes,Bank transfer,57.31,1965.11,2,No
CUST01134,Male,0,No,Yes,16,Yes,No,No,No,No,No internet service,Month-to-month,Yes,Mailed check,111.31,1798.48,2,No
CUST01135,Male,0,No,No,41,Yes,No phone service,Fiber optic,Yes,No,Yes,Month-to-month,Yes,Credit card,42.91,1803.19,2,No
CUST01136,Male,0,No,No,28,Yes,No,Fiber optic,Yes,No,No internet service,Two year,Yes,Bank transfer,88.74,2520.11,1,No
CUST01137,Male,1,Yes,No,69,Yes,Yes,DSL,Yes,No,Yes,Month-to-month,No,Credit card,93.04,6457.57,1,Yes
CUST01138,Female,0,No,No,16,Yes,No,Fiber optic,No internet service,Yes,No,Month-to-month,Yes,Electronic check,45.94,769.14,2,Yes
CUST01139,Female,1,No,No,13,Yes,Yes,DSL,No internet service,No internet service,No internet service,One year,No,Bank transfer,20.75,275.04,0,No
CUST01140,Male,0,No,Yes,23,Yes,No,No,No internet service,No,No,Month-to-month,No,Bank transfer,55.25,1318.65,1,No
CUST01141,Female,0,Yes,No,56,Yes,Yes,Fiber optic,No internet service,No,Yes,Month-to-month,No,Credit card,22.61,1311.62,2,No
CUST01142,Male,0,Yes,Yes,49,Yes,No phone service,No,No internet service,No internet service,No,Month-to-month,Yes,Credit card,109.88,5395.93,0,No
CUST01143,Female,0,No,No,56,Yes,Yes,Fiber optic,No,Yes,No internet service,Month-to-month,Yes,Credit card,115.26,6494.76,0,No
CUST01144,Male,0,No,Yes,60,Yes,No,No,No,No internet service,No,Month-to-month,Yes,Electronic check,93.01,5601.07,0,No
CUST01145,Female,0,No,No,38,Yes,No phone service,DSL,Yes,Yes,No internet service,Month-to-month,Yes,Electronic check,92.12,3534.75,2,No
CUST01146,Female,0,Yes,No,54,Yes,No,Fiber optic,No internet service,Yes,No,One year,Yes,Credit card,42.57,2307.06,0,No
CUST01147,Male,1,No,No,35,Yes,No,Fiber optic,No internet service,Yes,No,Two year,No,Bank transfer,25.54,920.83,1,No
CUST01148,Female,0,No,Yes,36,Yes,Yes,DSL,Yes,Yes,No internet service,Month-to-month,Yes,Bank transfer,99.81,3599.49,1,No
CUST01149,Male,0,No,No,13,Yes,Yes,No,No,Yes,No internet service,Two year,No,Credit card,75.03,1002.2,0,Yes
CUST01150,Male,0,Yes,No,26,Yes,No,Fiber optic,No internet service,No,No internet service,Month-to-month,No,Mailed check,87.53,2287.96,2,Yes
CUST01151,Male,0,No,No,30,Yes,Yes,Fiber optic,No internet service,Yes,Yes,Month-to-month,No,Electronic check,97.52,2948.22,1,No
CUST01152,Male,0,No,Yes,72,Yes,No,No,No internet service,No,No,Month-to-month,No,Electronic check,59.76,4336.12,2,Yes
CUST01153,Female,0,Yes,No,43,Yes,Yes,No,No,Yes,No internet service,One year,Yes,Mailed check,32.74,1451.67,1,No
CUST01154,Female,0,Yes,No,67,Yes,Yes,Fiber optic,No,No,Yes,Month-to-month,No,Credit card,99.09,6647.29,4,No
CUST01155,Female,0,No,Yes,47,Yes,No,No,No internet service,No internet service,Yes,One year,Yes,Bank transfer,64.28,3065.82,3,No
CUST01156,Male,0,Yes,No,56,Yes,No phone service,DSL,No internet service,No internet service,No internet service,One year,No,Bank transfer,102.35,5751.1,3,No
CUST01157,Female,0,No,No,21,Yes,Yes,DSL,Yes,No,No internet service,Month-to-month,Yes,Electronic check,62.65,1357.84,4,Yes
CUST01158,Male,1,Yes,No,3,Yes,No,Fiber optic,Yes,Yes,No internet service,One year,Yes,Mailed check,40.14,146.05,0,No
CUST01159,Female,0,Yes,No,71,No,No phone service,Fiber optic,No,No,Yes,Two year,Yes,Bank transfer,35.44,2559.35,1,No
CUST01160,Female,0,No,No,45,Yes,Yes,Fiber optic,Yes,No,Yes,Month-to-month,Yes,Electronic check,93.88,4257.74,2,Yes
CUST01161,Female,0,No,No,58,No,Yes,DSL,No internet service,Yes,No,Month-to-month,Yes,Bank transfer,76.64,4470.56,4,No
CUST01162,Male,1,No,No,33,Yes,No,Fiber optic,No,No internet service,Yes,One year,Yes,Bank transfer,59.27,1971.54,1,No
CUST01163,Female,0,Yes,No,10,Yes,Yes,No,Yes,No,No internet service,One year,No,Bank transfer,68.2,730.45,0,No
CUST01164,Female,0,No,No,30,Yes,No,Fiber optic,No,No internet service,No,Month-to-month,Yes,Electronic check,74.06,2261.84,0,Yes
CUST01165,Male,0,No,No,10,Yes,No,No,No internet service,No internet service,No,Month-to-month,Yes,Mailed check,42.42,443.26,1,Yes
CUST01166,Female,0,No,Yes,55,Yes,Yes,Fiber optic,Yes,No internet service,No,Month-to-month,Yes,Credit card,56.57,3119.69,1,No
CUST01167,Male,0,No,No,37,Yes,No phone service,DSL,Yes,No,No,Month-to-month,Yes,Mailed check,47.83,1808.69,2,No
CUST01168,Female,0,No,No,20,Yes,Yes,DSL,Yes,No,No internet service,Month-to-month,Yes,Bank transfer,57.62,1201.9,2,No
CUST01169,Male,0,Yes,Yes,9,Yes,No phone service,DSL,No internet service,Yes,No,Two year,No,Mailed check,69.06,635.49,2,No
CUST01170,Male,0,No,Yes,25,Yes,Yes,No,No,Yes,No internet service,One year,Yes,Bank transfer,35.68,937.79,0,Yes
CUST01171,Female,0,No,No,7,Yes,No phone service,DSL,Yes,No,Yes,Month-to-month,Yes,Electronic check,58.14,413.25,1,No
CUST01172,Male,0,Yes,No,7,Yes,Yes,DSL,No,Yes,No internet service,One year,Yes,Electronic check,57.32,448.85,1,No
CUST01173,Male,0,No,No,59,Yes,No phone service,No,No,No internet service,No,Two year,Yes,Electronic check,47.17,2820.3,3,No
CUST01174,Male,0,No,No,71,Yes,No phone service,Fiber optic,No,No internet service,Yes,Month-to-month,Yes,Bank transfer,119.85,8526.68,3,No
CUST01175,Male,1,No,Yes,33,Yes,Yes,DSL,No internet service,No,Yes,Month-to-month,No,Mailed check,25.51,857.06,3,No
CUST01176,Male,0,No,No,15,Yes,Yes,DSL,No internet service,No internet service,Yes,Month-to-month,Yes,Credit card,83.58,1285.87,2,Yes
CUST01177,Male,0,No,No,12,Yes,No,No,Yes,No,No,One year,Yes,Credit card,35.79,459.16,2,No
CUST01178,Female,0,Yes,No,21,Yes,No phone service,No,Yes,No,No internet service,Month-to-month,No,Electronic check,103.63,2222.18,1,Yes
CUST01179,Male,0,Yes,Yes,26,Yes,Yes,DSL,No,No,No internet service,Two year,Yes,Credit card,111.25,2930.81,2,No
CUST01180,Male,0,Yes,No,63,Yes,No,Fiber optic,No,No internet service,No,Month-to-month,No,Bank transfer,58.95,3740.87,1,No
CUST01181,Female,0,No,Yes,1,No,Yes,No,No,No,No,Month-to-month,Yes,Mailed check,101.99,148.37,2,Yes
CUST01182,Female,0,Yes,No,25,Yes,No phone service,Fiber optic,No internet service,No,Yes,Month-to-month,Yes,Credit card,43.49,1116.89,0,Yes
CUST01183,Female,0,No,No,68,Yes,Yes,No,No internet service,Yes,No internet service,Month-to-month,No,Credit card,32.29,2238.2,1,No
CUST01184,Female,0,No,No,29,Yes,Yes,Fiber optic,Yes,No internet service,No,One year,Yes,Mailed check,50.22,1498.43,2,Yes
CUST01185,Female,0,No,Yes,7,Yes,No,No,No,No,No,Two year,No,Credit card,52.85,415.91,1,No
CUST01186,Female,0,Yes,No,37,Yes,Yes,DSL,No,Yes,No internet service,Month-to-month,Yes,Mailed check,58.53,2168.99,0,No
CUST01187,Female,0,Yes,No,60,Yes,No,DSL,No internet service,No,Yes,Two year,No,Bank transfer,56.04,3391.59,1,No
CUST01188,Male,0,Yes,No,64,Yes,No phone service,Fiber optic,Yes,No internet service,Yes,Two year,No,Bank transfer,59.94,,1,No
CUST01189,Male,0,No,No,66,Yes,No phone service,Fiber optic,No,Yes,Yes,Month-to-month,No,Bank transfer,90.42,5992.25,2,Yes
CUST01190,Female,0,Yes,No,45,Yes,Yes,No,No,Yes,No internet service,One year,No,Electronic check,43.05,1960.25,1,No
CUST01191,Male,0,No,No,71,Yes,No,DSL,Yes,No,No,Month-to-month,No,Bank transfer,19.89,1454.06,0,No
CUST01192,Male,0,Yes,No,42,Yes,No phone service,No,No,No,No,One year,Yes,Credit card,67.95,2869.82,1,No
CUST01193,Male,0,Yes,No,58,Yes,Yes,DSL,No internet service,No internet service,No,Month-to-month,Yes,Electronic check,63.73,3719.48,3,No
CUST01194,Female,0,No,Yes,45,Yes,Yes,Fiber optic,Yes,No internet service,No,One year,Yes,Electronic check,24.13,1095.88,0,No
CUST01195,Female,1,No,No,71,Yes,Yes,DSL,No,No,No internet service,Month-to-month,Yes,Electronic check,31.65,2259.74,6,No
CUST01196,Male,0,Yes,No,34,Yes,Yes,Fiber optic,No,Yes,Yes,Two year,No,Bank transfer,70.01,2413.36,2,Yes
CUST01197,Female,0,Yes,Yes,38,Yes,Yes,Fiber optic,No internet service,No internet service,Yes,Two year,Yes,Electronic check,41.94,1599.57,1,No
CUST01198,Male,0,Yes,No,50,Yes,No,Fiber optic,No internet service,No internet service,Yes,Month-to-month,Yes,Bank transfer,107.52,5385.39,0,No
CUST01199,Male,0,No,No,3,No,Yes,DSL,No internet service,Yes,Yes,Month-to-month,No,Bank transfer,35.68,133.44,0,No
CUST01200,Male,0,No,No,50,Yes,Yes,Fiber optic,No,No,No,Month-to-month,Yes,Electronic check,20.05,1004.69,3,No
CUST01201,Male,0,Yes,No,4,Yes,Yes,No,No,No internet service,No,One year,Yes,Electronic check,63.65,260.95,1,No
CUST01202,Female,1,Yes,Yes,54,No,Yes,DSL,No,Yes,No internet service,Month-to-month,Yes,Credit card,118.59,6447.03,2,No
CUST01203,Female,0,No,No,19,No,Yes,DSL,Yes,No internet service,Yes,One year,Yes,Electronic check,82.65,1612.66,2,No
CUST01204,Female,0,Yes,Yes,23,Yes,Yes,DSL,No internet service,Yes,No,Month-to-month,No,Bank transfer,54.11,1261.92,2,Yes
CUST01205,Male,0,No,No,35,Yes,Yes,No,Yes,No internet service,No,Month-to-month,Yes,Credit card,19.72,707.6,0,No
CUST01206,Female,0,No,Yes,33,Yes,No phone service,Fiber optic,No internet service,No,No,Month-to-month,Yes,Credit card,67.46,2273.01,1,No
CUST01207,Male,0,No,Yes,53,Yes,No phone service,DSL,No,Yes,Yes,Month-to-month,No,Bank transfer,39.06,2071.47,1,Yes
CUST01208,Female,0,No,No,33,Yes,Yes,Fiber optic,Yes,No internet service,No,One year,Yes,Electronic check,84.07,2803.32,0,No
CUST01209,Male,0,No,No,16,Yes,No,Fiber optic,Yes,No internet service,Yes,Two year,No,Electronic check,77.47,1269.39,0,No
CUST01210,Male,0,No,No,4,Yes,Yes,DSL,No internet service,Yes,Yes,Month-to-month,No,Mailed check,45.05,219.59,2,No
CUST01211,Male,0,Yes,No,17,Yes,No,No,Yes,Yes,No internet service,Month-to-month,Yes,Electronic check,25.03,473.1,4,No
CUST01212,Female,0,No,Yes,54,Yes,No,Fiber optic,Yes,No,No internet service,Month-to-month,Yes,Mailed check,95.01,5148.33,6,Yes
CUST01213,Female,0,No,Yes,52,Yes,No,Fiber optic,No,Yes,Yes,One year,Yes,Credit card,77.72,4063.33,1,No
CUST01214,Female,0,Yes,No,49,Yes,No,Fiber optic,No internet service,No internet service,Yes,Month-to-month,No,Credit card,103.9,5124.66,4,Yes
CUST01215,Female,0,No,Yes,71,Yes,No,No,Yes,No,Yes,One year,Yes,Credit card,44.5,3207.86,1,No
CUST01216,Male,0,Yes,No,44,Yes,No phone service,DSL,No,Yes,No,Two year,Yes,Mailed check,84.59,3766.5,0,No
CUST01217,Female,0,No,No,12,Yes,Yes,DSL,Yes,No internet service,No,Month-to-month,No,Bank transfer,30.11,394.67,2,No
CUST01218,Female,1,Yes,No,15,Yes,No phone service,DSL,No,Yes,No,One year,Yes,Bank transfer,47.76,759.24,1,No
CUST01219,Male,1,Yes,No,12,Yes,No phone service,Fiber optic,Yes,No internet service,No internet service,Month-to-month,Yes,Credit card,84.97,1023.9,2,Yes
CUST01220,Male,0,No,No,19,Yes,Yes,Fiber optic,No,No internet service,Yes,Month-to-month,No,Mailed check,102.21,1960.85,1,Yes
CUST01221,Male,1,No,No,65,Yes,No phone service,Fiber optic,No,No,No,Month-to-month,Yes,Mailed check,50.73,3298.1,1,No
CUST01222,Female,0,No,Yes,46,Yes,Yes,DSL,No internet service,No,No,Month-to-month,No,Credit card,99.48,4584.95,1,No
CUST01223,Male,0,No,Yes,18,Yes,Yes,Fiber optic,No,Yes,No internet service,Month-to-month,No,Electronic check,87.13,1599.86,2,Yes
CUST01224,Male,0,Yes,No,44,Yes,Yes,Fiber optic,Yes,No,No internet service,Month-to-month,Yes,Credit card,53.56,2400.92,0,Yes
CUST01225,Male,0,Yes,No,36,Yes,Yes,Fiber optic,No,Yes,Yes,Month-to-month,No,Mailed check,107.39,3897.68,2,No
CUST01226,Female,0,Yes,No,53,Yes,No,No,No,No,Yes,Month-to-month,Yes,Electronic check,69.94,3740.03,2,Yes
CUST01227,Male,0,No,No,5,Yes,No,DSL,Yes,No,No,One year,No,Bank transfer,84.12,425.79,0,No
CUST01228,Female,0,Yes,Yes,13,Yes,No phone service,Fiber optic,Yes,Yes,No,Two year,Yes,Electronic check,68.55,924.39,2,No
CUST01229,Female,0,No,No,3,Yes,Yes,DSL,No,No,No,Month-to-month,Yes,Bank transfer,64.18,215.26,1,No
CUST01230,Male,0,No,No,54,Yes,Yes,Fiber optic,Yes,No,No,Month-to-month,Yes,Mailed check,104.49,5675.03,1,Yes
CUST01231,Male,0,Yes,Yes,33,Yes,Yes,No,No,No,No,Month-to-month,Yes,Credit card,48.06,1602.29,3,No
CUST01232,Female,0,No,No,26,Yes,Yes,No,No,No,No internet service,Two year,No,Credit card,21.74,594.31,2,No
CUST01233,Male,0,Yes,Yes,6,Yes,No,DSL,No,Yes,Yes,One year,No,Credit card,107.74,667.64,1,No
CUST01234,Male,1,No,No,2,Yes,No,Fiber optic,Yes,No internet service,No internet service,Month-to-month,No,Credit card,102.15,232.23,1,Yes
CUST01235,Female,1,Yes,No,46,Yes,No,DSL,No internet service,Yes,Yes,Month-to-month,Yes,Credit card,55.39,2555.29,2,No
CUST01236,Female,0,No,No,1,Yes,No phone service,No,No internet service,Yes,Yes,Month-to-month,Yes,Mailed check,36.92,56.71,0,No
CUST01237,Male,1,Yes,No,24,Yes,Yes,Fiber optic,No,Yes,Yes,Month-to-month,No,Mailed check,86.9,2104.31,3,Yes
CUST01238,Female,0,Yes,No,59,Yes,No,Fiber optic,No,No,No internet service,Two year,Yes,Credit card,26.03,1572.59,1,No
CUST01239,Male,1,No,No,23,Yes,No,DSL,Yes,No,No,Two year,No,Electronic check,61.22,1443.38,2,No
CUST01240,Male,0,No,No,14,Yes,Yes,No,No internet service,No internet service,Yes,Month-to-month,No,Credit card,26.76,420.08,1,No
CUST01241,Male,0,Yes,No,13,No,No,Fiber optic,No internet service,No,Yes,Month-to-month,Yes,Bank transfer,78.99,1058.47,0,Yes
CUST01242,Female,0,No,No,53,Yes,Yes,DSL,No internet service,No internet service,No internet service,Month-to-month,No,Bank transfer,20.78,1117.07,2,No
CUST01243,Male,0,No,Yes,5,Yes,Yes,Fiber optic,Yes,No internet service,No internet service,Month-to-month,No,Bank transfer,82.18,450.06,2,Yes
CUST01244,Male,0,No,No,17,Yes,No,DSL,Yes,No,No,Two year,No,Bank transfer,86.67,1498.24,1,Yes
CUST01245,Male,0,Yes,Yes,19,Yes,No phone service,Fiber optic,Yes,No internet service,No,Month-to-month,Yes,Credit card,67.69,1295.78,0,No
CUST01246,Female,0,Yes,Yes,61,Yes,Yes,No,No,Yes,Yes,Month-to-month,Yes,Bank transfer,35.85,2224.22,1,No
CUST01247,Female,0,No,No,39,Yes,No phone service,No,Yes,Yes,No internet service,Month-to-month,Yes,Electronic check,28.34,1111.89,0,No
CUST01248,Female,0,No,No,38,Yes,No,Fiber optic,No,Yes,No,Two year,Yes,Credit card,49.96,1907.39,2,No
CUST01249,Female,0,Yes,Yes,51,Yes,Yes,No,No,No internet service,No,One year,Yes,Bank transfer,65.45,3375.89,3,Yes
CUST01250,Female,0,No,No,31,Yes,Yes,Fiber optic,No,No internet service,No,Month-to-month,No,Credit card,83.51,2627.32,0,Yes
CUST01251,Male,0,Yes,No,72,Yes,No,DSL,No,Yes,No internet service,Month-to-month,No,Credit card,18.13,1344.9,1,No
CUST01252,Female,0,No,No,26,Yes,No phone service,No,Yes,No,No internet service,Month-to-month,Yes,Credit card,90.53,2368.45,0,Yes
CUST01253,Female,0,No,Yes,51,Yes,No,DSL,Yes,Yes,No internet service,Two year,Yes,Mailed check,90.7,4669.03,1,No
CUST01254,Female,0,No,No,62,Yes,No,DSL,No internet service,No,No internet service,Month-to-month,No,Bank transfer,63.34,3963.21,4,No
CUST01255,Male,1,Yes,No,62,Yes,No,No,No internet service,No,No internet service,Month-to-month,Yes,Mailed check,53.03,3329.56,2,No
CUST01256,Female,0,Yes,No,16,Yes,No phone service,DSL,No,No internet service,Yes,Month-to-month,No,Electronic check,103.92,1698.15,5,Yes
CUST01257,Female,0,Yes,Yes,48,Yes,Yes,Fiber optic,No internet service,No internet service,Yes,One year,No,Electronic check,98.03,4734.42,0,Yes
CUST01258,Male,1,Yes,Yes,22,Yes,Yes,No,No internet service,No,No internet service,Month-to-month,No,Mailed check,118.29,2607.85,0,No
CUST01259,Female,0,No,No,71,Yes,No,Fiber optic,No internet service,No,Yes,Month-to-month,No,Bank transfer,55.94,4007.29,0,No
CUST01260,Male,0,No,No,12,Yes,No,DSL,No,No,No internet service,One year,No,Credit card,110.5,1360.52,2,Yes
CUST01261,Male,0,Yes,Yes,22,Yes,No phone service,Fiber optic,No internet service,No internet service,Yes,One year,Yes,Electronic check,26.91,607.64,1,No
CUST01262,Male,0,No,Yes,56,Yes,No,DSL,Yes,Yes,Yes,One year,Yes,Electronic check,59.97,3395.11,3,No
CUST01263,Male,0,No,No,61,Yes,No phone service,Fiber optic,No,No,No,Two year,Yes,Electronic check,65.47,4021.19,2,No
CUST01264,Male,0,Yes,Yes,53,Yes,No phone service,Fiber optic,Yes,No internet service,No internet service,Month-to-month,Yes,Bank transfer,62.97,3365.38,1,Yes
CUST01265,Female,0,No,No,19,Yes,No phone service,Fiber optic,No,Yes,Yes,Month-to-month,No,Mailed check,81.76,1571.82,1,No
CUST01266,Male,1,No,Yes,51,Yes,No,Fiber optic,Yes,No internet service,Yes,Two year,Yes,Mailed check,35.36,1809.2,2,No
CUST01267,Male,0,Yes,Yes,22,Yes,Yes,Fiber optic,No internet service,Yes,No,Month-to-month,No,Bank transfer,106.38,2351.21,1,Yes
CUST01268,Female,0,No,No,34,Yes,No phone service,Fiber optic,No,No internet service,Yes,One year,Yes,Electronic check,74.28,2563.96,2,No
CUST01269,Male,0,No,No,66,Yes,Yes,No,Yes,Yes,No,One year,Yes,Bank transfer,110.23,7288.75,1,No
CUST01270,Female,0,No,No,33,Yes,No phone service,DSL,No,No,Yes,Month-to-month,No,Bank transfer,18.27,603.02,2,No
CUST01271,Female,0,Yes,No,32,No,No,No,Yes,No internet service,No,Month-to-month,Yes,Mailed check,82.26,2682.17,1,Yes
CUST01272,Female,0,Yes,No,45,Yes,No phone service,Fiber optic,No internet service,Yes,No,One year,No,Bank transfer,60.07,2713.68,3,No
CUST01273,Male,0,No,No,44,Yes,No phone service,DSL,No,Yes,No internet service,Two year,No,Bank transfer,69.52,3091.65,2,No
CUST01274,Male,0,No,Yes,18,Yes,Yes,DSL,No,Yes,No internet service,One year,Yes,Electronic check,93.87,1736.01,2,No
CUST01275,Male,0,No,No,14,Yes,No,Fiber optic,Yes,No,Yes,Month-to-month,Yes,Credit card,41.17,606.37,4,Yes
CUST01276,Female,0,Yes,No,65,Yes,No phone service,Fiber optic,Yes,No internet service,No internet service,Month-to-month,Yes,Electronic check,38.9,2568.45,1,Yes
CUST01277,Male,0,Yes,No,38,Yes,No,DSL,No internet service,Yes,No internet service,Month-to-month,No,Mailed check,89.71,3457.8,4,Yes
CUST01278,Male,0,Yes,Yes,17,Yes,Yes,No,Yes,No,No internet service,Month-to-month,No,Credit card,71.18,1253.08,0,Yes
CUST01279,Male,0,No,No,69,Yes,No,Fiber optic,Yes,No,Yes,Month-to-month,Yes,Electronic check,41.83,2914.17,3,Yes
CUST01280,Female,0,No,No,58,Yes,No,No,Yes,No,Yes,Two year,No,Bank transfer,67.37,3925.65,0,No
CUST01281,Female,0,No,No,31,Yes,Yes,DSL,No internet service,No,No internet service,One year,Yes,Bank transfer,64.87,2035.09,3,No
CUST01282,Male,1,No,Yes,20,Yes,No phone service,DSL,No internet service,No,No internet service,One year,No,Credit card,88.53,1812.69,4,No
CUST01283,Male,1,No,Yes,39,Yes,No phone service,DSL,No,No,Yes,Month-to-month,No,Credit card,18.27,755.2,0,Yes
CUST01284,Male,0,Yes,No,26,Yes,No,DSL,No internet service,No,No internet service,Month-to-month,No,Bank transfer,77.85,2066.39,3,Yes
CUST01285,Male,1,No,Yes,1,Yes,No phone service,No,Yes,No internet service,No,Two year,No,Mailed check,79.78,109.64,2,No
CUST01286,Female,0,No,No,38,Yes,Yes,DSL,No,No internet service,Yes,Month-to-month,Yes,Electronic check,94.04,3597.37,0,Yes
CUST01287,Female,1,No,No,55,Yes,No,Fiber optic,No internet service,No,Yes,Month-to-month,No,Bank transfer,108.7,5994.07,3,No
CUST01288,Female,0,Yes,Yes,12,Yes,No,DSL,No internet service,Yes,No,Month-to-month,Yes,Electronic check,62.9,754.97,2,No
CUST01289,Female,1,No,No,55,No,No phone service,Fiber optic,Yes,Yes,No internet service,Two year,No,Electronic check,52.94,2949.92,0,No
CUST01290,Male,1,Yes,No,65,Yes,No phone service,No,Yes,Yes,No,Two year,Yes,Electronic check,28.44,1862.45,3,No
CUST01291,Male,0,Yes,No,55,Yes,No phone service,Fiber optic,No internet service,No,No internet service,Month-to-month,No,Electronic check,52.36,2896.28,1,No
CUST01292,Male,1,Yes,Yes,27,Yes,No,Fiber optic,No,Yes,No internet service,Two year,No,Mailed check,24.99,716.9,2,No
CUST01293,Female,0,Yes,Yes,63,Yes,No phone service,DSL,Yes,No internet service,Yes,Month-to-month,No,Mailed check,99.89,6295.68,2,No
CUST01294,Male,0,Yes,No,70,Yes,No,No,No internet service,No internet service,Yes,Month-to-month,Yes,Mailed check,100.31,7068.08,1,No
CUST01295,Female,0,No,Yes,63,Yes,No phone service,Fiber optic,No internet service,No internet service,No internet service,Two year,No,Bank transfer,60.56,3815.35,2,No
CUST01296,Female,0,No,No,55,Yes,No,Fiber optic,Yes,No internet service,No,Two year,No,Bank transfer,44.48,2493.36,2,No
CUST01297,Male,0,Yes,Yes,40,Yes,No,Fiber optic,No,No,Yes,One year,No,Bank transfer,30.04,1224.34,3,No
CUST01298,Male,0,Yes,No,40,Yes,No,No,No,No internet service,No internet service,One year,Yes,Mailed check,104.83,4198.31,0,No
CUST01299,Male,1,Yes,No,3,Yes,No phone service,Fiber optic,No,Yes,Yes,Two year,Yes,Electronic check,107.5,356.21,1,Yes
CUST01300,Female,0,No,No,56,Yes,No phone service,Fiber optic,Yes,Yes,Yes,One year,Yes,Mailed check,45.16,2573.75,1,No
CUST01301,Male,0,No,Yes,29,Yes,Yes,Fiber optic,Yes,No internet service,Yes,Two year,Yes,Bank transfer,81.42,2383.08,2,No
CUST01302,Female,1,Yes,No,45,Yes,No,DSL,Yes,No internet service,No,One year,Yes,Credit card,44.38,2031.67,1,No
CUST01303,Male,1,No,Yes,55,No,No phone service,Fiber optic,No,No internet service,No,Two year,Yes,Bank transfer,40.96,2301.77,1,No
CUST01304,Female,1,No,No,30,Yes,Yes,Fiber optic,No,Yes,No internet service,Two year,Yes,Electronic check,20.16,616.84,4,No
CUST01305,Female,0,Yes,Yes,6,Yes,Yes,Fiber optic,Yes,Yes,No,Month-to-month,Yes,Mailed check,76.87,502.24,2,Yes
CUST01306,Male,1,Yes,No,53,Yes,No phone service,Fiber optic,Yes,No internet service,No internet service,Two year,Yes,Credit card,33.29,1779.13,1,No
CUST01307,Female,0,No,No,7,Yes,No,DSL,Yes,Yes,No internet service,Month-to-month,No,Credit card,19.26,156.14,2,Yes
CUST01308,Female,0,No,Yes,54,Yes,Yes,Fiber optic,No,Yes,Yes,Month-to-month,Yes,Electronic check,28.69,1563.35,4,Yes
CUST01309,Male,0,No,No,68,Yes,Yes,No,No internet service,No,Yes,One year,Yes,Mailed check,50.0,3422.3,2,No
CUST01310,Female,0,Yes,Yes,43,Yes,No,No,No internet service,No internet service,No,Month-to-month,Yes,Credit card,86.25,3709.0,0,No
CUST01311,Male,0,Yes,No,12,No,No phone service,DSL,No,No internet service,No internet service,Month-to-month,No,Bank transfer,38.67,479.21,0,No
CUST01312,Female,0,Yes,No,19,Yes,No,Fiber optic,Yes,No,No internet service,Two year,No,Electronic check,108.53,2084.33,1,No
CUST01313,Male,0,No,No,31,Yes,No,No,Yes,No,Yes,Month-to-month,Yes,Credit card,47.43,1501.94,1,No
CUST01314,Male,0,No,No,59,Yes,No phone service,Fiber optic,Yes,Yes,Yes,Month-to-month,Yes,Electronic check,51.79,3087.48,1,No
CUST01315,Female,0,Yes,Yes,49,Yes,Yes,Fiber optic,Yes,No,Yes,Two year,No,Mailed check,40.23,2000.46,4,Yes
CUST01316,Female,0,No,No,26,Yes,No,No,No,No internet service,No,Month-to-month,Yes,Mailed check,43.89,1155.79,2,No
CUST01317,Female,0,Yes,Yes,24,Yes,Yes,Fiber optic,No internet service,No internet service,No internet service,Month-to-month,Yes,Mailed check,25.56,660.81,0,No
CUST01318,Female,0,No,No,51,Yes,Yes,Fiber optic,No internet service,No internet service,No internet service,Month-to-month,Yes,Bank transfer,48.07,2471.17,1,No
CUST01319,Female,0,Yes,No,67,Yes,Yes,DSL,No,Yes,No internet service,Month-to-month,Yes,Credit card,105.68,7091.4,3,No
CUST01320,Male,0,No,No,20,Yes,No phone service,DSL,Yes,Yes,Yes,One year,No,Mailed check,88.22,1792.13,1,No
CUST01321,Female,1,No,Yes,17,Yes,Yes,DSL,No internet service,No internet service,No,Two year,Yes,Bank transfer,107.28,1861.21,1,No
CUST01322,Male,0,Yes,No,38,Yes,No,No,No,No internet service,No,Month-to-month,No,Mailed check,28.7,1091.21,1,No
CUST01323,Male,0,Yes,No,14,Yes,No,Fiber optic,Yes,Yes,Yes,Two year,No,Mailed check,64.47,916.4,1,Yes
CUST01324,Female,0,Yes,No,52,Yes,No,Fiber optic,No internet service,Yes,No,Month-to-month,Yes,Credit card,41.38,2193.01,2,No
CUST01325,Male,0,Yes,Yes,37,Yes,No phone service,No,No,No,No,Month-to-month,Yes,Bank transfer,91.56,3413.07,1,Yes
CUST01326,Male,1,Yes,Yes,47,Yes,No,Fiber optic,No internet service,Yes,No internet service,One year,Yes,Mailed check,116.96,5517.54,2,No
CUST01327,Male,0,No,Yes,51,Yes,No phone service,Fiber optic,No internet service,Yes,Yes,One year,Yes,Bank transfer,101.17,5206.22,0,No
CUST01328,Male,0,Yes,No,71,Yes,Yes,DSL,No,No internet service,Yes,One year,Yes,Bank transfer,21.6,1538.08,0,No
CUST01329,Female,0,Yes,Yes,27,Yes,Yes,No,No,No internet service,Yes,Month-to-month,No,Mailed check,50.3,1388.88,3,No
CUST01330,Male,0,Yes,No,15,No,No phone service,DSL,No internet service,No internet service,Yes,Month-to-month,Yes,Mailed check,20.92,330.91,2,No
CUST01331,Female,0,Yes,Yes,15,No,No phone service,DSL,No internet service,No,No internet service,Month-to-month,No,Electronic check,22.1,335.04,0,No
CUST01332,Female,0,Yes,No,34,Yes,No phone service,DSL,No,Yes,No,Month-to-month,Yes,Credit card,26.11,898.43,1,No
CUST01333,Male,0,No,No,16,Yes,Yes,DSL,Yes,No,No,One year,No,Mailed check,46.19,770.44,2,No
CUST01334,Female,0,Yes,No,72,Yes,No phone service,DSL,Yes,Yes,No internet service,Month-to-month,No,Electronic check,49.03,3531.57,0,No
CUST01335,Female,0,Yes,No,51,Yes,Yes,Fiber optic,Yes,Yes,No,One year,Yes,Credit card,58.85,3030.96,2,No
CUST01336,Female,1,Yes,Yes,11,Yes,Yes,DSL,Yes,No internet service,Yes,Month-to-month,Yes,Mailed check,59.3,700.14,2,Yes
CUST01337,Male,1,No,Yes,47,No,No,Fiber optic,No,Yes,No internet service,Month-to-month,Yes,Bank transfer,96.68,4583.71,2,Yes
CUST01338,Female,0,No,Yes,21,Yes,Yes,DSL,Yes,No,No internet service,Month-to-month,Yes,Credit card,32.42,698.1,3,No
CUST01339,Female,0,Yes,No,48,Yes,No phone service,DSL,No internet service,No internet service,Yes,Month-to-month,Yes,Bank transfer,34.09,1643.23,1,No
CUST01340,Female,0,Yes,No,51,Yes,No phone service,Fiber optic,Yes,No,Yes,Two year,Yes,Electronic check,81.91,4200.66,2,No
CUST01341,Male,0,No,No,0,Yes,No phone service,No,No,No,Yes,Month-to-month,Yes,Mailed check,76.32,19.65,0,Yes
CUST01342,Female,0,No,No,65,Yes,Yes,No,Yes,No internet service,No,Month-to-month,No,Electronic check,33.71,2239.74,1,Yes
CUST01343,Male,1,No,No,63,Yes,Yes,No,Yes,Yes,Yes,Two year,Yes,Mailed check,104.93,6660.08,3,No
CUST01344,Male,1,Yes,No,7,Yes,No,Fiber optic,No,No,No internet service,One year,Yes,Mailed check,51.56,381.45,2,No
CUST01345,Male,0,Yes,No,24,Yes,No,Fiber optic,Yes,Yes,No,Month-to-month,Yes,Bank transfer,55.43,1337.76,1,No
CUST01346,Male,0,No,Yes,65,Yes,No phone service,Fiber optic,No,No internet service,No,Month-to-month,Yes,Electronic check,60.89,4003.38,0,No
CUST01347,Male,0,Yes,No,72,Yes,Yes,Fiber optic,Yes,Yes,No internet service,One year,Yes,Bank transfer,50.92,3705.92,1,No
CUST01348,Male,0,No,No,72,Yes,No phone service,DSL,No,Yes,No,Two year,No,Bank transfer,74.86,5415.48,0,No
CUST01349,Female,0,No,No,69,Yes,No phone service,Fiber optic,Yes,No internet service,Yes,Two year,Yes,Bank transfer,57.64,3995.43,0,No
CUST01350,Male,0,No,No,50,No,No phone service,Fiber optic,No internet service,Yes,Yes,Month-to-month,Yes,Electronic check,44.46,2245.41,0,No
CUST01351,Female,0,Yes,No,52,No,No,Fiber optic,No internet service,No,Yes,Two year,Yes,Mailed check,110.26,5778.61,0,No
CUST01352,Female,0,No,Yes,14,Yes,No phone service,Fiber optic,No,No,Yes,Month-to-month,Yes,Mailed check,49.45,701.53,1,No
CUST01353,Male,0,No,No,49,Yes,No,DSL,No,No,No,Month-to-month,Yes,Electronic check,89.25,4413.59,1,Yes
CUST01354,Female,1,Yes,No,70,Yes,Yes,Fiber optic,No,Yes,No internet service,Two year,No,Mailed check,53.42,3740.31,1,No
CUST01355,Female,0,No,Yes,37,No,No phone service,DSL,No internet service,No,No,Month-to-month,Yes,Electronic check,62.39,2354.46,1,No
CUST01356,Female,0,Yes,No,39,Yes,No,No,No,Yes,No internet service,Month-to-month,Yes,Electronic check,42.07,1665.74,1,No
CUST01357,Female,0,No,No,65,Yes,Yes,DSL,Yes,Yes,No internet service,Month-to-month,No,Mailed check,94.74,6169.44,1,No
CUST01358,Male,0,Yes,No,38,Yes,No,DSL,No,Yes,Yes,Month-to-month,Yes,Credit card,93.19,3541.36,1,No
CUST01359,Female,0,No,Yes,16,Yes,No phone service,No,No,Yes,No,One year,Yes,Bank transfer,20.27,352.3,4,No
CUST01360,Male,0,No,No,6,Yes,Yes,Fiber optic,Yes,No internet service,Yes,One year,No,Electronic check,24.14,157.06,2,Yes
CUST01361,Female,1,No,No,38,Yes,Yes,DSL,Yes,No,No,Month-to-month,Yes,Electronic check,112.08,4290.6,2,Yes
CUST01362,Female,0,No,No,67,Yes,Yes,Fiber optic,No internet service,No,No,Month-to-month,No,Credit card,108.66,7294.28,3,No
CUST01363,Male,1,No,No,34,Yes,No,DSL,Yes,Yes,Yes,Two year,Yes,Electronic check,69.62,2371.48,1,Yes
CUST01364,Female,0,Yes,No,50,Yes,No,DSL,Yes,No internet service,No,Two year,Yes,Electronic check,68.32,3441.25,2,No
CUST01365,Female,0,Yes,No,46,Yes,No,DSL,No,Yes,Yes,Month-to-month,Yes,Mailed check,100.87,4668.24,1,No
CUST01366,Female,0,No,No,35,Yes,Yes,Fiber optic,No internet service,No,No internet service,Two year,Yes,Mailed check,32.12,1146.83,1,No
CUST01367,Male,0,No,No,63,Yes,No phone service,No,Yes,No,Yes,One year,Yes,Credit card,84.68,5357.74,3,No
CUST01368,Female,0,No,No,12,Yes,No phone service,Fiber optic,No internet service,No internet service,No,Month-to-month,Yes,Electronic check,66.55,828.08,4,Yes
CUST01369,Male,0,Yes,Yes,17,No,Yes,Fiber optic,Yes,Yes,No,Month-to-month,No,Bank transfer,93.82,1621.26,1,Yes
CUST01370,Female,0,Yes,No,20,Yes,No phone service,DSL,No internet service,No internet service,No internet service,Month-to-month,No,Mailed check,21.07,428.03,1,No
CUST01371,Male,1,No,No,64,Yes,Yes,DSL,Yes,Yes,No internet service,One year,Yes,Bank transfer,78.46,5031.29,2,No
CUST01372,Male,1,Yes,No,7,Yes,No phone service,No,No,No internet service,No internet service,Month-to-month,Yes,Bank transfer,74.79,530.62,2,Yes
CUST01373,Female,1,No,Yes,47,Yes,No phone service,DSL,No internet service,No,Yes,Month-to-month,No,Credit card,103.77,4911.85,1,Yes
CUST01374,Female,0,No,No,42,Yes,No phone service,No,No internet service,No internet service,Yes,Month-to-month,No,Credit card,87.04,3682.11,0,Yes
CUST01375,Male,0,No,Yes,52,Yes,No,Fiber optic,Yes,No,No,Two year,Yes,Electronic check,107.78,5626.05,0,No
CUST01376,Male,0,Yes,Yes,26,Yes,No,No,No internet service,No,No internet service,Month-to-month,No,Credit card,108.5,2860.92,2,No
CUST01377,Female,0,No,No,18,Yes,Yes,DSL,Yes,Yes,No internet service,Two year,Yes,Mailed check,59.63,1089.63,1,Yes
CUST01378,Male,0,No,No,22,Yes,No,DSL,No internet service,No internet service,Yes,Two year,Yes,Electronic check,32.02,732.85,2,Yes
CUST01379,Female,0,No,No,49,No,Yes,Fiber optic,No internet service,No internet service,No,Month-to-month,Yes,Electronic check,82.29,4035.93,1,Yes
CUST01380,Female,0,Yes,Yes,50,Yes,No,Fiber optic,No,No internet service,No internet service,Month-to-month,No,Bank transfer,107.12,5393.22,5,Yes
CUST01381,Female,0,Yes,No,42,No,No phone service,DSL,No,No internet service,Yes,Month-to-month,No,Bank transfer,25.65,1112.06,1,No
CUST01382,Female,1,Yes,Yes,50,Yes,No,No,No internet service,Yes,Yes,Two year,No,Bank transfer,74.91,3785.62,3,No
CUST01383,Male,0,No,No,68,No,No,DSL,No,Yes,No internet service,Month-to-month,Yes,Electronic check,29.73,2065.86,1,No
CUST01384,Female,0,Yes,No,40,Yes,No,DSL,No internet service,Yes,No internet service,Month-to-month,No,Credit card,20.75,867.9,2,No
CUST01385,Male,0,No,No,71,Yes,Yes,Fiber optic,Yes,No,No,Month-to-month,Yes,Credit card,87.32,6241.94,1,No
CUST01386,Female,1,Yes,No,10,Yes,Yes,Fiber optic,No internet service,No,No internet service,Month-to-month,Yes,Credit card,87.55,892.78,5,Yes
CUST01387,Male,0,No,Yes,51,Yes,No phone service,No,No internet service,No,Yes,Two year,Yes,Electronic check,79.27,4059.94,2,No
CUST01388,Female,0,Yes,No,22,Yes,No phone service,Fiber optic,No,Yes,No internet service,One year,Yes,Electronic check,105.64,2371.3,2,Yes
CUST01389,Male,0,No,Yes,48,Yes,No phone service,DSL,No,No,No internet service,Two year,No,Electronic check,26.25,1305.73,4,No
CUST01390,Male,0,Yes,No,37,Yes,No,Fiber optic,Yes,No internet service,No,Month-to-month,Yes,Electronic check,28.74,1090.8,1,Yes
CUST01391,Female,0,Yes,No,46,Yes,No phone service,DSL,Yes,No,Yes,Month-to-month,No,Electronic check,106.18,4902.61,3,Yes
CUST01392,Female,0,Yes,Yes,71,Yes,Yes,Fiber optic,Yes,Yes,No internet service,Two year,Yes,Credit card,69.33,4965.73,4,No
CUST01393,Female,0,No,No,6,Yes,No phone service,Fiber optic,No internet service,Yes,Yes,Month-to-month,Yes,Electronic check,45.85,291.27,1,Yes
CUST01394,Female,0,Yes,No,65,No,No phone service,DSL,Yes,Yes,No,Two year,No,Credit card,93.29,6071.53,0,No
CUST01395,Male,0,Yes,Yes,61,No,No phone service,Fiber optic,Yes,Yes,Yes,Month-to-month,Yes,Electronic check,109.23,6695.0,0,Yes
CUST01396,Female,1,Yes,Yes,28,Yes,No phone service,Fiber optic,No,No internet service,No internet service,Month-to-month,No,Credit card,88.34,2475.65,1,No
CUST01397,Male,0,Yes,Yes,37,Yes,No phone service,Fiber optic,No,No,No internet service,One year,No,Mailed check,98.78,3673.82,3,No
CUST01398,Male,0,No,No,32,Yes,Yes,Fiber optic,Yes,No,No,Two year,Yes,Mailed check,46.81,1538.3,3,No
CUST01399,Female,0,Yes,No,28,Yes,No,DSL,Yes,Yes,No,Two year,No,Credit card,47.46,1343.64,1,No
CUST01400,Male,0,No,Yes,22,Yes,No phone service,DSL,No internet service,No,No,Month-to-month,Yes,Mailed check,106.14,,7,Yes
CUST01401,Male,0,No,Yes,2,Yes,No,DSL,No internet service,No internet service,Yes,Month-to-month,No,Mailed check,80.72,209.23,2,No
CUST01402,Male,0,No,No,44,Yes,No phone service,DSL,No,Yes,Yes,One year,Yes,Credit card,41.88,1883.51,1,No
CUST01403,Male,0,No,No,7,Yes,No,Fiber optic,Yes,No,Yes,One year,Yes,Electronic check,71.46,549.6,2,Yes
CUST01404,Female,0,Yes,No,28,Yes,Yes,No,Yes,No,Yes,One year,Yes,Electronic check,87.96,2489.42,2,No
CUST01405,Female,0,No,No,1,Yes,No,Fiber optic,Yes,No,No,Month-to-month,Yes,Credit card,40.29,68.75,3,Yes
CUST01406,Female,0,No,Yes,49,Yes,No phone service,Fiber optic,Yes,No,Yes,Two year,No,Bank transfer,84.8,4197.01,3,No
CUST01407,Female,1,No,No,64,Yes,No,Fiber optic,Yes,Yes,Yes,One year,No,Bank transfer,22.3,1451.84,2,No
CUST01408,Male,0,No,No,19,Yes,No,DSL,No internet service,Yes,Yes,Two year,No,Mailed check,48.98,950.96,0,No
CUST01409,Male,0,Yes,Yes,51,Yes,No phone service,No,No internet service,No internet service,Yes,Month-to-month,Yes,Bank transfer,86.75,4454.99,2,No
CUST01410,Female,0,Yes,No,36,Yes,No,No,Yes,Yes,No,Month-to-month,No,Mailed check,33.23,1229.16,1,Yes
CUST01411,Female,0,No,No,71,Yes,No phone service,Fiber optic,No internet service,No,No,Two year,Yes,Electronic check,40.66,2924.4,5,No
CUST01412,Female,0,No,No,26,Yes,Yes,DSL,No internet service,No,No internet service,One year,Yes,Credit card,107.67,2832.83,1,Yes
CUST01413,Male,0,No,Yes,46,Yes,No phone service,Fiber optic,Yes,No,No internet service,Two year,Yes,Electronic check,86.78,4029.17,3,No
CUST01414,Female,1,Yes,No,5,Yes,Yes,DSL,No internet service,No internet service,Yes,Two year,Yes,Credit card,68.89,378.18,3,No
CUST01415,Female,0,Yes,No,59,Yes,No,Fiber optic,Yes,Yes,Yes,One year,No,Bank transfer,39.51,2355.11,3,No
CUST01416,Female,0,Yes,No,44,Yes,No phone service,No,No internet service,Yes,No,Month-to-month,Yes,Electronic check,52.82,2330.83,0,Yes
CUST01417,Male,0,Yes,No,43,Yes,No,DSL,Yes,Yes,No internet service,Month-to-month,Yes,Electronic check,76.58,3332.21,2,Yes
CUST01418,Male,1,Yes,Yes,17,Yes,Yes,No,Yes,No,Yes,Month-to-month,No,Mailed check,33.84,576.82,2,Yes
CUST01419,Male,0,No,Yes,64,Yes,Yes,No,No internet service,No,No internet service,Month-to-month,No,Credit card,67.14,4346.59,2,No
CUST01420,Male,0,Yes,No,24,Yes,No,No,No internet service,No,No internet service,Month-to-month,No,Bank transfer,59.72,1474.7,2,No
CUST01421,Male,0,Yes,Yes,26,Yes,No phone service,Fiber optic,No,No internet service,No internet service,Month-to-month,Yes,Electronic check,66.62,1765.67,4,No
CUST01422,Male,0,No,No,6,Yes,No phone service,DSL,Yes,No internet service,No,Month-to-month,No,Credit card,28.77,220.95,3,Yes
CUST01423,Male,0,Yes,No,43,Yes,No phone service,Fiber optic,Yes,No,Yes,Month-to-month,Yes,Bank transfer,28.86,1271.6,1,Yes
CUST01424,Male,0,Yes,No,28,Yes,No phone service,Fiber optic,Yes,No internet service,Yes,Month-to-month,Yes,Electronic check,116.34,3260.34,2,No
CUST01425,Female,0,Yes,No,43,Yes,Yes,DSL,Yes,No internet service,No,Month-to-month,No,Credit card,117.9,5097.67,0,Yes
CUST01426,Female,1,No,No,35,Yes,No phone service,Fiber optic,No internet service,No internet service,No,Month-to-month,No,Mailed check,61.47,2165.31,0,No
CUST01427,Male,0,Yes,Yes,18,Yes,No,Fiber optic,No internet service,Yes,No,One year,No,Electronic check,98.48,1791.11,2,No
CUST01428,Male,1,No,No,5,Yes,Yes,DSL,No,No internet service,No internet service,Month-to-month,Yes,Credit card,84.89,447.43,0,Yes
CUST01429,Female,0,No,No,24,Yes,No,DSL,Yes,No,No internet service,Month-to-month,No,Bank transfer,29.93,757.05,2,No
CUST01430,Male,0,Yes,No,30,Yes,No,DSL,No,Yes,Yes,One year,No,Bank transfer,48.26,1472.95,2,No
CUST01431,Male,0,Yes,Yes,8,Yes,No,Fiber optic,No,No internet service,Yes,Two year,Yes,Mailed check,49.99,423.65,1,No
CUST01432,Male,0,Yes,No,36,Yes,Yes,Fiber optic,No,No,No internet service,Month-to-month,Yes,Electronic check,78.77,2850.82,1,Yes
CUST01433,Female,0,Yes,Yes,26,Yes,No phone service,DSL,No,No internet service,No internet service,One year,No,Mailed check,77.16,2033.15,1,No
CUST01434,Female,0,No,Yes,12,Yes,No,No,No,No,No,Two year,Yes,Credit card,112.2,1358.82,0,No
CUST01435,Female,0,Yes,Yes,40,Yes,No,DSL,No internet service,No,No internet service,Two year,No,Bank transfer,98.58,3956.25,2,No
CUST01436,Female,0,No,No,65,Yes,No phone service,Fiber optic,No internet service,No internet service,Yes,Month-to-month,Yes,Mailed check,105.4,6888.86,0,No
CUST01437,Female,0,No,Yes,23,Yes,No phone service,Fiber optic,No,No internet service,Yes,One year,No,Electronic check,108.91,2522.06,4,Yes
CUST01438,Male,0,No,Yes,43,Yes,No phone service,Fiber optic,No internet service,Yes,No,Month-to-month,No,Credit card,99.73,4290.96,1,Yes
CUST01439,Female,1,No,Yes,59,Yes,No phone service,DSL,No internet service,No internet service,No,One year,Yes,Electronic check,51.95,3082.23,0,No
CUST01440,Male,0,No,Yes,8,Yes,No,No,No,No,Yes,Two year,No,Mailed check,39.93,351.37,1,No
CUST01441,Male,0,Yes,No,1,Yes,Yes,No,No internet service,Yes,No internet service,Month-to-month,Yes,Bank transfer,76.32,117.02,0,Yes
CUST01442,Female,0,No,Yes,55,Yes,No phone service,Fiber optic,No internet service,No,No internet service,Two year,Yes,Bank transfer,88.34,4906.8,1,No
CUST01443,Female,0,No,Yes,29,Yes,No phone service,Fiber optic,Yes,No,Yes,Month-to-month,Yes,Mailed check,57.43,1702.78,0,No
CUST01444,Male,0,Yes,No,21,Yes,No,DSL,No,No internet service,No internet service,Two year,Yes,Electronic check,104.53,2216.57,1,Yes
CUST01445,Male,0,Yes,No,12,Yes,No phone service,Fiber optic,Yes,No,No internet service,One year,No,Electronic check,115.98,1406.72,1,Yes
CUST01446,Male,0,No,No,70,Yes,No,Fiber optic,Yes,No internet service,Yes,Month-to-month,No,Electronic check,76.08,5332.08,0,No
CUST01447,Female,0,No,No,15,Yes,No,Fiber optic,No,No,Yes,One year,Yes,Electronic check,64.57,999.93,2,No
CUST01448,Female,0,Yes,Yes,44,Yes,No,Fiber optic,Yes,Yes,No,Month-to-month,Yes,Bank transfer,103.97,4600.17,2,No
CUST01449,Female,0,No,No,64,Yes,No,Fiber optic,Yes,No internet service,Yes,Month-to-month,Yes,Electronic check,20.48,1344.61,2,No
CUST01450,Female,1,Yes,Yes,10,Yes,No phone service,DSL,No internet service,Yes,No,Two year,No,Mailed check,31.16,323.46,3,No
CUST01451,Female,0,Yes,No,69,Yes,Yes,DSL,Yes,No internet service,No,Month-to-month,No,Mailed check,104.26,7210.12,0,No
CUST01452,Male,0,No,No,19,Yes,No phone service,DSL,No,Yes,No internet service,One year,No,Mailed check,92.67,1775.33,1,No
CUST01453,Female,0,Yes,Yes,62,Yes,Yes,DSL,No internet service,No internet service,Yes,Month-to-month,No,Mailed check,60.45,3787.78,2,Yes
CUST01454,Male,0,No,No,11,Yes,No phone service,Fiber optic,No internet service,Yes,No internet service,Month-to-month,Yes,Electronic check,108.66,1203.82,0,No
CUST01455,Male,1,No,No,61,Yes,No,Fiber optic,No internet service,Yes,Yes,Two year,Yes,Bank transfer,53.85,3315.27,3,No
CUST01456,Male,0,No,No,41,No,No phone service,Fiber optic,No,No internet service,Yes,Month-to-month,No,Credit card,82.65,3391.22,1,Yes
CUST01457,Female,0,Yes,No,68,Yes,No,Fiber optic,No,No internet service,No internet service,One year,No,Electronic check,82.7,5651.08,0,No
CUST01458,Female,1,No,No,57,Yes,No phone service,Fiber optic,No,No,No,One year,No,Credit card,36.8,2100.8,0,No
CUST01459,Female,0,Yes,Yes,4,Yes,No,DSL,Yes,No,Yes,One year,No,Bank transfer,47.05,196.99,2,No
CUST01460,Male,0,No,Yes,26,Yes,Yes,Fiber optic,Yes,No internet service,No,Two year,No,Electronic check,111.43,2902.83,1,No
CUST01461,Male,0,No,No,27,No,No,DSL,No internet service,No internet service,No internet service,One year,No,Credit card,36.71,1008.51,0,No
CUST01462,Male,0,Yes,No,25,Yes,No phone service,Fiber optic,No internet service,Yes,No internet service,Month-to-month,No,Bank transfer,35.7,909.69,2,Yes
CUST01463,Male,0,No,No,48,Yes,No,DSL,No,Yes,Yes,Two year,No,Credit card,66.92,3253.48,2,No
CUST01464,Male,1,No,No,20,Yes,Yes,DSL,No,No,No internet service,Month-to-month,Yes,Mailed check,27.4,559.28,1,No
CUST01465,Male,1,Yes,No,0,Yes,Yes,Fiber optic,Yes,No,Yes,Month-to-month,Yes,Mailed check,109.25,4.32,1,Yes
CUST01466,Female,0,Yes,No,57,Yes,No phone service,No,Yes,No,Yes,Two year,Yes,Bank transfer,28.22,1638.72,1,No
CUST01467,Female,0,Yes,No,54,Yes,No,Fiber optic,No,Yes,Yes,One year,No,Bank transfer,80.89,4402.43,0,No
CUST01468,Female,0,No,No,25,Yes,No phone service,Fiber optic,No,Yes,Yes,Two year,Yes,Credit card,52.66,1331.24,2,No
CUST01469,Female,1,Yes,No,24,Yes,No,Fiber optic,Yes,Yes,Yes,One year,Yes,Bank transfer,100.04,2431.1,4,Yes
CUST01470,Male,0,Yes,No,32,Yes,Yes,Fiber optic,No internet service,No,No internet service,Two year,Yes,Mailed check,78.16,2539.92,3,Yes
CUST01471,Male,0,No,No,71,Yes,No phone service,Fiber optic,No internet service,No internet service,Yes,Two year,No,Mailed check,57.61,4107.69,0,No
CUST01472,Female,0,Yes,Yes,68,Yes,Yes,No,Yes,No,No,Month-to-month,Yes,Electronic check,118.36,8074.75,1,No
CUST01473,Male,0,No,No,5,Yes,No,DSL,Yes,Yes,Yes,Month-to-month,Yes,Credit card,24.76,131.13,2,No
CUST01474,Female,0,No,No,22,No,Yes,DSL,No internet service,No,Yes,Month-to-month,Yes,Bank transfer,76.93,1693.64,2,No
CUST01475,Female,0,Yes,No,29,Yes,No,DSL,Yes,No,Yes,One year,No,Bank transfer,118.94,3498.33,2,No
CUST01476,Female,0,No,No,53,No,No phone service,Fiber optic,No internet service,No,No internet service,Month-to-month,Yes,Bank transfer,88.48,4704.43,2,No
CUST01477,Male,0,Yes,No,10,Yes,No,No,No internet service,No,No,Month-to-month,Yes,Credit card,93.46,948.55,2,Yes
CUST01478,Female,0,Yes,Yes,30,Yes,No,DSL,Yes,Yes,No,Month-to-month,No,Mailed check,21.27,686.76,2,No
CUST01479,Female,0,Yes,No,5,Yes,No phone service,Fiber optic,No,No,No,Two year,Yes,Bank transfer,20.18,137.31,1,No
CUST01480,Female,1,Yes,No,10,Yes,No phone service,No,No,Yes,No internet service,One year,Yes,Bank transfer,21.68,246.06,2,No
CUST01481,Male,0,No,No,11,Yes,Yes,Fiber optic,No,No,No internet service,Month-to-month,No,Mailed check,119.16,1345.73,3,Yes
CUST01482,Male,0,No,Yes,65,Yes,No,Fiber optic,No,Yes,Yes,Month-to-month,Yes,Bank transfer,117.91,7699.65,2,No
CUST01483,Female,0,Yes,No,52,Yes,No,No,No,No internet service,No internet service,Month-to-month,No,Electronic check,52.12,2748.41,1,No
CUST01484,Male,0,Yes,No,35,Yes,Yes,Fiber optic,No,Yes,No,Month-to-month,Yes,Mailed check,47.68,1672.16,0,Yes
CUST01485,Male,0,No,No,16,Yes,No,Fiber optic,No,Yes,No,Month-to-month,Yes,Mailed check,32.89,546.88,4,Yes
CUST01486,Male,1,Yes,No,27,Yes,No,DSL,Yes,No internet service,No internet service,Two year,No,Mailed check,51.57,1407.15,1,No
CUST01487,Male,0,No,No,21,Yes,No phone service,DSL,Yes,No internet service,No internet service,Two year,No,Electronic check,55.76,1174.49,1,No
CUST01488,Male,0,Yes,No,6,Yes,No phone service,Fiber optic,No,No internet service,No,Month-to-month,Yes,Mailed check,94.32,586.55,1,Yes
CUST01489,Male,0,No,No,14,Yes,No phone service,Fiber optic,Yes,No internet service,No,Month-to-month,Yes,Credit card,106.36,1519.85,3,No
CUST01490,Male,1,No,No,10,Yes,Yes,No,No internet service,No internet service,No,Month-to-month,No,Credit card,94.17,950.62,2,Yes
CUST01491,Male,0,No,Yes,23,Yes,No phone service,No,No,No internet service,No,Month-to-month,No,Credit card,83.94,1945.87,2,Yes
CUST01492,Male,0,Yes,No,66,Yes,Yes,No,No internet service,No,No,Month-to-month,Yes,Mailed check,96.12,6375.88,2,No
CUST01493,Male,0,Yes,No,29,Yes,No phone service,DSL,Yes,No,No internet service,Month-to-month,No,Mailed check,93.33,2735.54,3,Yes
CUST01494,Female,0,Yes,No,69,Yes,No,No,No,No internet service,No internet service,Month-to-month,Yes,Mailed check,66.53,4634.01,1,No
CUST01495,Female,0,Yes,No,65,Yes,No,Fiber optic,No internet service,Yes,Yes,One year,Yes,Electronic check,52.26,3436.46,0,No
CUST01496,Male,1,Yes,Yes,60,Yes,No phone service,Fiber optic,Yes,Yes,Yes,One year,Yes,Credit card,46.84,2858.68,1,No
CUST01497,Female,0,No,Yes,40,Yes,No phone service,Fiber optic,No,No internet service,Yes,One year,Yes,Bank transfer,87.29,3521.46,3,No
CUST01498,Female,0,No,No,50,Yes,Yes,DSL,No,No,No internet service,Month-to-month,Yes,Bank transfer,115.85,5827.42,1,No
CUST01499,Male,0,No,Yes,43,Yes,No,DSL,No internet service,No,Yes,Two year,Yes,Mailed check,77.27,3365.64,3,No
CUST01500,Male,1,No,No,12,Yes,No phone service,No,No internet service,Yes,Yes,Two year,Yes,Electronic check,111.08,1374.96,2,Yes
CUST01501,Male,0,No,No,11,No,No phone service,Fiber optic,No internet service,No internet service,No internet service,Month-to-month,Yes,Mailed check,19.45,249.89,3,Yes
CUST01502,Female,0,No,No,8,Yes,No,Fiber optic,Yes,No,No,Month-to-month,Yes,Bank transfer,99.04,817.33,4,Yes
CUST01503,Female,0,No,Yes,47,Yes,No phone service,Fiber optic,No internet service,No internet service,No internet service,Month-to-month,Yes,Credit card,105.07,4951.95,0,Yes
CUST01504,Male,0,Yes,Yes,48,Yes,No,No,No internet service,No internet service,No internet service,Month-to-month,No,Bank transfer,82.36,3997.14,1,No
CUST01505,Male,0,No,No,52,Yes,No phone service,Fiber optic,No internet service,Yes,No,Month-to-month,Yes,Credit card,113.27,5928.87,1,Yes
CUST01506,Male,0,Yes,No,55,Yes,No,Fiber optic,No,No internet service,Yes,One year,No,Credit card,78.17,4341.25,2,No
CUST01507,Female,1,No,No,39,Yes,Yes,DSL,No internet service,No internet service,No internet service,Month-to-month,Yes,Electronic check,42.53,1665.71,1,No
CUST01508,Female,0,No,No,23,Yes,No phone service,DSL,No internet service,Yes,No internet service,Month-to-month,Yes,Bank transfer,40.0,935.74,1,Yes
CUST01509,Female,0,Yes,No,71,Yes,No phone service,No,Yes,No,No,Month-to-month,Yes,Mailed check,74.7,5324.94,4,No
CUST01510,Female,0,No,No,32,Yes,No phone service,Fiber optic,Yes,No internet service,No internet service,Two year,No,Electronic check,110.46,3576.64,0,Yes
CUST01511,Male,0,Yes,No,22,No,Yes,Fiber optic,No internet service,Yes,Yes,Month-to-month,Yes,Credit card,25.38,603.0,4,Yes
CUST01512,Male,0,No,No,53,No,No phone service,Fiber optic,Yes,No,No,One year,Yes,Bank transfer,79.65,4235.69,1,No
CUST01513,Male,0,Yes,Yes,52,Yes,No phone service,No,Yes,No internet service,No internet service,Month-to-month,No,Mailed check,96.52,5053.36,1,No
CUST01514,Male,0,No,Yes,48,Yes,No,Fiber optic,Yes,No,Yes,Month-to-month,No,Electronic check,29.77,1432.85,0,No
CUST01515,Female,0,Yes,No,48,Yes,No phone service,Fiber optic,No,Yes,Yes,One year,No,Mailed check,29.91,1456.16,1,No
CUST01516,Female,0,Yes,No,59,Yes,No phone service,Fiber optic,No internet service,No internet service,No internet service,Month-to-month,Yes,Bank transfer,55.35,3289.98,3,No
CUST01517,Male,0,No,Yes,64,Yes,No,DSL,No internet service,Yes,Yes,Month-to-month,Yes,Mailed check,45.94,2978.44,0,No
CUST01518,Male,0,No,Yes,31,Yes,Yes,No,No internet service,Yes,No,Month-to-month,No,Electronic check,38.23,1229.73,2,Yes
CUST01519,Female,0,Yes,No,20,No,Yes,No,Yes,No internet service,Yes,One year,Yes,Mailed check,38.27,782.26,0,No
CUST01520,Male,0,No,Yes,17,Yes,No,No,Yes,Yes,No,One year,No,Bank transfer,31.33,559.0,1,No
CUST01521,Female,0,Yes,No,59,Yes,Yes,No,Yes,No,No,Month-to-month,No,Electronic check,80.31,4770.66,4,No
CUST01522,Male,0,No,No,12,Yes,Yes,No,No,Yes,No,One year,No,Credit card,88.19,1074.71,2,No
CUST01523,Male,0,Yes,No,23,Yes,No phone service,Fiber optic,Yes,No internet service,No internet service,Month-to-month,Yes,Electronic check,89.7,2112.38,1,Yes
CUST01524,Male,0,No,No,29,No,No phone service,No,No,No internet service,Yes,One year,Yes,Bank transfer,72.3,2140.49,1,No
CUST01525,Male,0,Yes,No,1,Yes,No phone service,Fiber optic,No internet service,No,No internet service,Month-to-month,No,Mailed check,115.2,130.02,2,Yes
CUST01526,Male,0,No,No,24,Yes,Yes,DSL,Yes,No internet service,No internet service,One year,Yes,Credit card,107.81,2612.84,0,No
CUST01527,Male,1,Yes,No,49,Yes,No phone service,Fiber optic,No,Yes,No,Two year,Yes,Credit card,115.68,5679.86,1,No
CUST01528,Male,0,Yes,No,13,No,Yes,No,No,Yes,No internet service,Two year,Yes,Mailed check,57.66,775.31,3,No
CUST01529,Female,0,No,No,5,Yes,No phone service,Fiber optic,Yes,No internet service,Yes,Month-to-month,Yes,Bank transfer,107.53,571.82,1,No
CUST01530,Female,0,No,Yes,29,Yes,Yes,No,No,No,No internet service,Two year,Yes,Electronic check,95.81,2782.77,2,No
CUST01531,Female,0,Yes,Yes,29,Yes,No,DSL,Yes,No,No internet service,Month-to-month,No,Bank transfer,52.68,1571.23,1,No
CUST01532,Female,0,Yes,Yes,37,Yes,No,DSL,No,No internet service,No,Two year,Yes,Credit card,28.87,1097.88,1,No
CUST01533,Female,0,Yes,Yes,57,Yes,No phone service,Fiber optic,No internet service,Yes,No,Month-to-month,Yes,Electronic check,87.63,,1,No
CUST01534,Male,0,Yes,No,40,Yes,Yes,DSL,No internet service,No internet service,No internet service,Month-to-month,Yes,Electronic check,31.92,1278.08,0,Yes
CUST01535,Male,0,No,No,56,Yes,No,DSL,No internet service,No internet service,No,Month-to-month,Yes,Mailed check,47.97,2727.89,2,No
CUST01536,Female,0,Yes,No,35,Yes,No,DSL,Yes,No,No internet service,Month-to-month,No,Bank transfer,69.04,2456.0,1,No
CUST01537,Male,0,Yes,No,63,No,No phone service,No,No internet service,Yes,Yes,One year,No,Electronic check,87.35,5509.69,2,No
CUST01538,Female,1,Yes,No,15,Yes,No phone service,DSL,No internet service,No,Yes,Two year,Yes,Mailed check,112.48,1703.97,0,No
CUST01539,Female,0,No,No,71,Yes,Yes,DSL,No internet service,No,No,One year,No,Bank transfer,78.51,5618.45,0,No
CUST01540,Male,0,Yes,No,13,Yes,No,DSL,Yes,Yes,Yes,One year,Yes,Credit card,86.48,1150.16,1,No
CUST01541,Male,0,No,Yes,30,Yes,Yes,Fiber optic,No,Yes,Yes,One year,No,Credit card,49.62,1508.66,1,Yes
CUST01542,Male,1,No,Yes,65,No,Yes,Fiber optic,Yes,Yes,No internet service,Month-to-month,Yes,Bank transfer,88.1,5771.77,2,No
CUST01543,Female,0,No,No,67,Yes,No phone service,Fiber optic,Yes,No internet service,No,Month-to-month,Yes,Electronic check,62.65,4202.22,4,Yes
CUST01544,Male,0,No,No,64,Yes,Yes,Fiber optic,No internet service,Yes,Yes,Month-to-month,Yes,Electronic check,105.41,6769.9,2,No
CUST01545,Female,0,No,Yes,54,Yes,Yes,DSL,No,No internet service,No,Month-to-month,No,Credit card,58.03,3166.24,1,Yes
CUST01546,Female,0,No,Yes,39,Yes,No,Fiber optic,No internet service,No,No,Month-to-month,Yes,Credit card,65.76,,1,Yes
CUST01547,Female,0,No,No,24,Yes,Yes,No,No internet service,Yes,No,Month-to-month,No,Electronic check,62.12,1504.09,2,Yes
CUST01548,Male,0,Yes,Yes,24,Yes,No,DSL,Yes,No internet service,Yes,Month-to-month,Yes,Bank transfer,100.73,2445.69,1,Yes
CUST01549,Male,0,Yes,No,2,Yes,No,Fiber optic,Yes,No internet service,No,Month-to-month,No,Credit card,115.28,265.99,4,Yes
CUST01550,Female,0,No,No,68,Yes,Yes,DSL,Yes,No internet service,No,Two year,Yes,Electronic check,51.38,3523.08,1,No
CUST01551,Male,0,Yes,No,25,Yes,Yes,DSL,No internet service,No internet service,No internet service,Month-to-month,No,Bank transfer,66.45,1695.47,1,No
CUST01552,Male,0,Yes,No,39,Yes,No,Fiber optic,No,No,No internet service,Month-to-month,Yes,Mailed check,90.0,3522.8,2,Yes
CUST01553,Male,0,No,No,37,Yes,Yes,Fiber optic,No,Yes,No internet service,One year,Yes,Bank transfer,109.33,4086.85,0,No
CUST01554,Female,0,Yes,No,37,Yes,No,DSL,No internet service,Yes,No internet service,Month-to-month,No,Electronic check,68.36,2551.8,0,No
CUST01555,Female,0,No,No,67,Yes,Yes,DSL,No,Yes,No,Month-to-month,No,Bank transfer,29.11,1999.73,2,No
CUST01556,Male,1,Yes,No,6,Yes,No,No,No internet service,Yes,No internet service,Month-to-month,No,Electronic check,55.6,334.76,1,No
CUST01557,Female,0,No,Yes,29,Yes,No,No,No,Yes,No internet service,Month-to-month,Yes,Credit card,74.14,2169.08,2,No
CUST01558,Male,0,No,No,18,Yes,No phone service,No,No internet service,Yes,Yes,Month-to-month,Yes,Mailed check,60.59,1099.64,1,Yes
CUST01559,Male,0,Yes,No,34,Yes,Yes,Fiber optic,No,No internet service,No internet service,Month-to-month,Yes,Credit card,37.03,1286.8,0,No
CUST01560,Male,1,Yes,No,32,Yes,No,Fiber optic,Yes,Yes,No internet service,One year,Yes,Credit card,21.77,708.8,1,No
CUST01561,Male,0,No,No,32,Yes,No,Fiber optic,Yes,No internet service,Yes,One year,Yes,Electronic check,88.12,2856.71,2,No
CUST01562,Female,0,No,No,37,Yes,Yes,DSL,Yes,No,No,Month-to-month,Yes,Electronic check,119.26,4456.71,2,No
CUST01563,Female,0,No,Yes,9,Yes,Yes,Fiber optic,Yes,No internet service,No,Month-to-month,No,Electronic check,111.76,1016.38,2,Yes
CUST01564,Female,0,Yes,No,56,Yes,Yes,Fiber optic,No internet service,No,Yes,Month-to-month,No,Electronic check,87.69,4918.67,1,No
CUST01565,Male,0,Yes,No,27,Yes,No phone service,DSL,No,Yes,Yes,Two year,Yes,Credit card,103.84,2847.45,1,No
CUST01566,Male,0,Yes,No,37,Yes,Yes,No,No internet service,No,No,Month-to-month,Yes,Electronic check,44.08,1649.02,0,No
CUST01567,Male,0,Yes,No,15,Yes,No phone service,DSL,Yes,No,No internet service,One year,Yes,Electronic check,81.49,1244.08,0,No
CUST01568,Female,1,No,Yes,20,Yes,Yes,Fiber optic,No,No internet service,Yes,One year,No,Credit card,24.18,494.65,0,No
CUST01569,Male,0,No,No,5,Yes,No phone service,DSL,No internet service,No internet service,Yes,Month-to-month,Yes,Mailed check,90.13,471.92,2,Yes
CUST01570,Female,0,No,Yes,40,Yes,Yes,Fiber optic,Yes,No,Yes,Month-to-month,No,Mailed check,116.93,4688.77,2,Yes
CUST01571,Female,0,No,No,14,Yes,No phone service,DSL,No,No,No,Month-to-month,Yes,Bank transfer,105.8,1514.5,2,No
CUST01572,Female,0,Yes,No,2,Yes,No,DSL,No,Yes,No,Month-to-month,Yes,Credit card,72.51,169.96,3,Yes
CUST01573,Female,0,No,Yes,42,Yes,No phone service,Fiber optic,Yes,No internet service,No,Month-to-month,No,Electronic check,98.45,4174.3,3,No
CUST01574,Female,0,No,No,46,Yes,No phone service,Fiber optic,Yes,No,No,Month-to-month,No,Bank transfer,114.28,5272.52,0,Yes
CUST01575,Female,0,Yes,Yes,13,Yes,No,Fiber optic,No,No internet service,No,Month-to-month,Yes,Mailed check,40.03,545.67,0,Yes
CUST01576,Male,1,Yes,Yes,65,Yes,Yes,DSL,Yes,Yes,No internet service,Month-to-month,Yes,Mailed check,98.91,6442.13,0,No
CUST01577,Male,1,No,No,28,Yes,No,Fiber optic,No internet service,Yes,No internet service,Two year,No,Credit card,45.52,1321.28,1,No
CUST01578,Female,0,Yes,No,3,Yes,No,Fiber optic,Yes,No,No,Month-to-month,Yes,Electronic check,107.45,348.45,1,No
CUST01579,Female,0,No,No,25,Yes,No,DSL,Yes,Yes,No,Two year,No,Electronic check,28.03,709.42,1,No
CUST01580,Male,1,Yes,No,11,Yes,No phone service,No,Yes,No,No,Two year,No,Bank transfer,36.18,411.62,4,No
CUST01581,Female,0,Yes,No,1,Yes,No,Fiber optic,No,No internet service,Yes,Two year,No,Mailed check,91.5,95.65,2,No
CUST01582,Female,1,No,No,16,Yes,Yes,DSL,No,No internet service,Yes,Two year,Yes,Bank transfer,35.83,574.67,0,No
CUST01583,Male,0,Yes,Yes,34,No,No phone service,No,Yes,No,No,Month-to-month,Yes,Bank transfer,34.12,1186.38,0,Yes
CUST01584,Female,0,No,Yes,9,Yes,No phone service,No,No,No,No,Month-to-month,No,Bank transfer,74.66,688.8,2,No
CUST01585,Female,0,Yes,No,42,Yes,No,No,Yes,No,Yes,One year,Yes,Electronic check,103.17,4381.33,1,No
CUST01586,Female,0,Yes,No,20,Yes,No phone service,Fiber optic,No internet service,No internet service,Yes,One year,Yes,Mailed check,45.38,916.17,0,Yes
CUST01587,Male,0,Yes,No,14,Yes,Yes,Fiber optic,No,No internet service,Yes,Two year,No,Bank transfer,103.8,1492.9,2,No
CUST01588,Male,0,Yes,No,34,Yes,No phone service,DSL,Yes,Yes,Yes,Two year,Yes,Mailed check,100.41,3429.74,2,No
CUST01589,Male,0,Yes,No,59,No,No,Fiber optic,No,Yes,Yes,Month-to-month,No,Mailed check,77.07,4558.31,1,No
CUST01590,Female,0,No,Yes,43,Yes,No,No,No internet service,No internet service,No,Month-to-month,No,Bank transfer,83.95,3658.33,1,No
CUST01591,Female,0,Yes,Yes,4,Yes,No,Fiber optic,No internet service,No internet service,No,Month-to-month,No,Bank transfer,22.13,128.65,4,Yes
CUST01592,Male,1,No,No,72,Yes,No phone service,No,Yes,No,Yes,Month-to-month,No,Credit card,55.45,4023.93,0,No
CUST01593,Female,0,Yes,No,17,Yes,No,DSL,No,No internet service,No,Month-to-month,Yes,Electronic check,44.87,797.65,1,No
CUST01594,Female,0,No,No,20,Yes,No phone service,Fiber optic,No internet service,No internet service,Yes,One year,Yes,Mailed check,33.3,715.57,0,No
CUST01595,Female,0,Yes,Yes,71,Yes,No,No,No,Yes,Yes,Two year,No,Bank transfer,57.75,4129.91,0,No
CUST01596,Female,0,No,No,50,Yes,No,Fiber optic,Yes,Yes,Yes,Month-to-month,Yes,Bank transfer,54.2,2715.1,1,No
CUST01597,Female,1,No,Yes,40,No,No,No,No internet service,No,No,Two year,No,Mailed check,92.35,3697.24,1,No
CUST01598,Male,0,Yes,Yes,23,Yes,Yes,Fiber optic,No internet service,Yes,No,One year,No,Bank transfer,79.01,1850.56,2,Yes
CUST01599,Female,0,Yes,No,23,Yes,Yes,Fiber optic,No,No,No,Two year,Yes,Credit card,111.14,2589.1,3,Yes
CUST01600,Male,0,Yes,Yes,37,Yes,No,Fiber optic,No internet service,No internet service,No,Month-to-month,No,Mailed check,32.83,1252.12,2,Yes
CUST01601,Female,0,No,No,43,Yes,No,No,Yes,No internet service,No internet service,Two year,Yes,Bank transfer,24.09,1041.31,1,No
CUST01602,Male,0,No,Yes,56,Yes,No phone service,Fiber optic,Yes,No,Yes,One year,Yes,Mailed check,72.53,4108.93,2,No
CUST01603,Female,1,Yes,No,58,Yes,No phone service,DSL,No internet service,Yes,Yes,Month-to-month,No,Bank transfer,18.1,1077.36,0,No
CUST01604,Male,0,Yes,No,33,Yes,Yes,Fiber optic,Yes,Yes,No,Month-to-month,No,Bank transfer,98.35,3278.03,4,Yes
CUST01605,Female,0,No,No,22,Yes,No phone service,Fiber optic,No internet service,No internet service,No,Two year,Yes,Electronic check,69.61,1533.16,0,No
CUST01606,Male,0,No,No,42,Yes,No phone service,DSL,No internet service,Yes,No internet service,Month-to-month,Yes,Mailed check,67.78,2894.81,1,Yes
CUST01607,Female,0,Yes,Yes,39,Yes,No phone service,Fiber optic,No internet service,No,Yes,Month-to-month,Yes,Electronic check,54.97,2171.96,1,Yes
CUST01608,Male,0,No,No,46,Yes,No phone service,DSL,No internet service,No internet service,Yes,Month-to-month,Yes,Bank transfer,56.25,2615.67,1,Yes
CUST01609,Female,0,Yes,No,40,Yes,Yes,Fiber optic,No,Yes,No,One year,Yes,Mailed check,61.98,2526.38,0,No
CUST01610,Male,0,Yes,Yes,46,Yes,Yes,No,No internet service,No internet service,No,Two year,Yes,Mailed check,19.64,949.91,4,No
CUST01611,Male,0,Yes,No,19,Yes,No phone service,Fiber optic,Yes,No internet service,No internet service,Month-to-month,No,Credit card,26.52,514.89,2,No
CUST01612,Female,0,No,Yes,64,Yes,No phone service,No,No,Yes,Yes,Month-to-month,No,Credit card,69.51,4495.19,1,No
CUST01613,Female,0,No,No,67,Yes,Yes,DSL,Yes,No,No internet service,Two year,Yes,Bank transfer,33.31,2268.6,0,No
CUST01614,Male,0,No,No,23,Yes,No,No,No internet service,Yes,Yes,One year,Yes,Bank transfer,97.43,2241.84,5,No
CUST01615,Female,0,No,Yes,35,No,No phone service,DSL,Yes,Yes,No,Two year,No,Bank transfer,46.0,1621.99,1,No
CUST01616,Male,1,Yes,No,44,No,No,DSL,No,Yes,No internet service,Month-to-month,No,Bank transfer,27.99,1252.21,4,No
CUST01617,Male,0,No,No,1,Yes,No phone service,No,Yes,Yes,No,Month-to-month,No,Credit card,41.99,71.13,0,Yes
CUST01618,Male,0,Yes,No,27,Yes,Yes,Fiber optic,No,Yes,Yes,Month-to-month,Yes,Mailed check,54.42,1504.41,1,Yes
CUST01619,Female,0,Yes,No,25,No,No phone service,DSL,No internet service,Yes,Yes,One year,Yes,Electronic check,21.6,550.51,2,No
CUST01620,Male,0,Yes,No,22,Yes,No,No,No internet service,No,No internet service,Month-to-month,Yes,Mailed check,32.45,755.74,0,No
CUST01621,Male,0,No,No,35,Yes,Yes,Fiber optic,Yes,No internet service,No,Month-to-month,No,Mailed check,51.03,1828.34,3,No
CUST01622,Female,0,Yes,No,5,Yes,No phone service,No,Yes,No,Yes,Month-to-month,Yes,Credit card,49.67,280.1,1,Yes
CUST01623,Female,0,Yes,Yes,34,Yes,No phone service,Fiber optic,No internet service,Yes,Yes,Month-to-month,Yes,Mailed check,99.64,3433.81,3,Yes
CUST01624,Female,0,No,No,37,Yes,Yes,Fiber optic,No internet service,No,No internet service,Two year,Yes,Mailed check,104.01,3889.02,0,Yes
CUST01625,Female,0,Yes,No,34,Yes,No phone service,Fiber optic,Yes,No internet service,No internet service,Month-to-month,Yes,Bank transfer,37.73,1293.9,2,Yes
CUST01626,Male,0,No,No,52,Yes,Yes,DSL,No internet service,No,No,One year,No,Electronic check,30.64,1633.21,1,No
CUST01627,Male,0,No,No,37,Yes,No phone service,Fiber optic,No,Yes,No internet service,Two year,Yes,Mailed check,82.68,3106.82,1,No
CUST01628,Male,0,No,No,58,Yes,Yes,Fiber optic,No,No internet service,Yes,Month-to-month,No,Mailed check,100.07,5810.94,1,No
CUST01629,Male,1,Yes,No,42,Yes,No phone service,DSL,Yes,Yes,No,One year,Yes,Electronic check,116.3,4933.53,3,No
CUST01630,Female,0,No,No,3,Yes,Yes,DSL,Yes,Yes,No,Two year,Yes,Bank transfer,18.69,57.32,4,No
CUST01631,Male,0,No,No,4,Yes,Yes,DSL,No internet service,No internet service,No,Two year,Yes,Credit card,60.2,266.91,2,No
CUST01632,Male,0,No,No,67,Yes,No phone service,No,No internet service,No internet service,Yes,Month-to-month,Yes,Credit card,92.87,6260.98,2,Yes
CUST01633,Female,1,No,No,44,Yes,Yes,Fiber optic,No,Yes,No internet service,Month-to-month,Yes,Mailed check,102.51,4549.96,0,Yes
CUST01634,Male,0,Yes,No,24,Yes,No phone service,Fiber optic,Yes,No,No,Month-to-month,No,Bank transfer,24.35,621.13,3,Yes
CUST01635,Male,0,No,No,10,No,No phone service,No,Yes,No internet service,Yes,One year,No,Credit card,87.42,900.67,0,No
CUST01636,Male,0,Yes,Yes,28,Yes,No phone service,Fiber optic,Yes,No,No internet service,One year,Yes,Credit card,47.47,1361.71,3,No
CUST01637,Male,0,No,No,33,Yes,Yes,No,Yes,No,No,One year,Yes,Credit card,25.61,880.13,2,No
CUST01638,Male,0,Yes,No,13,No,No phone service,DSL,No,No internet service,No internet service,Month-to-month,No,Credit card,67.89,,1,Yes
CUST01639,Male,0,No,Yes,23,Yes,Yes,DSL,No,No,No internet service,Month-to-month,Yes,Credit card,34.13,814.77,2,No
CUST01640,Female,0,Yes,Yes,58,Yes,No,Fiber optic,Yes,No internet service,No internet service,One year,Yes,Mailed check,93.17,5446.18,3,No
CUST01641,Female,0,No,No,38,Yes,No,Fiber optic,No,No internet service,Yes,Month-to-month,Yes,Credit card,93.61,3572.82,0,No
CUST01642,Male,1,Yes,No,25,Yes,No,No,Yes,No internet service,No,One year,No,Mailed check,103.89,2623.41,4,No
CUST01643,Male,0,Yes,No,42,Yes,No phone service,Fiber optic,No,No internet service,No,Month-to-month,Yes,Electronic check,56.51,2373.84,0,Yes
CUST01644,Female,0,Yes,Yes,35,Yes,Yes,DSL,No internet service,No,No,Month-to-month,Yes,Electronic check,19.36,711.97,1,Yes
CUST01645,Male,0,No,Yes,38,Yes,No phone service,Fiber optic,No,No,Yes,Month-to-month,Yes,Bank transfer,44.49,1700.39,2,No
CUST01646,Male,0,Yes,No,60,Yes,Yes,Fiber optic,Yes,No internet service,No internet service,Month-to-month,Yes,Mailed check,65.72,3967.25,4,No
CUST01647,Male,1,Yes,No,15,Yes,No,DSL,No internet service,No internet service,Yes,Month-to-month,Yes,Bank transfer,88.79,1342.36,0,Yes
CUST01648,Female,0,Yes,Yes,58,Yes,No,Fiber optic,Yes,No internet service,No,Month-to-month,No,Electronic check,56.97,3305.44,1,No
CUST01649,Male,0,Yes,No,5,Yes,No,No,No internet service,No internet service,No internet service,Month-to-month,No,Electronic check,72.68,387.56,1,Yes
CUST01650,Female,0,No,No,55,Yes,No phone service,No,No internet service,Yes,Yes,Month-to-month,Yes,Electronic check,71.47,3952.09,1,Yes
CUST01651,Male,0,Yes,Yes,7,Yes,No phone service,Fiber optic,No,No,Yes,Month-to-month,Yes,Electronic check,34.83,265.07,3,Yes
CUST01652,Female,0,Yes,Yes,26,Yes,Yes,Fiber optic,No,No,Yes,One year,No,Credit card,81.55,2130.74,3,Yes
CUST01653,Female,0,Yes,Yes,70,No,Yes,DSL,No internet service,No internet service,Yes,Month-to-month,No,Electronic check,62.8,4443.36,0,Yes
CUST01654,Male,0,No,No,26,Yes,No,Fiber optic,No internet service,Yes,No internet service,One year,Yes,Credit card,100.41,2610.84,3,Yes
CUST01655,Female,0,Yes,No,45,Yes,No phone service,Fiber optic,No internet service,Yes,Yes,One year,Yes,Credit card,88.44,4024.38,1,No
CUST01656,Male,0,Yes,No,40,No,No phone service,Fiber optic,Yes,Yes,No internet service,One year,Yes,Bank transfer,29.37,1211.65,1,No
CUST01657,Female,1,Yes,No,24,Yes,Yes,DSL,No,No internet service,Yes,Two year,Yes,Credit card,67.85,1637.0,0,No
CUST01658,Male,0,Yes,No,17,Yes,Yes,No,Yes,Yes,No,Month-to-month,Yes,Bank transfer,89.65,1547.66,2,No
CUST01659,Male,0,No,No,11,Yes,No phone service,No,No,No internet service,Yes,One year,No,Credit card,26.88,345.12,2,No
CUST01660,Female,0,Yes,No,50,Yes,No phone service,Fiber optic,Yes,Yes,Yes,Two year,Yes,Credit card,98.83,4973.68,4,No
CUST01661,Male,0,Yes,Yes,38,Yes,Yes,DSL,No,No internet service,No,Two year,No,Electronic check,40.64,1550.69,1,No
CUST01662,Male,0,No,No,9,No,No phone service,DSL,No internet service,No internet service,No internet service,Month-to-month,No,Mailed check,69.31,646.67,1,Yes
CUST01663,Female,0,No,No,53,Yes,No phone service,DSL,No internet service,No,Yes,Month-to-month,No,Credit card,113.94,6062.23,1,No
CUST01664,Male,0,No,No,28,Yes,No,Fiber optic,No,No internet service,Yes,Month-to-month,Yes,Mailed check,76.28,2175.95,0,Yes
CUST01665,Male,0,Yes,No,40,Yes,No phone service,DSL,No internet service,Yes,No,One year,Yes,Mailed check,61.25,2495.81,2,No
CUST01666,Female,0,No,Yes,8,Yes,No phone service,No,No internet service,No,No internet service,One year,No,Mailed check,18.69,153.63,0,No
CUST01667,Female,1,Yes,No,62,Yes,No phone service,No,Yes,Yes,No,Month-to-month,No,Credit card,31.61,,3,No
CUST01668,Male,0,No,No,36,Yes,Yes,Fiber optic,No,No internet service,Yes,Month-to-month,No,Mailed check,77.02,2787.64,3,Yes
CUST01669,Male,0,Yes,No,13,Yes,No,Fiber optic,No internet service,No,No internet service,One year,Yes,Credit card,68.37,938.61,2,No
CUST01670,Female,0,No,No,72,Yes,Yes,Fiber optic,No,No internet service,Yes,Month-to-month,Yes,Electronic check,55.11,3995.88,1,No
CUST01671,Female,0,Yes,No,71,Yes,No,No,Yes,No internet service,No,Two year,No,Credit card,112.17,8008.06,1,No
CUST01672,Male,0,No,No,38,Yes,No,No,No,Yes,Yes,One year,Yes,Bank transfer,51.91,1993.88,0,No
CUST01673,Female,0,Yes,No,39,Yes,No phone service,DSL,Yes,Yes,No,Month-to-month,Yes,Electronic check,72.79,2874.95,2,No
CUST01674,Male,0,Yes,No,53,Yes,No,DSL,Yes,Yes,No,One year,Yes,Mailed check,76.01,4042.86,0,No
CUST01675,Male,0,Yes,No,2,Yes,No,Fiber optic,Yes,No,No internet service,Month-to-month,Yes,Mailed check,71.8,189.19,2,Yes
CUST01676,Male,0,Yes,No,54,Yes,No phone service,Fiber optic,No internet service,Yes,No,One year,Yes,Bank transfer,66.71,3625.1,4,No
CUST01677,Male,0,Yes,No,32,Yes,No phone service,DSL,Yes,No internet service,No internet service,Two year,Yes,Electronic check,52.38,1716.35,1,No
CUST01678,Male,1,Yes,No,70,No,No,Fiber optic,No,No,No internet service,Two year,Yes,Bank transfer,110.69,7761.09,1,No
CUST01679,Female,0,Yes,Yes,18,Yes,Yes,Fiber optic,No,Yes,No internet service,Month-to-month,No,Mailed check,63.98,1186.32,4,Yes
CUST01680,Female,0,Yes,Yes,33,Yes,No,DSL,No internet service,Yes,No internet service,Month-to-month,Yes,Credit card,71.9,2392.96,3,Yes
CUST01681,Female,0,No,No,49,Yes,Yes,No,No internet service,Yes,No internet service,Month-to-month,Yes,Mailed check,84.96,4164.61,2,Yes
CUST01682,Female,0,Yes,No,46,Yes,Yes,DSL,Yes,No internet service,No,Month-to-month,No,Bank transfer,24.9,1166.05,0,No
CUST01683,Male,0,Yes,No,45,Yes,No,Fiber optic,Yes,Yes,No,Month-to-month,Yes,Credit card,97.69,4423.55,3,Yes
CUST01684,Male,0,No,No,55,Yes,Yes,Fiber optic,Yes,No internet service,No internet service,Month-to-month,Yes,Credit card,70.28,3872.99,0,No
CUST01685,Male,0,Yes,Yes,56,Yes,No,DSL,No internet service,No,No,Month-to-month,No,Mailed check,85.03,4770.88,0,No
CUST01686,Male,0,No,No,50,Yes,Yes,Fiber optic,No internet service,Yes,No internet service,Month-to-month,No,Credit card,96.75,4860.74,2,Yes
CUST01687,Female,0,Yes,No,53,Yes,Yes,Fiber optic,No,No internet service,No,Month-to-month,Yes,Electronic check,107.16,5696.62,2,Yes
CUST01688,Male,0,No,No,27,Yes,No,No,Yes,Yes,No internet service,Two year,Yes,Mailed check,58.01,1588.31,0,No
CUST01689,Male,0,No,No,18,Yes,No phone service,Fiber optic,Yes,Yes,Yes,One year,No,Mailed check,100.77,1836.9,0,No
CUST01690,Female,0,Yes,No,26,Yes,No phone service,Fiber optic,No,No,Yes,Month-to-month,Yes,Electronic check,44.4,1161.4,1,Yes
CUST01691,Female,0,No,Yes,47,Yes,No,Fiber optic,No,No,No internet service,Month-to-month,No,Mailed check,85.35,4020.51,1,Yes
CUST01692,Female,1,Yes,No,18,Yes,No,Fiber optic,No,No internet service,No,Month-to-month,No,Bank transfer,28.48,555.05,0,No
CUST01693,Female,1,Yes,Yes,50,No,No phone service,No,No,No internet service,No internet service,Month-to-month,No,Bank transfer,20.04,1010.14,1,No
CUST01694,Male,0,Yes,No,6,Yes,No phone service,DSL,Yes,No internet service,No,Month-to-month,Yes,Mailed check,27.77,199.92,2,Yes
CUST01695,Male,0,Yes,No,28,Yes,Yes,DSL,No internet service,No,No internet service,Two year,Yes,Electronic check,50.58,1437.17,3,No
CUST01696,Female,0,No,No,42,Yes,Yes,Fiber optic,Yes,No internet service,No internet service,One year,No,Credit card,21.17,937.55,1,No
CUST01697,Male,1,Yes,No,68,Yes,Yes,DSL,No,No,No,One year,Yes,Electronic check,82.31,5600.39,1,No
CUST01698,Male,1,No,No,57,No,No phone service,No,No internet service,No,No,Month-to-month,Yes,Bank transfer,50.29,2908.05,4,No
CUST01699,Male,0,No,No,7,Yes,No,Fiber optic,Yes,Yes,No internet service,Two year,No,Mailed check,93.11,676.34,2,No
CUST01700,Female,0,Yes,Yes,41,No,Yes,Fiber optic,No,Yes,Yes,Two year,Yes,Electronic check,22.68,930.15,2,No
CUST01701,Male,0,Yes,No,41,Yes,No,No,No internet service,No internet service,Yes,Month-to-month,Yes,Credit card,40.1,1657.28,1,Yes
CUST01702,Female,0,Yes,No,12,Yes,No phone service,Fiber optic,No internet service,No,Yes,Month-to-month,No,Credit card,59.62,735.82,1,No
CUST01703,Male,0,Yes,No,25,Yes,Yes,Fiber optic,No internet service,No,Yes,Month-to-month,Yes,Credit card,57.03,1441.46,0,No
CUST01704,Male,1,No,No,17,No,No phone service,DSL,Yes,No,Yes,Month-to-month,Yes,Credit card,31.36,551.24,2,No
CUST01705,Male,0,Yes,Yes,41,Yes,No,Fiber optic,No,Yes,No,One year,Yes,Electronic check,119.4,4941.23,2,No
CUST01706,Female,0,No,Yes,50,Yes,Yes,DSL,Yes,No,Yes,Month-to-month,No,Credit card,47.01,2368.55,1,No
CUST01707,Male,1,Yes,No,15,Yes,No,Fiber optic,Yes,No internet service,No,Month-to-month,Yes,Bank transfer,91.55,1394.19,2,Yes
CUST01708,Female,0,Yes,No,2,No,No,Fiber optic,Yes,No internet service,Yes,Month-to-month,Yes,Credit card,40.44,118.94,3,Yes
CUST01709,Female,0,Yes,No,44,Yes,Yes,DSL,No internet service,Yes,No,Month-to-month,No,Bank transfer,107.54,4771.45,0,No
CUST01710,Female,0,Yes,No,21,Yes,Yes,Fiber optic,No,No internet service,Yes,Two year,No,Electronic check,57.55,1212.75,3,No
CUST01711,Male,0,No,Yes,22,Yes,No phone service,DSL,Yes,No,Yes,One year,Yes,Bank transfer,109.89,2452.78,1,No
CUST01712,Male,0,No,No,58,Yes,Yes,No,No,No,No,One year,No,Electronic check,52.87,3090.59,1,No
CUST01713,Male,0,Yes,Yes,61,Yes,Yes,DSL,No internet service,No internet service,No,Month-to-month,Yes,Credit card,18.88,1158.37,4,No
CUST01714,Male,0,No,No,67,Yes,Yes,No,Yes,Yes,No internet service,One year,No,Mailed check,70.74,4752.82,0,No
CUST01715,Female,0,No,Yes,53,Yes,Yes,Fiber optic,No,No,Yes,Month-to-month,Yes,Bank transfer,71.53,3793.34,2,No
CUST01716,Female,0,Yes,No,56,Yes,Yes,Fiber optic,No internet service,No,Yes,One year,Yes,Bank transfer,30.22,1710.33,0,No
CUST01717,Female,0,Yes,Yes,22,Yes,No phone service,DSL,Yes,Yes,No,Month-to-month,No,Mailed check,41.97,936.11,1,No
CUST01718,Male,0,No,No,59,Yes,No,No,Yes,No,No,Month-to-month,Yes,Electronic check,97.92,5796.39,0,No
CUST01719,Female,0,No,No,72,Yes,No phone service,DSL,No,No internet service,Yes,Month-to-month,Yes,Electronic check,21.75,1595.02,0,No
CUST01720,Male,0,No,No,54,Yes,No,Fiber optic,No,No internet service,Yes,Month-to-month,Yes,Credit card,67.93,3704.84,0,No
CUST01721,Female,0,No,No,62,Yes,Yes,No,Yes,Yes,No,Two year,No,Bank transfer,72.1,4500.47,1,No
CUST01722,Male,0,Yes,No,55,Yes,No phone service,No,Yes,Yes,No,Month-to-month,Yes,Electronic check,88.25,4887.67,0,No
CUST01723,Male,0,Yes,Yes,54,No,No,Fiber optic,No internet service,No internet service,Yes,Month-to-month,Yes,Credit card,21.82,1221.56,1,No
CUST01724,Female,0,No,No,24,Yes,No,No,No internet service,Yes,No,Month-to-month,Yes,Electronic check,77.74,1909.45,1,No
CUST01725,Female,0,Yes,No,25,Yes,Yes,Fiber optic,Yes,No internet service,No,Two year,Yes,Mailed check,18.32,501.04,1,No
CUST01726,Female,1,No,Yes,48,Yes,Yes,DSL,No,Yes,Yes,Month-to-month,Yes,Mailed check,45.05,2170.06,1,Yes
CUST01727,Female,0,No,Yes,62,Yes,No,Fiber optic,No,No internet service,No internet service,One year,Yes,Mailed check,68.97,4288.69,1,No
CUST01728,Male,0,Yes,No,44,Yes,No phone service,DSL,Yes,No,No,Two year,Yes,Credit card,110.95,4906.92,2,No
CUST01729,Female,0,No,No,72,No,No,DSL,No internet service,No,No internet service,Month-to-month,Yes,Bank transfer,30.91,2243.46,2,No
CUST01730,Female,0,No,No,38,Yes,No phone service,Fiber optic,Yes,No internet service,No,Month-to-month,No,Mailed check,35.27,1346.84,1,No
CUST01731,Female,0,Yes,No,64,Yes,No phone service,Fiber optic,No,No,No internet service,Month-to-month,No,Mailed check,86.26,5535.03,4,No
CUST01732,Male,0,Yes,Yes,68,Yes,No,DSL,Yes,No internet service,No,Two year,No,Electronic check,56.24,3873.09,2,No
CUST01733,Male,0,No,Yes,55,Yes,No phone service,No,Yes,Yes,No internet service,Month-to-month,Yes,Mailed check,81.59,4504.8,0,No
CUST01734,Female,0,No,No,8,Yes,No,DSL,No internet service,No,No internet service,Month-to-month,No,Bank transfer,119.74,978.87,3,Yes
CUST01735,Male,0,Yes,Yes,69,Yes,No,No,No,No,No,One year,Yes,Credit card,118.66,8187.86,1,Yes
CUST01736,Female,0,No,No,27,Yes,Yes,No,No,No,No internet service,One year,No,Mailed check,54.08,1496.13,2,No
CUST01737,Male,0,No,No,44,Yes,No,No,Yes,No internet service,Yes,Month-to-month,Yes,Credit card,69.4,3074.28,2,No
CUST01738,Male,1,Yes,Yes,25,No,No,No,No,No,Yes,Month-to-month,Yes,Credit card,110.28,2762.16,1,No
CUST01739,Male,0,Yes,No,27,Yes,Yes,DSL,No,Yes,Yes,Month-to-month,Yes,Bank transfer,27.4,788.23,4,No
CUST01740,Male,0,Yes,Yes,39,Yes,Yes,Fiber optic,No,No,No internet service,Month-to-month,Yes,Electronic check,64.13,2539.94,3,Yes
CUST01741,Female,0,Yes,No,14,Yes,No phone service,DSL,No,Yes,No,Month-to-month,No,Electronic check,56.51,827.45,5,No
CUST01742,Female,0,Yes,Yes,5,Yes,No phone service,DSL,No internet service,No,No internet service,Two year,No,Credit card,48.08,288.29,1,No
CUST01743,Female,0,Yes,No,26,Yes,Yes,Fiber optic,No internet service,No,No,Month-to-month,No,Mailed check,119.41,3125.03,2,Yes
CUST01744,Male,0,No,No,37,No,Yes,DSL,No internet service,Yes,No internet service,Two year,No,Credit card,92.82,3470.27,1,No
CUST01745,Female,0,No,No,67,Yes,Yes,No,No internet service,No,No,One year,Yes,Electronic check,57.65,3872.86,1,No
CUST01746,Female,0,Yes,No,63,Yes,No,No,No internet service,Yes,No internet service,Month-to-month,Yes,Mailed check,102.56,6496.14,1,No
CUST01747,Female,0,Yes,Yes,29,Yes,No,Fiber optic,No,Yes,No internet service,One year,No,Electronic check,67.95,1971.25,1,No
CUST01748,Male,0,No,No,2,Yes,No,Fiber optic,Yes,Yes,Yes,Month-to-month,Yes,Bank transfer,107.03,220.38,3,Yes
CUST01749,Male,1,No,No,61,Yes,Yes,Fiber optic,Yes,No,No internet service,Two year,No,Electronic check,45.17,2776.63,2,No
CUST01750,Male,0,No,No,11,Yes,No phone service,No,No internet service,No,Yes,Two year,Yes,Mailed check,40.81,449.51,0,No
CUST01751,Female,0,Yes,Yes,29,Yes,No phone service,Fiber optic,No,Yes,No,Month-to-month,Yes,Mailed check,43.22,1276.48,2,No
CUST01752,Female,0,Yes,No,37,Yes,No,DSL,No internet service,No,No,Month-to-month,No,Credit card,72.93,2724.55,3,Yes
CUST01753,Female,0,No,Yes,59,Yes,No,Fiber optic,Yes,No internet service,Yes,Month-to-month,Yes,Mailed check,47.71,2845.97,0,No
CUST01754,Male,0,Yes,No,37,Yes,Yes,Fiber optic,No,Yes,No internet service,Month-to-month,Yes,Bank transfer,33.01,1226.39,0,No
CUST01755,Male,0,Yes,Yes,14,Yes,Yes,No,No,Yes,No,Month-to-month,Yes,Electronic check,119.45,1681.35,0,Yes
CUST01756,Female,0,Yes,No,17,No,No phone service,DSL,No,No internet service,No internet service,Month-to-month,No,Credit card,109.84,1897.94,1,No
CUST01757,Male,0,No,Yes,51,Yes,No phone service,DSL,Yes,No internet service,No internet service,One year,Yes,Credit card,82.77,4254.18,1,No
CUST01758,Male,0,No,No,28,Yes,Yes,No,Yes,Yes,No internet service,Month-to-month,Yes,Mailed check,108.94,3051.62,2,No
CUST01759,Male,0,Yes,No,59,Yes,No phone service,No,No internet service,No internet service,No,Two year,Yes,Bank transfer,113.42,6718.8,1,No
CUST01760,Male,1,Yes,Yes,20,Yes,No phone service,No,No internet service,Yes,No,Two year,Yes,Credit card,86.96,1778.45,3,No
CUST01761,Female,0,Yes,No,16,Yes,No,Fiber optic,Yes,No,No internet service,Month-to-month,Yes,Bank transfer,70.91,1138.02,2,Yes
CUST01762,Male,0,Yes,Yes,17,Yes,Yes,Fiber optic,No internet service,No internet service,Yes,Two year,Yes,Bank transfer,107.96,1855.98,1,Yes
CUST01763,Male,0,Yes,No,56,Yes,Yes,Fiber optic,Yes,Yes,Yes,Month-to-month,No,Electronic check,75.92,4267.85,2,Yes
CUST01764,Male,0,No,No,36,Yes,Yes,DSL,No,Yes,Yes,Month-to-month,No,Electronic check,30.93,1159.16,1,No
CUST01765,Male,0,Yes,No,59,Yes,No,Fiber optic,No internet service,Yes,No internet service,One year,Yes,Electronic check,55.42,3279.07,1,No
CUST01766,Female,0,Yes,No,37,Yes,Yes,DSL,Yes,No internet service,Yes,Month-to-month,No,Bank transfer,63.48,2364.68,0,No
CUST01767,Female,0,Yes,Yes,11,Yes,No phone service,DSL,Yes,No,No,One year,Yes,Electronic check,113.41,1292.43,2,No
CUST01768,Male,0,No,No,72,Yes,No,No,Yes,No,Yes,Two year,Yes,Credit card,85.24,6153.81,1,No
CUST01769,Male,0,No,Yes,0,Yes,No,DSL,No internet service,No internet service,Yes,Two year,Yes,Credit card,107.28,26.57,1,No
CUST01770,Male,0,Yes,No,57,Yes,Yes,No,No internet service,Yes,No internet service,One year,Yes,Mailed check,95.27,5432.04,2,Yes
CUST01771,Male,0,No,No,2,Yes,No phone service,DSL,No,Yes,No,One year,Yes,Bank transfer,49.61,148.47,0,No
CUST01772,Male,0,No,No,62,Yes,Yes,DSL,No internet service,Yes,No,Month-to-month,Yes,Electronic check,91.31,5702.47,2,Yes
CUST01773,Male,0,No,Yes,20,Yes,No phone service,Fiber optic,No internet service,No internet service,Yes,Month-to-month,No,Credit card,37.92,790.12,0,Yes
CUST01774,Female,0,No,No,22,Yes,Yes,Fiber optic,No internet service,No internet service,No internet service,One year,Yes,Bank transfer,59.63,1314.9,2,No
CUST01775,Male,0,No,No,8,Yes,No phone service,Fiber optic,No,Yes,No internet service,Month-to-month,No,Bank transfer,100.22,805.5,2,Yes
CUST01776,Female,0,No,Yes,54,Yes,No phone service,No,No,Yes,Yes,Month-to-month,Yes,Electronic check,80.42,4369.93,1,Yes
CUST01777,Female,1,Yes,No,18,Yes,No phone service,DSL,No,Yes,No,Month-to-month,Yes,Bank transfer,102.19,1853.67,0,Yes
CUST01778,Male,0,No,No,61,Yes,No,No,No internet service,No internet service,No,One year,Yes,Electronic check,43.98,2713.92,2,No
CUST01779,Female,0,No,No,38,No,Yes,DSL,Yes,No internet service,No,Month-to-month,Yes,Electronic check,94.47,3619.77,1,No
CUST01780,Female,0,Yes,No,26,Yes,Yes,No,No internet service,No,No internet service,One year,No,Electronic check,38.64,1046.57,3,No
CUST01781,Female,0,Yes,No,45,Yes,Yes,Fiber optic,No,Yes,Yes,Month-to-month,No,Bank transfer,73.62,3326.97,2,No
CUST01782,Female,0,Yes,Yes,33,Yes,No,No,No internet service,Yes,No internet service,Month-to-month,Yes,Bank transfer,62.22,2082.15,0,Yes
CUST01783,Female,1,Yes,No,32,Yes,No phone service,Fiber optic,No internet service,No,No,Month-to-month,No,Electronic check,74.76,2431.19,2,Yes
CUST01784,Female,1,No,Yes,49,Yes,No,DSL,Yes,Yes,No internet service,Month-to-month,No,Bank transfer,31.82,1583.72,1,No
CUST01785,Male,0,No,No,19,Yes,No,No,Yes,No,No,Two year,No,Electronic check,54.85,1083.68,2,Yes
CUST01786,Female,0,No,No,39,Yes,No phone service,DSL,No internet service,No internet service,Yes,Month-to-month,Yes,Mailed check,86.02,3361.34,1,Yes
CUST01787,Female,0,No,No,57,Yes,Yes,DSL,No,No,No,Month-to-month,No,Bank transfer,74.97,4309.98,1,Yes
CUST01788,Female,0,Yes,No,30,Yes,No,No,No internet service,No,Yes,Month-to-month,Yes,Bank transfer,73.99,2266.85,0,No
CUST01789,Male,1,No,Yes,37,Yes,No phone service,DSL,No internet service,No internet service,No internet service,Month-to-month,No,Mailed check,70.1,2610.29,1,Yes
CUST01790,Female,0,No,No,44,Yes,No phone service,DSL,No internet service,Yes,No internet service,Month-to-month,Yes,Mailed check,114.28,5046.64,1,Yes
CUST01791,Male,0,Yes,No,40,Yes,Yes,Fiber optic,No,No,No internet service,Month-to-month,Yes,Mailed check,113.33,4537.38,1,No
CUST01792,Female,1,No,Yes,8,Yes,No phone service,No,No,No,No,Two year,Yes,Electronic check,54.73,469.91,1,No
CUST01793,Male,0,No,No,8,Yes,No phone service,DSL,No,Yes,Yes,One year,Yes,Electronic check,53.89,458.74,3,Yes
CUST01794,Male,0,No,No,62,Yes,No phone service,Fiber optic,No,No,No internet service,Month-to-month,No,Credit card,74.6,4627.22,0,Yes
CUST01795,Female,1,No,No,21,Yes,Yes,Fiber optic,No,No internet service,No internet service,Month-to-month,Yes,Mailed check,27.75,620.36,1,No
CUST01796,Female,0,Yes,Yes,15,Yes,Yes,No,No internet service,No,Yes,Month-to-month,Yes,Credit card,48.91,775.11,2,Yes
CUST01797,Male,0,Yes,No,31,Yes,No phone service,No,No,Yes,No,Month-to-month,No,Electronic check,41.55,1333.41,2,No
CUST01798,Female,0,Yes,Yes,65,Yes,No phone service,Fiber optic,No internet service,Yes,No internet service,One year,Yes,Bank transfer,40.79,2678.64,4,Yes
CUST01799,Male,0,Yes,Yes,13,Yes,Yes,Fiber optic,No internet service,No,No,Two year,Yes,Mailed check,83.13,1103.32,2,No
CUST01800,Male,0,Yes,Yes,37,Yes,Yes,Fiber optic,No internet service,Yes,No,Month-to-month,Yes,Bank transfer,57.2,2160.21,2,Yes
CUST01801,Male,0,No,Yes,7,Yes,Yes,DSL,Yes,Yes,No,Two year,Yes,Electronic check,35.46,268.15,2,No
CUST01802,Male,1,No,Yes,20,Yes,No,Fiber optic,No,No,No internet service,Month-to-month,Yes,Mailed check,108.53,2203.37,1,Yes
CUST01803,Male,0,Yes,No,55,Yes,Yes,No,No,No,No internet service,Month-to-month,Yes,Credit card,107.16,5924.57,1,No
CUST01804,Female,0,Yes,No,45,Yes,No phone service,Fiber optic,No internet service,Yes,Yes,Month-to-month,No,Credit card,105.97,4787.26,0,Yes
CUST01805,Male,0,Yes,Yes,42,Yes,Yes,DSL,Yes,No,Yes,Month-to-month,No,Electronic check,57.86,2434.46,0,No
CUST01806,Male,0,No,Yes,45,Yes,No phone service,Fiber optic,No,No internet service,No,Two year,Yes,Bank transfer,23.81,1072.52,1,No
CUST01807,Female,0,Yes,No,47,Yes,No phone service,Fiber optic,No internet service,No,No internet service,Month-to-month,Yes,Electronic check,28.89,1379.24,0,No
CUST01808,Male,0,No,No,69,Yes,No phone service,Fiber optic,Yes,Yes,No,Month-to-month,Yes,Bank transfer,46.16,3209.1,2,No
CUST01809,Female,0,No,Yes,30,Yes,Yes,Fiber optic,No internet service,No internet service,Yes,Two year,No,Electronic check,40.44,1254.33,1,No
CUST01810,Female,0,No,Yes,32,Yes,Yes,Fiber optic,Yes,Yes,No,Two year,Yes,Credit card,107.15,3449.52,1,No
CUST01811,Female,0,No,Yes,43,Yes,Yes,DSL,No internet service,Yes,No,One year,No,Bank transfer,118.61,5114.29,0,No
CUST01812,Male,0,Yes,Yes,70,No,Yes,No,No,No internet service,No internet service,Two year,Yes,Electronic check,101.3,7114.1,2,No
CUST01813,Male,0,No,Yes,7,Yes,Yes,Fiber optic,No internet service,No,No,Month-to-month,No,Mailed check,92.44,658.98,0,Yes
CUST01814,Male,0,No,No,72,Yes,No,DSL,No internet service,Yes,No,Two year,Yes,Credit card,78.04,5623.45,0,No
CUST01815,Female,0,Yes,Yes,1,Yes,Yes,DSL,Yes,No,No internet service,One year,No,Credit card,96.53,102.18,0,Yes
CUST01816,Male,0,No,No,16,Yes,No,No,Yes,No,No internet service,Two year,Yes,Mailed check,114.6,1849.56,2,No
CUST01817,Female,0,No,Yes,51,Yes,No phone service,No,No,No internet service,Yes,One year,No,Electronic check,79.34,4046.97,1,No
CUST01818,Male,0,No,No,44,Yes,No phone service,Fiber optic,No internet service,Yes,No internet service,Month-to-month,Yes,Bank transfer,33.77,1496.89,1,No
CUST01819,Female,0,Yes,No,36,Yes,No phone service,DSL,Yes,No internet service,No,One year,Yes,Credit card,34.71,1288.94,1,No
CUST01820,Male,0,No,No,41,Yes,No phone service,DSL,No,No internet service,Yes,Month-to-month,Yes,Electronic check,77.55,3191.28,1,Yes
CUST01821,Male,0,No,No,43,Yes,No,DSL,No,Yes,Yes,Month-to-month,No,Mailed check,52.01,2241.97,1,No
CUST01822,Male,0,Yes,No,37,Yes,No,Fiber optic,Yes,Yes,Yes,Month-to-month,No,Bank transfer,110.85,4148.9,0,No
CUST01823,Female,0,Yes,No,5,No,No phone service,Fiber optic,Yes,No internet service,Yes,Two year,Yes,Electronic check,80.39,433.07,2,Yes
CUST01824,Female,0,No,No,67,Yes,Yes,Fiber optic,No internet service,No internet service,No,Month-to-month,Yes,Electronic check,87.0,5832.0,2,No
CUST01825,Male,0,No,No,50,Yes,No phone service,Fiber optic,No,No internet service,No,Month-to-month,Yes,Credit card,18.59,932.61,3,Yes
CUST01826,Male,0,Yes,No,34,Yes,No phone service,DSL,Yes,Yes,No,Month-to-month,No,Credit card,68.88,2372.53,3,Yes
CUST01827,Female,0,No,No,57,Yes,No,DSL,No,Yes,No,Two year,No,Bank transfer,61.98,3559.87,2,No
CUST01828,Female,0,Yes,No,56,Yes,No phone service,Fiber optic,No internet service,No internet service,Yes,Month-to-month,No,Electronic check,90.0,5043.42,3,Yes
CUST01829,Female,0,No,No,72,No,No,DSL,Yes,Yes,No,One year,Yes,Mailed check,57.03,4117.38,1,No
CUST01830,Male,0,Yes,Yes,5,Yes,No,DSL,No,Yes,Yes,Two year,No,Mailed check,117.61,634.5,0,No
CUST01831,Female,0,No,Yes,12,No,No phone service,Fiber optic,Yes,Yes,No internet service,Month-to-month,No,Bank transfer,86.36,1064.92,1,No
CUST01832,Male,0,Yes,No,58,Yes,Yes,No,No internet service,No,No,Month-to-month,No,Electronic check,85.31,4970.0,1,Yes
CUST01833,Female,0,Yes,Yes,29,Yes,No,Fiber optic,No internet service,No,No internet service,One year,Yes,Credit card,111.77,3253.84,2,Yes
CUST01834,Male,0,Yes,No,1,Yes,No,No,No internet service,No internet service,No internet service,Two year,No,Electronic check,119.51,126.19,1,No
CUST01835,Female,1,Yes,Yes,57,Yes,No,Fiber optic,No internet service,No,No,One year,Yes,Credit card,38.18,2196.39,0,No
CUST01836,Female,0,Yes,No,35,Yes,No phone service,Fiber optic,Yes,No internet service,Yes,Month-to-month,Yes,Mailed check,100.67,3569.57,2,Yes
CUST01837,Female,1,No,No,71,Yes,No phone service,DSL,Yes,No internet service,No internet service,Two year,Yes,Bank transfer,34.56,2456.2,1,No
CUST01838,Female,0,No,No,44,No,No,No,No,Yes,No,Month-to-month,Yes,Bank transfer,64.62,2892.83,0,No
CUST01839,Female,0,Yes,No,8,Yes,Yes,DSL,No,No internet service,No internet service,One year,Yes,Bank transfer,28.22,236.15,1,No
CUST01840,Male,0,No,No,64,Yes,No phone service,DSL,Yes,No internet service,No internet service,Two year,Yes,Credit card,81.58,5241.56,0,No
CUST01841,Female,1,No,No,49,Yes,Yes,DSL,Yes,No internet service,No,Month-to-month,Yes,Mailed check,65.79,3225.96,3,No
CUST01842,Female,0,No,No,31,Yes,Yes,No,No,No internet service,No internet service,One year,No,Mailed check,82.13,2575.27,0,No
CUST01843,Female,0,No,Yes,42,Yes,No phone service,No,Yes,Yes,Yes,One year,Yes,Bank transfer,87.15,3684.48,0,No
CUST01844,Male,0,No,No,53,Yes,No,Fiber optic,No internet service,Yes,Yes,Two year,Yes,Bank transfer,81.18,4335.88,2,No
CUST01845,Female,0,No,No,46,Yes,Yes,Fiber optic,No internet service,No internet service,No internet service,Month-to-month,Yes,Credit card,47.99,2234.67,0,No
CUST01846,Male,0,Yes,No,13,Yes,No,Fiber optic,No internet service,No,No internet service,Month-to-month,No,Credit card,103.37,1363.72,0,No
CUST01847,Female,0,No,No,47,No,Yes,No,No,No,No,Two year,No,Electronic check,74.27,3527.58,5,No
CUST01848,Female,0,No,No,54,Yes,No,Fiber optic,Yes,No internet service,Yes,Month-to-month,Yes,Credit card,67.96,3671.09,1,Yes
CUST01849,Male,0,No,Yes,28,Yes,No phone service,No,No,Yes,No internet service,Month-to-month,No,Electronic check,118.68,3350.09,4,Yes
CUST01850,Female,0,Yes,Yes,46,Yes,Yes,DSL,No,No internet service,Yes,Two year,Yes,Bank transfer,46.92,2164.01,1,No
CUST01851,Male,0,No,No,62,Yes,Yes,DSL,Yes,No internet service,No internet service,Month-to-month,No,Mailed check,71.86,4477.12,0,Yes
CUST01852,Male,0,No,No,18,Yes,Yes,No,No,Yes,No,Two year,Yes,Credit card,87.6,1616.36,3,No
CUST01853,Female,1,No,No,8,Yes,No,DSL,No internet service,No,No,Month-to-month,Yes,Mailed check,30.77,,1,No
CUST01854,Male,0,Yes,Yes,36,Yes,Yes,No,Yes,No internet service,Yes,Month-to-month,Yes,Credit card,54.13,1995.47,1,Yes
CUST01855,Female,0,No,No,51,Yes,Yes,Fiber optic,No internet service,Yes,Yes,One year,Yes,Credit card,99.77,5132.7,3,Yes
CUST01856,Female,0,Yes,No,56,Yes,No,No,No internet service,Yes,No internet service,One year,Yes,Electronic check,42.15,2381.15,1,No
CUST01857,Male,0,No,No,27,Yes,No,DSL,Yes,No internet service,No internet service,One year,No,Credit card,68.32,1844.94,1,No
CUST01858,Male,0,Yes,Yes,35,Yes,No phone service,Fiber optic,No internet service,Yes,No internet service,Month-to-month,No,Bank transfer,82.32,2920.69,0,Yes
CUST01859,Male,0,Yes,Yes,63,Yes,No,Fiber optic,No internet service,No internet service,Yes,Two year,Yes,Mailed check,86.46,5491.02,0,No
CUST01860,Male,0,Yes,Yes,17,Yes,Yes,Fiber optic,No internet service,No,No,Month-to-month,Yes,Credit card,92.29,1577.67,3,Yes
CUST01861,Female,0,No,Yes,34,Yes,Yes,Fiber optic,Yes,No internet service,No,Month-to-month,Yes,Mailed check,106.33,3661.03,1,No
CUST01862,Female,0,Yes,Yes,67,Yes,No phone service,No,Yes,No,Yes,Month-to-month,Yes,Mailed check,58.07,3936.39,2,No
CUST01863,Male,0,Yes,Yes,38,Yes,No phone service,Fiber optic,Yes,Yes,No,One year,No,Mailed check,90.08,3446.6,0,No
CUST01864,Female,0,Yes,No,7,Yes,Yes,DSL,No,No internet service,Yes,Month-to-month,Yes,Credit card,92.68,688.66,1,Yes
CUST01865,Female,1,Yes,No,14,Yes,No,No,No internet service,Yes,No internet service,Month-to-month,No,Electronic check,48.63,703.07,0,No
CUST01866,Female,0,No,No,6,Yes,Yes,DSL,No,No internet service,Yes,Month-to-month,Yes,Mailed check,116.75,728.7,1,Yes
CUST01867,Female,0,No,Yes,16,Yes,No phone service,Fiber optic,No,Yes,No,Month-to-month,Yes,Mailed check,106.25,1715.99,2,Yes
CUST01868,Male,0,No,No,63,Yes,Yes,DSL,No internet service,No,Yes,Month-to-month,Yes,Credit card,47.57,3004.88,2,No
CUST01869,Male,0,No,No,11,Yes,Yes,No,Yes,No internet service,Yes,One year,Yes,Credit card,86.86,992.79,2,No
CUST01870,Female,0,Yes,Yes,55,Yes,Yes,DSL,No,Yes,Yes,Month-to-month,Yes,Bank transfer,91.22,5017.17,1,No
CUST01871,Male,0,No,No,45,Yes,No phone service,DSL,Yes,No internet service,Yes,Two year,No,Bank transfer,62.01,2819.43,2,No
CUST01872,Male,0,Yes,Yes,46,Yes,No phone service,No,Yes,No internet service,No,One year,Yes,Electronic check,106.1,4923.83,0,No
CUST01873,Male,0,No,No,15,Yes,No phone service,No,No internet service,No,No internet service,Month-to-month,Yes,Electronic check,88.4,1337.06,0,Yes
CUST01874,Female,0,No,No,68,Yes,No,DSL,No,Yes,No,One year,No,Electronic check,85.13,5805.48,0,No
CUST01875,Female,0,No,No,1,No,No phone service,Fiber optic,No,No internet service,No,Month-to-month,Yes,Electronic check,40.53,69.9,0,Yes
CUST01876,Female,0,Yes,No,53,Yes,No,No,Yes,No internet service,No internet service,One year,No,Mailed check,59.6,3171.14,1,No
CUST01877,Male,0,No,No,26,No,No,DSL,No internet service,No internet service,No,Two year,Yes,Credit card,62.26,1661.13,0,No
CUST01878,Female,0,No,No,30,Yes,No phone service,No,No,No internet service,No internet service,Month-to-month,Yes,Bank transfer,92.83,2803.23,3,Yes
CUST01879,Female,0,No,No,40,No,No,Fiber optic,Yes,No internet service,No internet service,One year,No,Mailed check,81.08,3272.28,5,No
CUST01880,Male,0,Yes,Yes,35,No,No,Fiber optic,Yes,Yes,Yes,Month-to-month,No,Credit card,26.76,947.91,0,No
CUST01881,Female,0,No,Yes,46,Yes,Yes,Fiber optic,Yes,No internet service,No,Month-to-month,Yes,Credit card,49.39,2274.01,1,No
CUST01882,Female,0,No,No,42,Yes,No,Fiber optic,No internet service,No internet service,No internet service,Two year,Yes,Mailed check,66.25,2791.19,4,Yes
CUST01883,Male,0,Yes,No,64,Yes,No,DSL,No internet service,No internet service,No,Month-to-month,No,Mailed check,93.15,5963.91,0,Yes
CUST01884,Male,0,Yes,No,49,No,No phone service,Fiber optic,Yes,Yes,No,Month-to-month,Yes,Bank transfer,93.84,4621.59,1,No
CUST01885,Male,0,No,Yes,0,Yes,Yes,DSL,Yes,No internet service,No internet service,Month-to-month,Yes,Electronic check,68.04,29.33,2,No
CUST01886,Female,1,No,No,71,Yes,No,Fiber optic,No internet service,No internet service,Yes,One year,No,Electronic check,29.93,2127.26,0,Yes
CUST01887,Female,0,No,Yes,56,Yes,No,DSL,Yes,No,No internet service,Month-to-month,No,Bank transfer,47.88,2685.8,0,No
CUST01888,Female,0,Yes,No,15,Yes,No,No,Yes,No,Yes,Two year,No,Bank transfer,43.98,683.98,1,No
CUST01889,Male,0,Yes,No,27,Yes,No phone service,DSL,No internet service,No internet service,No internet service,Month-to-month,No,Electronic check,97.66,2676.78,0,Yes
CUST01890,Male,0,Yes,No,21,Yes,No phone service,Fiber optic,Yes,No internet service,No internet service,Month-to-month,No,Mailed check,36.36,794.96,2,Yes
CUST01891,Female,0,No,Yes,40,Yes,Yes,Fiber optic,Yes,No,Yes,One year,No,Electronic check,65.42,2622.04,2,No
CUST01892,Female,1,Yes,No,18,No,No,Fiber optic,Yes,Yes,Yes,Month-to-month,No,Credit card,86.41,1599.76,1,Yes
CUST01893,Male,1,No,No,49,Yes,Yes,Fiber optic,No internet service,Yes,No,One year,Yes,Credit card,116.41,5749.96,3,No
CUST01894,Male,0,Yes,No,58,Yes,No phone service,Fiber optic,No internet service,No,No internet service,Month-to-month,Yes,Bank transfer,119.92,6971.61,2,Yes
CUST01895,Male,1,Yes,No,68,Yes,No,DSL,No internet service,No internet service,No,Month-to-month,No,Electronic check,115.2,7864.4,3,Yes
CUST01896,Male,1,Yes,No,33,No,No,DSL,No,No,No,Month-to-month,No,Electronic check,91.26,3036.2,2,Yes
CUST01897,Female,0,No,No,38,Yes,Yes,Fiber optic,No,Yes,Yes,Two year,Yes,Credit card,94.14,3624.42,1,No
CUST01898,Male,1,No,No,6,Yes,No,No,No,No,Yes,One year,Yes,Electronic check,95.44,598.08,0,No
CUST01899,Female,0,No,Yes,51,Yes,No phone service,DSL,No,Yes,No,One year,No,Bank transfer,105.99,5453.49,0,No
CUST01900,Female,0,No,No,59,Yes,Yes,DSL,No internet service,No internet service,Yes,Month-to-month,Yes,Bank transfer,115.08,6799.69,1,No
CUST01901,Female,0,Yes,No,51,Yes,Yes,DSL,Yes,No internet service,No internet service,One year,Yes,Credit card,63.46,3253.74,1,No
CUST01902,Male,0,No,Yes,23,Yes,No,Fiber optic,No internet service,No internet service,Yes,Month-to-month,No,Electronic check,60.48,1430.11,1,Yes
CUST01903,Male,1,Yes,Yes,25,Yes,No phone service,Fiber optic,No,Yes,Yes,Two year,No,Electronic check,64.97,1663.43,0,No
CUST01904,Male,0,No,No,9,Yes,No,No,No internet service,No,No internet service,One year,No,Credit card,85.3,804.31,0,No
CUST01905,Male,0,No,Yes,16,No,Yes,DSL,Yes,No internet service,Yes,One year,No,Mailed check,97.1,1596.58,1,No
CUST01906,Female,0,Yes,No,1,Yes,Yes,DSL,No,Yes,No,Month-to-month,Yes,Mailed check,106.8,141.93,1,Yes
CUST01907,Male,1,Yes,Yes,26,Yes,No phone service,DSL,Yes,No internet service,No,Month-to-month,No,Electronic check,64.53,1709.58,0,No
CUST01908,Male,1,No,No,72,Yes,Yes,Fiber optic,Yes,No,No,Month-to-month,Yes,Bank transfer,55.06,3987.27,1,No
CUST01909,Female,0,No,No,70,Yes,No phone service,Fiber optic,Yes,No internet service,Yes,Two year,No,Mailed check,118.3,8304.35,4,No
CUST01910,Male,0,Yes,No,47,Yes,No,DSL,No,Yes,Yes,Month-to-month,Yes,Electronic check,41.65,1977.86,2,No
CUST01911,Female,0,Yes,No,8,Yes,No phone service,No,No internet service,Yes,Yes,Month-to-month,Yes,Mailed check,40.64,356.13,1,No
CUST01912,Female,0,Yes,No,22,Yes,No,DSL,No,No internet service,No,Month-to-month,Yes,Credit card,90.97,2021.67,0,No
CUST01913,Female,0,Yes,No,70,Yes,No,Fiber optic,No,No internet service,Yes,Month-to-month,Yes,Mailed check,36.33,2550.47,2,No
CUST01914,Female,0,Yes,Yes,72,Yes,Yes,Fiber optic,No internet service,Yes,No internet service,Month-to-month,No,Mailed check,58.74,4234.61,1,No
CUST01915,Female,0,No,Yes,26,Yes,No,DSL,No internet service,No internet service,Yes,Two year,No,Credit card,47.82,1289.54,0,No
CUST01916,Female,0,No,Yes,70,Yes,Yes,No,No internet service,No internet service,No,One year,No,Bank transfer,35.21,2465.94,1,No
CUST01917,Female,0,No,No,42,Yes,No phone service,No,No internet service,No internet service,No internet service,Two year,No,Electronic check,77.13,3244.73,1,No
CUST01918,Female,0,No,Yes,6,Yes,No phone service,Fiber optic,Yes,No,No internet service,Two year,Yes,Bank transfer,56.1,358.87,3,No
CUST01919,Male,0,Yes,Yes,62,Yes,No,Fiber optic,No,No,No,Month-to-month,No,Bank transfer,65.15,4052.45,0,No
CUST01920,Male,0,Yes,No,43,Yes,No phone service,DSL,No,No,No internet service,Month-to-month,No,Mailed check,37.98,1653.43,3,No
CUST01921,Male,0,Yes,No,38,No,No,Fiber optic,No,No internet service,No internet service,Month-to-month,No,Electronic check,96.32,3666.03,1,No
CUST01922,Male,0,No,No,39,Yes,No phone service,DSL,No internet service,Yes,No internet service,Two year,Yes,Mailed check,50.1,1960.45,2,No
CUST01923,Female,0,Yes,Yes,6,Yes,No,No,No,No internet service,No internet service,Month-to-month,No,Credit card,52.96,357.79,2,Yes
CUST01924,Male,0,Yes,Yes,69,Yes,No,DSL,Yes,No internet service,No internet service,Month-to-month,No,Bank transfer,43.72,3054.64,0,No
CUST01925,Female,0,No,No,24,Yes,No phone service,DSL,No,No,Yes,Month-to-month,Yes,Bank transfer,62.31,1500.65,1,Yes
CUST01926,Male,0,No,Yes,58,Yes,No phone service,DSL,No,Yes,No,Month-to-month,No,Credit card,65.28,3819.63,2,No
CUST01927,Male,0,No,No,12,Yes,No phone service,DSL,Yes,No,No,Month-to-month,No,Electronic check,72.03,894.83,1,Yes
CUST01928,Male,0,Yes,No,61,Yes,No phone service,Fiber optic,Yes,Yes,Yes,Month-to-month,Yes,Bank transfer,116.69,7153.76,0,No
CUST01929,Female,1,Yes,No,7,Yes,No,DSL,No,No internet service,Yes,One year,No,Bank transfer,110.28,795.68,1,Yes
CUST01930,Male,0,No,Yes,44,Yes,No,Fiber optic,No internet service,No internet service,No,Two year,No,Electronic check,80.16,3540.54,2,No
CUST01931,Female,0,No,No,17,Yes,No phone service,DSL,No internet service,No internet service,No,Month-to-month,No,Mailed check,21.97,406.67,1,No
CUST01932,Female,1,Yes,No,59,Yes,No phone service,Fiber optic,No,Yes,Yes,Month-to-month,Yes,Credit card,80.45,4765.12,1,Yes
CUST01933,Male,0,No,No,59,Yes,Yes,Fiber optic,No,No,Yes,Two year,No,Electronic check,27.15,1612.8,0,No
CUST01934,Male,0,Yes,No,1,Yes,No,No,No,No,No internet service,Month-to-month,Yes,Credit card,90.46,,1,Yes
CUST01935,Male,0,No,Yes,65,Yes,No,No,No,No,Yes,Two year,Yes,Credit card,57.79,3794.51,2,No
CUST01936,Female,0,No,Yes,13,Yes,No phone service,No,No internet service,Yes,Yes,Month-to-month,No,Bank transfer,103.45,1368.64,0,No
CUST01937,Male,0,No,No,47,Yes,Yes,Fiber optic,No,Yes,No internet service,One year,No,Electronic check,114.14,5379.57,0,No
CUST01938,Female,0,Yes,No,55,Yes,No phone service,Fiber optic,Yes,No internet service,No internet service,One year,No,Credit card,60.55,3371.84,0,No
CUST01939,Female,1,Yes,No,11,Yes,No,Fiber optic,No internet service,No,No,One year,Yes,Mailed check,64.98,758.86,2,Yes
CUST01940,Male,1,No,No,54,Yes,No,No,No internet service,Yes,No,Two year,Yes,Credit card,78.2,4244.46,1,No
CUST01941,Male,0,Yes,No,27,Yes,Yes,DSL,Yes,No,Yes,Month-to-month,No,Bank transfer,38.11,1047.7,1,No
CUST01942,Female,0,No,No,3,Yes,No phone service,Fiber optic,No,No,No internet service,Month-to-month,Yes,Mailed check,112.59,368.4,3,Yes
CUST01943,Female,0,No,No,35,No,Yes,DSL,No,Yes,No internet service,Month-to-month,No,Mailed check,62.17,2178.85,3,Yes
CUST01944,Female,1,Yes,Yes,49,Yes,No phone service,Fiber optic,No,Yes,No,Two year,No,Electronic check,35.02,1750.55,2,Yes
CUST01945,Male,1,Yes,No,2,Yes,Yes,Fiber optic,No,No internet service,No,Month-to-month,No,Mailed check,95.8,230.71,1,Yes
CUST01946,Female,0,Yes,Yes,0,Yes,No phone service,Fiber optic,No,No internet service,Yes,Two year,Yes,Electronic check,40.35,19.87,2,No
CUST01947,Male,0,Yes,No,16,Yes,No phone service,Fiber optic,Yes,No internet service,No internet service,Month-to-month,No,Electronic check,32.64,530.97,0,No
CUST01948,Female,0,No,No,70,Yes,No phone service,No,No,No,No,Month-to-month,No,Mailed check,75.41,5280.14,1,No
CUST01949,Female,0,Yes,No,61,Yes,No,Fiber optic,Yes,No,Yes,One year,Yes,Electronic check,86.49,5307.75,0,No
CUST01950,Male,0,Yes,Yes,47,No,No phone service,No,Yes,No internet service,Yes,Month-to-month,Yes,Electronic check,76.1,3590.15,2,Yes
CUST01951,Female,0,No,No,61,Yes,No,DSL,Yes,No,Yes,Month-to-month,Yes,Mailed check,84.96,5205.75,1,No
CUST01952,Male,0,No,Yes,68,Yes,Yes,Fiber optic,No,No,No,Month-to-month,Yes,Bank transfer,29.78,2044.36,2,Yes
CUST01953,Male,0,No,No,18,Yes,No phone service,Fiber optic,No,No,No,Month-to-month,No,Credit card,66.55,1206.64,1,Yes
CUST01954,Female,0,No,Yes,33,Yes,No,DSL,No internet service,No,No,One year,No,Electronic check,54.42,1821.28,3,No
CUST01955,Male,1,Yes,No,48,Yes,Yes,Fiber optic,No internet service,Yes,No,One year,No,Electronic check,117.28,5652.42,1,No
CUST01956,Male,0,Yes,No,46,Yes,No phone service,Fiber optic,Yes,Yes,No,Month-to-month,Yes,Mailed check,23.06,1091.97,1,No
CUST01957,Female,0,No,No,49,Yes,Yes,Fiber optic,No internet service,No internet service,No internet service,Month-to-month,No,Credit card,48.43,2385.66,4,No
CUST01958,Male,0,No,No,25,Yes,No,Fiber optic,Yes,No internet service,No internet service,Month-to-month,Yes,Credit card,114.07,2862.48,0,Yes
CUST01959,Male,0,Yes,Yes,55,Yes,No,Fiber optic,No internet service,No,No internet service,Month-to-month,No,Electronic check,118.32,6548.32,2,Yes
CUST01960,Male,0,Yes,Yes,13,No,No phone service,DSL,No,No,No internet service,Two year,No,Mailed check,102.14,1362.93,0,No
CUST01961,Female,0,Yes,No,24,Yes,No,Fiber optic,No,Yes,Yes,Two year,No,Bank transfer,25.75,656.61,0,No
CUST01962,Male,0,Yes,No,3,Yes,No,DSL,Yes,No,Yes,Month-to-month,No,Credit card,75.26,231.94,2,Yes
CUST01963,Female,0,Yes,Yes,31,Yes,Yes,DSL,Yes,No,No internet service,Month-to-month,No,Bank transfer,58.81,1834.31,1,Yes
CUST01964,Female,0,No,No,64,Yes,No phone service,DSL,No,No internet service,No,Two year,No,Mailed check,100.26,6445.42,0,No
CUST01965,Male,0,No,No,60,Yes,No phone service,DSL,No,No,No internet service,Month-to-month,No,Bank transfer,23.61,1459.46,2,No
CUST01966,Male,0,No,Yes,19,Yes,No phone service,DSL,No,Yes,No internet service,Month-to-month,Yes,Mailed check,38.11,768.7,1,No
CUST01967,Male,0,No,Yes,9,Yes,Yes,DSL,No internet service,No,Yes,One year,No,Electronic check,67.9,652.7,4,Yes
CUST01968,Female,0,Yes,Yes,33,No,No,DSL,No internet service,No,No,Month-to-month,No,Bank transfer,34.08,1126.81,2,No
CUST01969,Male,0,No,No,60,Yes,No phone service,Fiber optic,No internet service,No,Yes,Month-to-month,Yes,Electronic check,88.66,5360.64,1,No
CUST01970,Male,0,Yes,No,26,Yes,No phone service,DSL,No internet service,No,No,Two year,Yes,Electronic check,101.72,2689.67,5,Yes
CUST01971,Male,0,Yes,No,39,Yes,Yes,Fiber optic,Yes,No,Yes,One year,No,Mailed check,89.86,3507.38,2,No
CUST01972,Male,0,Yes,No,64,Yes,Yes,No,Yes,Yes,No internet service,Month-to-month,Yes,Bank transfer,62.91,4047.05,3,Yes
CUST01973,Male,0,Yes,Yes,32,Yes,No phone service,Fiber optic,No internet service,No internet service,No,Month-to-month,Yes,Credit card,107.6,3470.03,2,Yes
CUST01974,Female,0,Yes,No,67,Yes,No phone service,DSL,Yes,No,Yes,Month-to-month,No,Bank transfer,32.04,2158.32,1,No
CUST01975,Female,0,Yes,No,70,Yes,Yes,No,No internet service,No internet service,No internet service,One year,No,Credit card,44.55,3144.33,2,No
CUST01976,Male,0,Yes,Yes,8,Yes,Yes,DSL,No internet service,No internet service,Yes,Month-to-month,No,Electronic check,67.93,587.74,1,No
CUST01977,Male,1,No,No,15,Yes,Yes,DSL,No,Yes,Yes,Month-to-month,Yes,Electronic check,24.26,407.25,3,Yes
CUST01978,Male,0,Yes,No,4,Yes,Yes,No,No internet service,No internet service,Yes,Two year,Yes,Mailed check,27.76,158.03,1,No
CUST01979,Male,0,No,No,22,Yes,No,No,Yes,No,No internet service,Month-to-month,Yes,Credit card,58.54,1312.09,2,No
CUST01980,Female,0,No,No,42,No,No,Fiber optic,No internet service,No,No,Month-to-month,Yes,Bank transfer,114.28,4820.29,1,Yes
CUST01981,Male,0,Yes,Yes,56,Yes,No phone service,Fiber optic,No,No,Yes,Month-to-month,Yes,Mailed check,110.66,6230.25,1,Yes
CUST01982,Female,0,Yes,Yes,50,No,No,Fiber optic,Yes,No,No internet service,Month-to-month,No,Mailed check,65.53,3297.34,2,No
CUST01983,Female,0,No,No,12,Yes,Yes,DSL,No,Yes,Yes,Month-to-month,Yes,Mailed check,32.5,392.1,2,No
CUST01984,Male,1,No,Yes,23,No,No phone service,DSL,No internet service,No internet service,No,Two year,Yes,Bank transfer,36.17,867.91,0,No
CUST01985,Female,0,No,No,10,Yes,Yes,Fiber optic,No internet service,Yes,Yes,Two year,Yes,Mailed check,56.51,579.15,2,No
CUST01986,Female,0,No,No,51,Yes,No,No,No internet service,No internet service,No internet service,Month-to-month,Yes,Bank transfer,39.43,2013.38,3,No
CUST01987,Female,0,Yes,No,16,Yes,Yes,DSL,No internet service,Yes,Yes,Month-to-month,Yes,Mailed check,26.46,424.39,1,No
CUST01988,Female,0,Yes,No,36,Yes,No phone service,Fiber optic,Yes,Yes,Yes,One year,Yes,Credit card,86.73,3168.85,3,Yes
CUST01989,Male,0,Yes,No,12,Yes,No,DSL,No internet service,Yes,No,Month-to-month,No,Electronic check,77.31,940.32,0,No
CUST01990,Male,0,No,No,61,Yes,No phone service,Fiber optic,No,No,No,Month-to-month,Yes,Credit card,47.71,2932.7,1,Yes
CUST01991,Female,0,Yes,No,7,Yes,No,Fiber optic,Yes,No,No,Two year,Yes,Credit card,97.45,729.68,0,No
CUST01992,Male,0,No,Yes,55,Yes,Yes,Fiber optic,Yes,Yes,Yes,Month-to-month,Yes,Mailed check,97.15,5366.63,0,No
CUST01993,Male,1,Yes,Yes,69,Yes,No phone service,DSL,Yes,No internet service,No internet service,Month-to-month,Yes,Credit card,68.08,4701.45,0,No
CUST01994,Male,1,No,No,43,Yes,No,Fiber optic,No,No internet service,Yes,Month-to-month,Yes,Credit card,27.85,1225.15,2,Yes
CUST01995,Male,0,Yes,Yes,59,Yes,No,Fiber optic,No,No,Yes,Month-to-month,Yes,Credit card,111.68,6593.53,2,Yes
CUST01996,Male,0,Yes,Yes,40,Yes,No,DSL,No,Yes,Yes,Month-to-month,Yes,Mailed check,86.2,3452.75,3,No
CUST01997,Female,1,No,Yes,20,No,No,DSL,No,No,Yes,Month-to-month,No,Bank transfer,43.2,906.57,1,No
CUST01998,Male,1,No,No,41,Yes,Yes,Fiber optic,No internet service,No,No,Month-to-month,Yes,Electronic check,80.27,3305.54,3,No
CUST01999,Male,0,No,No,28,No,Yes,Fiber optic,No internet service,No,No,One year,Yes,Electronic check,59.31,1694.61,1,No
CUST02000,Male,0,No,Yes,64,Yes,No,DSL,No,Yes,No,Month-to-month,Yes,Bank transfer,82.81,5325.29,1,Yes
CUST02001,Male,0,No,No,16,No,Yes,Fiber optic,No,Yes,No,Month-to-month,Yes,Bank transfer,66.33,1072.4,2,Yes
CUST02002,Female,0,Yes,No,29,Yes,Yes,No,No internet service,No,No internet service,One year,Yes,Credit card,67.52,1983.97,1,No
CUST02003,Female,1,No,Yes,25,Yes,No,DSL,No internet service,Yes,Yes,Two year,Yes,Electronic check,93.06,2329.95,1,No
CUST02004,Female,0,Yes,No,52,Yes,Yes,Fiber optic,No,No internet service,Yes,Month-to-month,Yes,Bank transfer,80.6,4208.56,2,No
CUST02005,Female,1,Yes,No,18,Yes,No phone service,DSL,Yes,No internet service,Yes,Month-to-month,Yes,Credit card,26.16,497.02,0,No
CUST02006,Male,0,Yes,No,52,Yes,No phone service,DSL,Yes,No,No internet service,Month-to-month,Yes,Electronic check,24.67,1294.26,1,No
CUST02007,Female,1,Yes,No,16,Yes,Yes,DSL,No,No internet service,No internet service,One year,Yes,Mailed check,49.11,818.77,0,No
CUST02008,Male,0,Yes,Yes,45,Yes,No,Fiber optic,Yes,No,No,Month-to-month,Yes,Mailed check,61.89,2787.64,1,No
CUST02009,Male,1,No,No,52,Yes,No phone service,No,No internet service,No,Yes,Month-to-month,No,Electronic check,46.07,2419.88,3,No
CUST02010,Male,0,No,Yes,63,Yes,Yes,DSL,Yes,No,Yes,Month-to-month,No,Electronic check,84.45,5356.1,1,Yes
CUST02011,Male,0,Yes,No,44,Yes,Yes,Fiber optic,No,Yes,No internet service,Month-to-month,No,Mailed check,37.9,1689.1,1,No
CUST02012,Male,0,Yes,No,48,Yes,No,Fiber optic,Yes,Yes,Yes,Month-to-month,No,Mailed check,89.82,4355.09,0,Yes
CUST02013,Female,1,No,No,18,Yes,No,DSL,Yes,Yes,No internet service,Month-to-month,No,Electronic check,96.86,1775.09,3,Yes
CUST02014,Female,0,No,Yes,70,Yes,Yes,Fiber optic,Yes,Yes,No,Two year,No,Credit card,30.68,2195.52,0,No
CUST02015,Female,1,Yes,No,64,Yes,No,Fiber optic,No internet service,No,No internet service,One year,No,Bank transfer,84.38,5414.53,0,No
CUST02016,Female,1,No,No,36,Yes,No phone service,No,No internet service,Yes,Yes,Month-to-month,Yes,Bank transfer,116.07,4225.46,4,Yes
CUST02017,Male,0,No,No,69,No,No phone service,No,No internet service,No internet service,No internet service,Month-to-month,Yes,Electronic check,37.67,2629.57,2,No
CUST02018,Female,0,No,No,25,Yes,Yes,DSL,No,No internet service,No internet service,Month-to-month,No,Bank transfer,110.75,2806.01,1,No
CUST02019,Male,0,Yes,No,1,Yes,Yes,Fiber optic,Yes,Yes,No,Month-to-month,No,Mailed check,79.82,124.93,1,Yes
CUST02020,Female,0,No,No,58,Yes,No,DSL,No internet service,No internet service,Yes,Two year,Yes,Mailed check,78.28,4567.8,2,No
CUST02021,Male,0,Yes,No,4,Yes,No phone service,Fiber optic,No internet service,No internet service,Yes,Two year,No,Bank transfer,23.3,136.31,2,No
CUST02022,Male,0,Yes,No,36,Yes,No,No,Yes,Yes,No,Month-to-month,Yes,Electronic check,94.33,3422.96,4,Yes
CUST02023,Female,0,Yes,No,30,Yes,Yes,DSL,No,No,No internet service,Month-to-month,Yes,Mailed check,66.78,2033.36,2,Yes
CUST02024,Male,0,Yes,No,47,Yes,Yes,Fiber optic,Yes,No,No internet service,Month-to-month,Yes,Credit card,91.56,4325.57,0,No
CUST02025,Male,0,Yes,Yes,5,Yes,Yes,Fiber optic,No,No,Yes,One year,Yes,Credit card,100.54,509.98,1,Yes
CUST02026,Female,0,No,No,14,Yes,Yes,Fiber optic,Yes,Yes,No internet service,One year,Yes,Mailed check,71.43,1027.7,1,No
CUST02027,Male,1,Yes,No,14,Yes,Yes,DSL,No internet service,No,No,Two year,No,Mailed check,44.89,677.33,4,No
CUST02028,Female,0,Yes,Yes,60,Yes,Yes,No,No internet service,No,Yes,One year,No,Bank transfer,32.44,1985.76,3,No
CUST02029,Female,1,Yes,No,15,No,No,Fiber optic,No internet service,No internet service,No internet service,Month-to-month,No,Electronic check,34.37,552.92,1,No
CUST02030,Female,0,No,No,19,Yes,No,DSL,No,No,No,One year,Yes,Bank transfer,106.43,2054.34,3,No
CUST02031,Male,0,No,No,43,Yes,No,DSL,Yes,Yes,No,One year,No,Electronic check,30.6,1333.2,0,No
CUST02032,Male,0,No,No,41,Yes,No phone service,Fiber optic,No,No,Yes,Month-to-month,Yes,Credit card,57.24,2355.32,1,Yes
CUST02033,Male,0,No,Yes,45,Yes,No,DSL,No internet service,No internet service,Yes,Month-to-month,Yes,Credit card,52.1,2355.73,2,No
CUST02034,Female,0,No,Yes,33,Yes,Yes,DSL,No,No internet service,No internet service,One year,No,Electronic check,106.28,3507.56,3,No
CUST02035,Male,0,No,No,63,Yes,No,Fiber optic,No,No internet service,No internet service,One year,Yes,Bank transfer,66.72,4237.03,5,Yes
CUST02036,Female,0,No,Yes,28,No,No,Fiber optic,No,No internet service,No internet service,One year,Yes,Mailed check,119.64,3390.51,2,No
CUST02037,Female,0,Yes,Yes,2,Yes,No phone service,Fiber optic,Yes,No,No,One year,Yes,Electronic check,93.18,199.81,1,Yes
CUST02038,Male,0,Yes,No,8,Yes,Yes,Fiber optic,No,No internet service,No,One year,No,Bank transfer,104.79,842.91,1,No
CUST02039,Female,0,No,No,24,Yes,No phone service,Fiber optic,No,No internet service,No internet service,One year,Yes,Credit card,28.06,690.23,2,Yes
CUST02040,Male,0,Yes,No,41,Yes,No phone service,No,No,No internet service,Yes,Month-to-month,No,Mailed check,43.82,1811.22,2,No
CUST02041,Male,0,Yes,No,45,Yes,No phone service,DSL,No internet service,No,No,One year,No,Credit card,31.82,1454.44,0,No
CUST02042,Male,0,No,Yes,72,No,No,Fiber optic,No internet service,Yes,No,Month-to-month,No,Electronic check,65.29,4714.09,1,Yes
CUST02043,Male,0,Yes,Yes,58,No,Yes,No,Yes,No internet service,No internet service,Month-to-month,No,Credit card,91.27,5310.65,4,No
CUST02044,Male,0,Yes,No,20,Yes,Yes,Fiber optic,No internet service,No internet service,Yes,Month-to-month,Yes,Credit card,35.24,750.18,1,No
CUST02045,Female,1,No,No,21,Yes,No phone service,Fiber optic,Yes,No internet service,No,One year,Yes,Electronic check,31.28,673.62,3,No
CUST02046,Female,0,Yes,Yes,28,Yes,Yes,DSL,No internet service,No,Yes,One year,Yes,Mailed check,80.69,2298.6,2,No
CUST02047,Female,0,No,No,62,Yes,Yes,Fiber optic,Yes,No,No,Two year,Yes,Electronic check,41.49,2603.67,1,No
CUST02048,Male,0,No,Yes,72,Yes,No phone service,Fiber optic,Yes,No internet service,Yes,Month-to-month,No,Bank transfer,66.89,4832.96,2,No
CUST02049,Male,0,Yes,No,60,Yes,No,Fiber optic,Yes,Yes,Yes,Month-to-month,Yes,Electronic check,23.21,1433.49,1,No
CUST02050,Male,0,Yes,Yes,63,Yes,No phone service,No,No internet service,No internet service,No,Month-to-month,Yes,Electronic check,87.42,5537.21,0,No
CUST02051,Female,0,Yes,Yes,68,Yes,No phone service,DSL,No,Yes,Yes,Month-to-month,No,Mailed check,73.21,4978.71,2,No
CUST02052,Male,0,No,Yes,39,Yes,No,DSL,No internet service,Yes,No,One year,No,Bank transfer,84.04,3281.0,2,No
CUST02053,Female,0,No,No,0,Yes,No,DSL,No,No,No,Month-to-month,No,Credit card,46.09,37.63,3,Yes
CUST02054,Female,0,No,No,64,Yes,No,Fiber optic,No internet service,No,Yes,One year,No,Credit card,46.42,2993.21,0,No
CUST02055,Male,0,Yes,No,61,Yes,No,DSL,No,No,No,One year,No,Credit card,99.74,6104.42,2,No
CUST02056,Male,0,Yes,No,53,Yes,No phone service,Fiber optic,No internet service,Yes,Yes,Month-to-month,No,Credit card,91.29,4845.66,1,Yes
CUST02057,Female,0,No,No,59,Yes,No,DSL,Yes,Yes,No,Two year,Yes,Mailed check,77.13,4558.54,0,No
CUST02058,Male,0,Yes,Yes,45,Yes,Yes,Fiber optic,Yes,Yes,Yes,Month-to-month,No,Bank transfer,82.07,3733.04,0,No
CUST02059,Female,0,Yes,No,4,Yes,No phone service,DSL,Yes,No,No,Month-to-month,Yes,Mailed check,27.59,151.81,2,Yes
CUST02060,Male,0,No,No,21,Yes,No phone service,No,No,No,No,Two year,Yes,Electronic check,105.33,2239.93,1,No
CUST02061,Male,0,No,No,52,Yes,No,Fiber optic,No,No,No internet service,Two year,Yes,Bank transfer,96.53,5034.32,1,No
CUST02062,Female,0,Yes,Yes,69,Yes,No,No,Yes,No internet service,No,Month-to-month,No,Bank transfer,78.23,5444.51,3,No
CUST02063,Male,0,No,No,31,Yes,Yes,Fiber optic,No,Yes,No,Month-to-month,No,Credit card,111.7,3493.9,2,Yes
CUST02064,Female,0,Yes,Yes,10,Yes,No,DSL,Yes,Yes,Yes,Month-to-month,Yes,Credit card,35.2,391.83,2,No
CUST02065,Male,0,No,No,9,Yes,No phone service,DSL,No internet service,No internet service,Yes,Month-to-month,Yes,Credit card,88.04,792.52,2,No
CUST02066,Female,0,No,Yes,38,Yes,No,No,No,Yes,Yes,Two year,No,Credit card,116.22,4438.88,0,No
CUST02067,Female,0,No,No,30,Yes,Yes,Fiber optic,No,Yes,Yes,One year,No,Electronic check,49.62,1532.15,1,No
CUST02068,Male,0,Yes,No,11,Yes,No phone service,DSL,No internet service,No internet service,No internet service,Month-to-month,Yes,Credit card,19.56,232.07,3,Yes
CUST02069,Female,0,Yes,No,37,Yes,No phone service,Fiber optic,No,Yes,No internet service,Two year,Yes,Mailed check,92.96,3475.85,2,No
CUST02070,Male,1,No,No,66,Yes,No,Fiber optic,No,No,Yes,Month-to-month,No,Bank transfer,18.71,1267.74,2,Yes
CUST02071,Male,0,No,No,65,Yes,Yes,DSL,No,No internet service,Yes,Month-to-month,Yes,Electronic check,107.0,6962.61,0,Yes
CUST02072,Male,0,No,No,51,Yes,Yes,DSL,No internet service,Yes,Yes,Two year,No,Electronic check,23.74,1249.49,3,No
CUST02073,Female,1,Yes,No,4,Yes,No,No,Yes,No,Yes,Two year,Yes,Bank transfer,84.58,343.95,2,Yes
CUST02074,Female,1,No,No,10,Yes,No phone service,DSL,Yes,Yes,No,Two year,Yes,Bank transfer,56.47,601.1,3,No
CUST02075,Male,1,No,No,24,Yes,No phone service,DSL,No internet service,No internet service,Yes,Month-to-month,Yes,Bank transfer,38.74,979.31,0,Yes
CUST02076,Male,0,No,Yes,34,Yes,No phone service,DSL,No internet service,No,No,One year,Yes,Electronic check,109.62,3774.98,4,No
CUST02077,Female,0,No,No,34,Yes,No,DSL,No internet service,Yes,Yes,Month-to-month,Yes,Mailed check,94.12,3240.09,0,Yes
CUST02078,Male,0,Yes,No,21,Yes,No phone service,Fiber optic,Yes,No internet service,No internet service,One year,Yes,Mailed check,52.72,1133.85,1,No
CUST02079,Male,0,Yes,No,36,Yes,No phone service,DSL,No internet service,Yes,No internet service,Two year,No,Bank transfer,46.98,1725.02,0,No
CUST02080,Female,0,No,No,54,No,No,DSL,Yes,Yes,Yes,Month-to-month,Yes,Electronic check,93.07,5062.19,4,Yes
CUST02081,Male,0,Yes,No,71,Yes,No phone service,No,No internet service,No,No internet service,One year,No,Credit card,103.33,7336.85,1,No
CUST02082,Female,0,Yes,Yes,63,No,No,DSL,No,Yes,No internet service,Month-to-month,Yes,Electronic check,91.02,5739.38,0,No
CUST02083,Male,0,Yes,Yes,19,Yes,Yes,Fiber optic,Yes,No internet service,No internet service,Month-to-month,No,Bank transfer,83.28,1612.17,1,No
CUST02084,Female,1,No,Yes,3,No,Yes,Fiber optic,Yes,No internet service,No internet service,One year,Yes,Electronic check,41.25,124.08,1,Yes
CUST02085,Male,0,Yes,No,17,No,No,Fiber optic,No internet service,No,No,Month-to-month,Yes,Electronic check,104.99,1830.28,5,Yes
CUST02086,Male,0,Yes,No,50,No,No,No,No,No,No,One year,Yes,Electronic check,94.47,,2,No
CUST02087,Female,0,Yes,No,67,Yes,No,DSL,Yes,Yes,No,Month-to-month,Yes,Credit card,70.76,4753.81,2,No
CUST02088,Male,0,No,No,19,Yes,No phone service,No,No internet service,No internet service,No,Two year,No,Bank transfer,70.18,1353.11,3,No
CUST02089,Female,0,No,Yes,8,No,No phone service,Fiber optic,No,No,Yes,Month-to-month,No,Bank transfer,76.06,651.02,1,Yes
CUST02090,Male,0,Yes,No,25,Yes,No,Fiber optic,Yes,Yes,No internet service,Month-to-month,No,Bank transfer,102.48,2608.36,3,Yes
CUST02091,Female,1,Yes,No,24,Yes,No,DSL,No internet service,Yes,No internet service,Month-to-month,Yes,Mailed check,93.71,2254.85,1,Yes
CUST02092,Female,0,No,No,67,Yes,No phone service,DSL,No,No internet service,Yes,Two year,No,Mailed check,105.34,7096.68,1,No
CUST02093,Female,0,No,No,40,Yes,No phone service,Fiber optic,Yes,No internet service,Yes,One year,No,Bank transfer,69.74,2818.51,1,No
CUST02094,Female,0,Yes,No,58,Yes,No,No,Yes,Yes,No,One year,No,Electronic check,81.71,4768.46,1,No
CUST02095,Male,0,Yes,No,44,Yes,No phone service,Fiber optic,No,No internet service,No,Month-to-month,No,Electronic check,105.17,4666.45,2,Yes
CUST02096,Male,0,No,No,40,Yes,No phone service,DSL,No internet service,Yes,No internet service,Month-to-month,Yes,Bank transfer,41.7,1679.14,3,No
CUST02097,Female,0,No,Yes,37,Yes,Yes,DSL,No internet service,Yes,Yes,Month-to-month,Yes,Credit card,63.29,2368.28,1,No
CUST02098,Female,0,Yes,Yes,18,Yes,No,Fiber optic,No,No internet service,No internet service,One year,Yes,Credit card,81.31,1479.55,3,Yes
CUST02099,Female,0,No,No,13,Yes,No,Fiber optic,Yes,No,Yes,Month-to-month,No,Electronic check,111.34,1452.15,1,Yes
CUST02100,Male,0,Yes,No,20,Yes,No phone service,DSL,No,Yes,No,Two year,Yes,Electronic check,19.62,397.65,2,No
CUST02101,Male,0,Yes,No,14,Yes,Yes,DSL,No,No internet service,No internet service,One year,No,Mailed check,39.68,562.34,0,No
CUST02102,Male,0,Yes,No,2,Yes,No,Fiber optic,No,Yes,No internet service,Month-to-month,Yes,Credit card,41.91,114.56,0,Yes
CUST02103,Male,0,No,No,36,Yes,No,Fiber optic,Yes,Yes,Yes,Month-to-month,Yes,Electronic check,51.31,1852.45,1,Yes
CUST02104,Female,0,Yes,Yes,45,Yes,No phone service,Fiber optic,No,Yes,No internet service,One year,Yes,Electronic check,46.74,2131.81,2,No
CUST02105,Female,0,Yes,No,15,Yes,No,No,No,No internet service,No,Month-to-month,Yes,Bank transfer,78.19,1202.26,2,No
CUST02106,Female,0,No,No,13,Yes,No phone service,Fiber optic,Yes,No internet service,No internet service,Month-to-month,No,Mailed check,108.33,1453.48,2,Yes
CUST02107,Male,0,No,Yes,8,Yes,Yes,DSL,Yes,No internet service,Yes,Month-to-month,Yes,Credit card,82.97,695.08,0,Yes
CUST02108,Male,0,Yes,No,6,Yes,Yes,Fiber optic,No,No,No internet service,One year,No,Credit card,42.64,305.12,0,No
CUST02109,Male,1,Yes,No,13,Yes,No,No,No internet service,Yes,No,One year,Yes,Mailed check,106.1,1380.85,0,No
CUST02110,Female,1,No,No,5,No,No phone service,No,No,No,Yes,Month-to-month,Yes,Electronic check,82.47,447.56,1,Yes
CUST02111,Female,0,No,No,14,Yes,Yes,No,Yes,Yes,Yes,Month-to-month,No,Credit card,40.33,565.94,4,No
CUST02112,Male,0,No,No,51,Yes,No,DSL,Yes,No internet service,No,Month-to-month,Yes,Credit card,54.89,2835.86,2,No
CUST02113,Female,0,Yes,No,71,No,No,Fiber optic,Yes,Yes,Yes,One year,No,Credit card,98.58,7018.47,1,No
CUST02114,Male,0,Yes,No,33,Yes,No,No,No internet service,Yes,Yes,Month-to-month,No,Bank transfer,93.37,3111.78,1,Yes
CUST02115,Male,0,Yes,No,0,Yes,No phone service,Fiber optic,Yes,Yes,No internet service,Month-to-month,No,Mailed check,76.81,15.48,2,No
CUST02116,Female,0,No,Yes,68,Yes,No phone service,DSL,No internet service,No,Yes,Two year,Yes,Credit card,32.77,2236.32,1,No
CUST02117,Male,0,Yes,No,19,Yes,Yes,No,Yes,No internet service,No internet service,Two year,Yes,Mailed check,99.94,1935.04,0,No
CUST02118,Female,1,No,Yes,6,Yes,No phone service,Fiber optic,Yes,No internet service,No,Two year,No,Electronic check,49.37,341.45,1,Yes
CUST02119,Male,0,Yes,Yes,6,No,No phone service,DSL,No,Yes,No,Two year,No,Mailed check,96.7,589.38,1,No
CUST02120,Female,0,No,No,49,Yes,No,DSL,No internet service,No internet service,No,Month-to-month,No,Bank transfer,84.05,4164.49,0,No
CUST02121,Female,0,Yes,Yes,1,Yes,No,Fiber optic,No,No,No,Month-to-month,Yes,Bank transfer,44.95,51.96,2,No
CUST02122,Female,0,Yes,No,46,Yes,Yes,Fiber optic,No internet service,No,Yes,Month-to-month,Yes,Mailed check,39.66,1861.14,2,No
CUST02123,Male,0,No,Yes,13,Yes,No,DSL,Yes,No internet service,Yes,Month-to-month,Yes,Bank transfer,31.35,455.52,0,Yes
CUST02124,Male,1,No,No,30,Yes,No,Fiber optic,Yes,No,No internet service,Two year,No,Credit card,42.68,1287.77,1,No
CUST02125,Female,0,Yes,Yes,49,Yes,No,Fiber optic,No internet service,No,No internet service,One year,Yes,Bank transfer,34.1,1692.65,0,No
CUST02126,Female,0,No,Yes,60,Yes,No phone service,Fiber optic,No,No internet service,No internet service,One year,Yes,Electronic check,80.94,4873.27,3,Yes
CUST02127,Male,0,No,Yes,40,Yes,No,DSL,No internet service,No internet service,Yes,Month-to-month,No,Mailed check,79.08,3182.62,2,No
CUST02128,Male,1,Yes,No,13,Yes,Yes,Fiber optic,No internet service,Yes,No internet service,Two year,Yes,Mailed check,77.79,1048.93,3,Yes
CUST02129,Male,0,No,No,4,Yes,Yes,DSL,No internet service,Yes,Yes,Two year,Yes,Electronic check,83.47,,0,No
CUST02130,Female,0,Yes,Yes,4,Yes,No,DSL,Yes,No,No,Month-to-month,Yes,Electronic check,101.11,452.87,3,Yes
CUST02131,Male,0,Yes,No,63,Yes,No,Fiber optic,No internet service,No internet service,Yes,Two year,Yes,Electronic check,111.18,7013.61,1,No
CUST02132,Male,0,No,No,28,Yes,Yes,No,Yes,No,No,Month-to-month,Yes,Electronic check,41.5,1189.16,1,No
CUST02133,Female,0,No,No,4,Yes,No phone service,Fiber optic,No,No internet service,No internet service,Month-to-month,Yes,Credit card,77.95,334.26,1,No
CUST02134,Male,0,Yes,No,35,Yes,No,DSL,Yes,No,Yes,One year,Yes,Bank transfer,25.99,955.59,1,No
CUST02135,Male,0,Yes,No,18,Yes,Yes,Fiber optic,No,No,No internet service,One year,Yes,Bank transfer,30.25,545.03,0,No
CUST02136,Male,0,Yes,Yes,63,Yes,No phone service,Fiber optic,No,No,No internet service,Month-to-month,Yes,Credit card,84.74,5388.08,0,Yes
CUST02137,Female,1,Yes,No,21,Yes,Yes,No,No,Yes,No,Month-to-month,No,Electronic check,67.63,1444.22,1,Yes
CUST02138,Female,0,Yes,No,33,Yes,No phone service,No,Yes,No internet service,No internet service,Two year,Yes,Mailed check,95.35,3177.83,2,No
CUST02139,Female,0,Yes,No,55,Yes,Yes,DSL,No internet service,No,Yes,One year,Yes,Mailed check,61.42,3396.1,1,No
CUST02140,Female,0,No,Yes,16,Yes,Yes,DSL,Yes,Yes,No internet service,One year,Yes,Mailed check,31.02,538.95,0,No
CUST02141,Female,0,No,Yes,55,Yes,No phone service,DSL,No,No,No,Month-to-month,Yes,Electronic check,106.95,5910.35,1,Yes
CUST02142,Female,1,No,No,16,Yes,No,Fiber optic,No internet service,No,No,Month-to-month,Yes,Credit card,26.45,456.34,1,Yes
CUST02143,Female,0,Yes,No,17,Yes,Yes,DSL,Yes,No internet service,No internet service,Month-to-month,Yes,Credit card,37.27,666.04,1,No
CUST02144,Male,0,No,No,44,Yes,No,DSL,No,No,No,Month-to-month,No,Credit card,46.25,2053.2,0,No
CUST02145,Male,0,Yes,No,55,Yes,Yes,Fiber optic,No,No internet service,No internet service,Month-to-month,Yes,Bank transfer,119.52,6577.4,1,No
CUST02146,Female,0,Yes,Yes,49,Yes,No phone service,DSL,No internet service,Yes,No,Month-to-month,No,Bank transfer,60.52,3005.87,2,No
CUST02147,Male,0,No,No,57,Yes,No,DSL,Yes,Yes,No internet service,One year,Yes,Bank transfer,69.17,3957.18,2,No
CUST02148,Male,0,Yes,No,17,No,No phone service,Fiber optic,No internet service,No,No internet service,Month-to-month,Yes,Bank transfer,96.51,1683.12,1,Yes
CUST02149,Female,0,Yes,No,6,Yes,No phone service,DSL,No internet service,Yes,Yes,Two year,Yes,Mailed check,82.91,527.89,3,No
CUST02150,Male,1,Yes,Yes,9,No,No,Fiber optic,No internet service,No internet service,Yes,Month-to-month,No,Mailed check,103.82,952.07,1,Yes
CUST02151,Male,0,Yes,No,68,Yes,No,No,No internet service,No internet service,No internet service,Month-to-month,Yes,Credit card,67.62,4627.87,1,No
CUST02152,Male,0,Yes,No,2,Yes,No,DSL,Yes,Yes,Yes,Month-to-month,Yes,Bank transfer,117.16,266.59,0,Yes
CUST02153,Male,0,Yes,Yes,43,Yes,No phone service,Fiber optic,No internet service,No internet service,Yes,Month-to-month,Yes,Credit card,99.27,4303.94,3,Yes
CUST02154,Male,0,No,No,69,Yes,No phone service,No,No,No internet service,No,Month-to-month,Yes,Electronic check,58.94,4107.98,4,No
CUST02155,Female,0,Yes,No,13,Yes,No phone service,No,No,No,Yes,Two year,No,Bank transfer,56.89,747.56,2,No
CUST02156,Female,0,Yes,Yes,3,Yes,No,Fiber optic,No,No,No,One year,Yes,Bank transfer,112.81,385.64,0,Yes
CUST02157,Female,0,Yes,No,17,Yes,Yes,Fiber optic,No internet service,No internet service,Yes,Month-to-month,No,Credit card,87.81,1513.31,0,Yes
CUST02158,Male,0,Yes,No,51,Yes,No,DSL,No,Yes,Yes,Month-to-month,No,Credit card,81.39,4193.91,1,No
CUST02159,Female,0,No,No,37,Yes,Yes,Fiber optic,Yes,No internet service,No internet service,One year,Yes,Electronic check,95.3,3537.12,0,No
CUST02160,Male,1,No,No,19,Yes,No phone service,No,No internet service,No,Yes,One year,Yes,Credit card,75.21,1430.44,1,No
CUST02161,Male,0,Yes,No,43,Yes,Yes,Fiber optic,No internet service,Yes,No internet service,Month-to-month,No,Bank transfer,34.24,1500.99,0,Yes
CUST02162,Male,0,Yes,Yes,50,Yes,No,Fiber optic,No internet service,No internet service,No internet service,One year,Yes,Mailed check,50.56,2544.23,0,No
CUST02163,Male,0,Yes,No,18,Yes,No,DSL,Yes,Yes,No internet service,Two year,Yes,Electronic check,74.91,1397.6,1,No
CUST02164,Female,0,No,No,67,Yes,No,Fiber optic,No internet service,Yes,No internet service,One year,No,Electronic check,19.85,1335.17,3,No
CUST02165,Female,0,No,No,65,Yes,Yes,Fiber optic,No internet service,Yes,Yes,Two year,No,Bank transfer,62.61,4072.02,2,No
CUST02166,Male,0,No,No,12,Yes,No,Fiber optic,No,No internet service,No internet service,Two year,No,Mailed check,95.09,1143.33,1,No
CUST02167,Female,0,No,Yes,61,Yes,Yes,DSL,No,No,Yes,Two year,No,Credit card,34.75,2130.59,1,No
CUST02168,Male,0,Yes,No,60,Yes,No phone service,Fiber optic,No internet service,Yes,Yes,Month-to-month,Yes,Credit card,24.59,1504.36,2,No
CUST02169,Female,0,No,No,29,Yes,Yes,Fiber optic,Yes,Yes,No,One year,Yes,Mailed check,103.27,3020.11,1,No
CUST02170,Female,0,No,Yes,29,Yes,No phone service,DSL,No,No internet service,No,One year,Yes,Mailed check,80.96,2365.34,2,No
CUST02171,Male,0,Yes,No,50,Yes,Yes,DSL,No internet service,No,No,One year,No,Bank transfer,36.01,1804.94,3,No
CUST02172,Female,0,Yes,No,47,Yes,No phone service,DSL,No,No,No internet service,Two year,No,Credit card,100.24,4722.97,2,No
CUST02173,Male,0,No,No,32,Yes,No,Fiber optic,No,No internet service,Yes,Month-to-month,Yes,Bank transfer,85.13,2733.37,1,Yes
CUST02174,Female,0,No,Yes,18,Yes,Yes,Fiber optic,Yes,Yes,Yes,Month-to-month,Yes,Credit card,52.08,974.72,1,No
CUST02175,Male,0,No,No,70,Yes,No phone service,No,No internet service,No internet service,No internet service,Month-to-month,Yes,Credit card,56.37,3984.9,4,No
CUST02176,Male,0,No,Yes,56,Yes,No,DSL,No,No,No,Month-to-month,No,Mailed check,33.9,1937.25,3,Yes
CUST02177,Female,0,Yes,Yes,18,Yes,No,No,No internet service,Yes,No,Month-to-month,Yes,Bank transfer,103.2,1906.05,2,No
CUST02178,Female,0,Yes,No,40,Yes,No phone service,Fiber optic,Yes,Yes,Yes,One year,Yes,Mailed check,69.92,2841.01,1,No
CUST02179,Male,0,No,Yes,41,Yes,No phone service,Fiber optic,Yes,No,Yes,Month-to-month,No,Bank transfer,74.82,3092.51,1,No
CUST02180,Female,0,No,Yes,51,Yes,Yes,DSL,No,Yes,Yes,One year,No,Credit card,108.12,5534.87,1,No
CUST02181,Female,0,No,Yes,3,Yes,No phone service,DSL,Yes,No internet service,No,One year,Yes,Electronic check,19.61,104.62,1,No
CUST02182,Male,0,No,Yes,3,Yes,No phone service,No,No,No,Yes,Month-to-month,No,Electronic check,24.83,105.05,0,No
CUST02183,Male,0,No,Yes,4,Yes,No,DSL,No internet service,No,No,Month-to-month,Yes,Bank transfer,34.48,152.64,3,No
CUST02184,Female,0,Yes,No,40,Yes,No phone service,DSL,No,Yes,No,One year,Yes,Bank transfer,21.06,870.62,1,No
CUST02185,Male,0,Yes,Yes,60,Yes,No phone service,DSL,No,No,No,One year,Yes,Mailed check,85.13,5157.41,0,No
CUST02186,Male,0,Yes,Yes,54,Yes,No phone service,No,Yes,No internet service,No internet service,Two year,No,Credit card,82.66,4506.11,0,No
CUST02187,Male,1,No,Yes,12,Yes,No,DSL,No internet service,No,No internet service,Two year,No,Electronic check,39.5,488.06,0,No
CUST02188,Female,0,No,No,13,No,No,DSL,No internet service,Yes,Yes,Two year,Yes,Mailed check,33.24,479.77,1,No
CUST02189,Female,0,Yes,No,59,Yes,No,Fiber optic,No,No,No,One year,No,Bank transfer,32.86,1987.81,2,No
CUST02190,Male,0,Yes,No,71,Yes,No,Fiber optic,No internet service,Yes,Yes,Two year,Yes,Credit card,115.23,8192.89,5,No
CUST02191,Female,0,No,No,24,No,Yes,Fiber optic,No internet service,Yes,No,Two year,No,Mailed check,88.74,2174.54,1,No
CUST02192,Male,0,Yes,No,43,No,No,Fiber optic,No,No internet service,Yes,Two year,No,Mailed check,77.71,3385.69,1,No
CUST02193,Female,0,No,No,9,Yes,No,No,No,No,Yes,Month-to-month,Yes,Bank transfer,50.89,460.0,2,Yes
CUST02194,Male,0,No,Yes,70,Yes,Yes,No,No internet service,No internet service,No internet service,Two year,Yes,Credit card,62.17,4385.38,0,No
CUST02195,Male,0,Yes,No,49,Yes,Yes,Fiber optic,No,No internet service,No internet service,Month-to-month,No,Electronic check,27.12,1344.14,1,Yes
CUST02196,Female,0,Yes,No,43,Yes,Yes,DSL,Yes,No,No internet service,One year,Yes,Mailed check,119.81,5185.56,0,No
CUST02197,Male,1,Yes,No,13,Yes,No phone service,Fiber optic,No internet service,No internet service,No internet service,Month-to-month,No,Bank transfer,95.02,1280.94,2,Yes
CUST02198,Female,0,No,Yes,14,Yes,No,DSL,No,No internet service,No,Month-to-month,Yes,Mailed check,81.39,1164.4,2,Yes
CUST02199,Female,1,No,No,15,Yes,No phone service,DSL,No internet service,Yes,Yes,Month-to-month,No,Bank transfer,77.95,1189.97,1,No
CUST02200,Male,0,Yes,Yes,1,Yes,Yes,No,No internet service,No internet service,Yes,Month-to-month,Yes,Bank transfer,69.44,115.52,2,Yes
CUST02201,Male,0,No,Yes,29,Yes,Yes,No,Yes,No,No,Month-to-month,Yes,Bank transfer,44.26,1332.25,2,No
CUST02202,Female,0,No,No,29,Yes,Yes,Fiber optic,Yes,Yes,No,Two year,Yes,Credit card,41.09,1194.72,0,No
CUST02203,Male,0,No,No,30,Yes,Yes,No,No internet service,No internet service,Yes,Month-to-month,No,Electronic check,74.05,2267.64,1,Yes
CUST02204,Male,1,Yes,No,19,Yes,No phone service,No,Yes,No internet service,No internet service,Month-to-month,Yes,Credit card,25.16,482.18,3,Yes
CUST02205,Male,1,No,No,48,Yes,Yes,Fiber optic,No,No,No internet service,Month-to-month,Yes,Electronic check,25.6,1245.66,1,No
CUST02206,Male,1,Yes,Yes,34,Yes,No,Fiber optic,No internet service,No internet service,No internet service,One year,No,Bank transfer,75.2,2594.93,1,No
CUST02207,Male,0,Yes,Yes,22,No,No,Fiber optic,Yes,No,No,Month-to-month,No,Electronic check,111.82,2498.89,2,Yes
CUST02208,Female,0,No,Yes,60,Yes,No,DSL,No internet service,No internet service,Yes,Month-to-month,Yes,Credit card,111.26,6711.89,2,Yes
CUST02209,Female,0,Yes,No,54,Yes,No phone service,DSL,No internet service,No internet service,No,Month-to-month,No,Mailed check,19.1,1033.36,0,Yes
CUST02210,Male,1,No,Yes,66,Yes,Yes,Fiber optic,No,No,Yes,One year,No,Credit card,28.95,1917.35,1,No
CUST02211,Male,0,Yes,Yes,7,Yes,No phone service,DSL,No,Yes,No internet service,Month-to-month,Yes,Credit card,77.47,589.1,3,Yes
CUST02212,Male,0,Yes,No,39,Yes,No,DSL,No,No,No internet service,Month-to-month,Yes,Credit card,104.54,4081.13,2,No
CUST02213,Female,0,No,Yes,58,Yes,Yes,DSL,Yes,Yes,No internet service,Month-to-month,No,Credit card,115.35,6694.23,0,No
CUST02214,Male,0,Yes,No,31,Yes,No phone service,Fiber optic,Yes,Yes,Yes,Two year,No,Credit card,105.78,3320.96,3,No
CUST02215,Female,1,Yes,No,6,Yes,Yes,No,Yes,No,No internet service,Month-to-month,Yes,Electronic check,87.12,554.78,1,Yes
CUST02216,Female,0,Yes,No,1,Yes,Yes,Fiber optic,No,No,Yes,One year,Yes,Electronic check,38.45,56.03,1,No
CUST02217,Female,0,No,No,5,Yes,No phone service,Fiber optic,No internet service,No internet service,No,Month-to-month,Yes,Mailed check,25.41,135.34,2,Yes
CUST02218,Male,0,No,No,35,Yes,No,No,No,No internet service,No internet service,Month-to-month,Yes,Credit card,22.85,843.96,1,No
CUST02219,Female,0,Yes,Yes,31,Yes,No phone service,No,Yes,Yes,No,Month-to-month,Yes,Credit card,80.43,2542.76,2,No
CUST02220,Male,0,Yes,No,44,Yes,No phone service,Fiber optic,Yes,No internet service,No,Month-to-month,Yes,Mailed check,21.69,956.86,0,Yes
CUST02221,Female,0,Yes,No,41,No,No,No,Yes,No,Yes,Month-to-month,No,Mailed check,93.4,3857.11,1,No
CUST02222,Male,0,No,Yes,52,Yes,No phone service,Fiber optic,No,Yes,No,Month-to-month,No,Bank transfer,90.67,4727.91,4,Yes
CUST02223,Female,1,No,Yes,8,No,Yes,DSL,Yes,No internet service,Yes,Month-to-month,Yes,Mailed check,26.12,250.58,1,Yes
CUST02224,Male,0,Yes,No,48,Yes,No,DSL,No,No internet service,Yes,One year,Yes,Mailed check,110.48,5320.34,0,No
CUST02225,Female,0,No,No,1,Yes,No phone service,Fiber optic,No internet service,No,No,Two year,Yes,Mailed check,71.24,106.97,2,Yes
CUST02226,Male,1,No,No,66,Yes,Yes,Fiber optic,No,No,Yes,Month-to-month,Yes,Bank transfer,110.25,7303.48,1,Yes
CUST02227,Male,0,No,No,10,Yes,No,Fiber optic,Yes,No internet service,Yes,One year,No,Electronic check,109.96,1126.68,1,Yes
CUST02228,Male,0,No,Yes,49,Yes,No phone service,Fiber optic,No internet service,Yes,Yes,Two year,No,Bank transfer,38.1,1909.8,2,No
CUST02229,Male,0,Yes,No,34,Yes,No,DSL,Yes,Yes,No,Two year,Yes,Electronic check,56.82,1955.4,0,No
CUST02230,Female,0,No,No,14,Yes,Yes,DSL,No internet service,No,Yes,Month-to-month,Yes,Mailed check,31.73,486.5,0,No
CUST02231,Female,0,No,Yes,30,Yes,Yes,Fiber optic,Yes,No,No internet service,One year,Yes,Bank transfer,97.05,2929.67,4,No
CUST02232,Male,1,Yes,No,61,Yes,No,DSL,No,No,No,Month-to-month,No,Bank transfer,69.42,4243.36,0,No
CUST02233,Female,0,Yes,No,27,Yes,Yes,Fiber optic,Yes,No internet service,No,Month-to-month,Yes,Electronic check,112.74,3066.75,2,Yes
CUST02234,Male,0,No,No,24,Yes,Yes,Fiber optic,No,No internet service,Yes,Month-to-month,No,Bank transfer,39.24,966.68,4,No
CUST02235,Male,0,No,Yes,24,Yes,No,Fiber optic,No,No,No,Month-to-month,No,Bank transfer,88.21,2140.96,0,Yes
CUST02236,Female,0,Yes,No,0,Yes,No,DSL,No internet service,Yes,No internet service,Month-to-month,Yes,Credit card,118.9,40.42,0,Yes
CUST02237,Male,0,Yes,No,58,Yes,No phone service,Fiber optic,No,No,No,Month-to-month,No,Electronic check,85.87,5008.69,0,No
CUST02238,Male,0,Yes,No,68,Yes,No phone service,No,No,No,No,One year,No,Bank transfer,25.01,1745.1,0,No
CUST02239,Female,0,No,No,41,Yes,No,No,No,Yes,No,Month-to-month,No,Bank transfer,78.02,3224.53,1,Yes
CUST02240,Male,0,No,Yes,33,Yes,Yes,No,No internet service,Yes,Yes,Month-to-month,No,Mailed check,36.34,1210.46,3,No
CUST02241,Male,1,Yes,No,65,No,Yes,Fiber optic,Yes,Yes,No internet service,Month-to-month,Yes,Credit card,21.11,1378.62,1,No
CUST02242,Male,0,No,No,17,Yes,No,DSL,Yes,Yes,No internet service,Month-to-month,Yes,Credit card,52.17,930.31,1,No
CUST02243,Male,0,Yes,Yes,4,No,No,Fiber optic,No,No internet service,No internet service,One year,No,Mailed check,45.14,183.37,0,No
CUST02244,Female,0,No,No,19,Yes,No,No,No,No internet service,No,Two year,No,Mailed check,98.45,1876.43,1,No
CUST02245,Female,0,Yes,No,65,Yes,Yes,DSL,Yes,No,No internet service,Month-to-month,No,Mailed check,56.12,3650.98,4,No
CUST02246,Female,0,Yes,No,61,Yes,No phone service,DSL,No,No internet service,Yes,Month-to-month,Yes,Mailed check,92.76,5679.55,1,No
CUST02247,Male,0,No,Yes,31,Yes,No phone service,DSL,Yes,No,No,Two year,No,Credit card,19.66,636.09,4,No
CUST02248,Male,0,No,No,57,Yes,Yes,Fiber optic,No internet service,No,Yes,Month-to-month,Yes,Bank transfer,19.51,1113.06,0,Yes
CUST02249,Female,0,No,No,49,Yes,No phone service,Fiber optic,No,Yes,No,Two year,Yes,Bank transfer,20.99,,2,No
CUST02250,Male,1,No,No,37,Yes,No,DSL,No,Yes,Yes,Month-to-month,Yes,Mailed check,40.37,1513.38,2,Yes
CUST02251,Male,1,No,No,54,Yes,No,No,Yes,No internet service,No,Month-to-month,Yes,Electronic check,56.15,3070.78,1,No
CUST02252,Male,1,No,No,27,Yes,Yes,Fiber optic,Yes,No internet service,Yes,Month-to-month,Yes,Mailed check,80.0,2201.5,3,Yes
CUST02253,Male,0,Yes,Yes,21,Yes,Yes,DSL,No internet service,No internet service,No internet service,Month-to-month,No,Bank transfer,118.56,2524.01,0,Yes
CUST02254,Female,0,No,No,42,Yes,No,DSL,No,No internet service,No,Month-to-month,Yes,Electronic check,54.15,2297.97,2,No
CUST02255,Female,0,Yes,No,35,No,No,DSL,Yes,Yes,No,Two year,Yes,Mailed check,23.68,839.61,0,No
CUST02256,Female,0,Yes,No,51,Yes,Yes,Fiber optic,No internet service,Yes,Yes,One year,Yes,Electronic check,37.88,1974.24,1,No
CUST02257,Male,0,No,Yes,35,Yes,Yes,DSL,Yes,No internet service,Yes,One year,Yes,Mailed check,109.58,3852.38,2,No
CUST02258,Female,0,Yes,No,27,Yes,No,Fiber optic,Yes,No,Yes,One year,No,Credit card,89.34,2429.99,1,No
CUST02259,Female,0,Yes,No,57,Yes,No,Fiber optic,No internet service,Yes,No,Month-to-month,Yes,Bank transfer,98.6,5666.0,1,Yes
CUST02260,Male,0,No,No,35,Yes,No phone service,Fiber optic,No internet service,Yes,Yes,One year,Yes,Mailed check,30.67,1122.23,3,No
CUST02261,Male,0,No,Yes,69,Yes,No phone service,DSL,No internet service,Yes,No internet service,Month-to-month,No,Electronic check,31.77,2237.04,2,Yes
CUST02262,Female,0,No,Yes,8,Yes,No,Fiber optic,No internet service,Yes,Yes,One year,No,Bank transfer,29.45,285.51,1,No
CUST02263,Female,0,Yes,No,20,Yes,Yes,No,No internet service,No internet service,Yes,Month-to-month,No,Mailed check,105.43,2152.05,3,Yes
CUST02264,Female,0,No,Yes,63,Yes,No phone service,DSL,No internet service,No internet service,Yes,One year,No,Mailed check,39.42,2518.68,2,No
CUST02265,Female,0,No,No,60,Yes,No phone service,DSL,No,No,No internet service,Two year,No,Mailed check,83.6,5030.69,1,No
CUST02266,Male,0,No,Yes,39,Yes,No,Fiber optic,No internet service,Yes,Yes,Month-to-month,Yes,Mailed check,70.65,2803.0,0,Yes
CUST02267,Female,0,No,No,55,No,Yes,Fiber optic,No,No internet service,Yes,Month-to-month,No,Credit card,73.53,4087.98,2,Yes
CUST02268,Female,0,Yes,No,3,Yes,Yes,DSL,Yes,No internet service,No,Month-to-month,No,Bank transfer,37.93,125.83,3,No
CUST02269,Male,0,No,No,30,No,No,Fiber optic,Yes,Yes,No,Month-to-month,Yes,Credit card,82.8,2508.46,6,Yes
CUST02270,Female,0,Yes,No,26,Yes,Yes,Fiber optic,No internet service,No internet service,Yes,One year,No,Bank transfer,22.4,585.9,3,No
CUST02271,Male,0,No,No,57,Yes,No,No,Yes,No internet service,No,Two year,No,Mailed check,119.33,6849.48,2,No
CUST02272,Male,1,Yes,Yes,24,Yes,Yes,DSL,No internet service,No internet service,Yes,Month-to-month,Yes,Bank transfer,20.73,526.16,2,No
CUST02273,Male,0,Yes,Yes,68,No,No,Fiber optic,No internet service,No,Yes,Month-to-month,Yes,Electronic check,23.12,1584.42,1,No
CUST02274,Female,0,Yes,No,69,Yes,Yes,DSL,No,No internet service,No internet service,One year,No,Bank transfer,51.11,3541.21,0,No
CUST02275,Female,0,No,No,4,No,No,Fiber optic,Yes,Yes,Yes,Month-to-month,Yes,Electronic check,102.83,460.35,3,No
CUST02276,Male,1,Yes,No,7,Yes,No,Fiber optic,No internet service,Yes,No,Month-to-month,Yes,Electronic check,44.23,340.39,2,Yes
CUST02277,Female,0,No,No,8,Yes,Yes,Fiber optic,Yes,Yes,No,Two year,No,Credit card,66.14,550.15,2,No
CUST02278,Female,0,No,No,14,Yes,No,No,No,No internet service,No,One year,Yes,Bank transfer,19.83,302.61,1,No
CUST02279,Male,0,No,No,6,Yes,No phone service,DSL,Yes,No,No,Month-to-month,Yes,Mailed check,26.05,161.23,1,No
CUST02280,Male,1,No,Yes,71,Yes,Yes,Fiber optic,No,No internet service,Yes,Month-to-month,No,Bank transfer,80.01,5684.46,2,No
CUST02281,Female,0,No,No,14,Yes,No,DSL,No,Yes,No internet service,One year,No,Credit card,37.82,559.12,1,Yes
CUST02282,Male,0,Yes,No,36,Yes,Yes,Fiber optic,No,No,No internet service,One year,Yes,Electronic check,88.81,3222.76,1,No
CUST02283,Female,0,No,No,38,Yes,Yes,DSL,No internet service,No,Yes,Two year,No,Electronic check,98.11,3746.14,2,No
CUST02284,Female,0,Yes,No,5,Yes,No,No,No internet service,No internet service,No,Month-to-month,Yes,Credit card,104.73,551.96,0,Yes
CUST02285,Female,0,Yes,No,56,Yes,No phone service,No,Yes,Yes,No internet service,Two year,Yes,Credit card,31.65,1776.03,2,No
CUST02286,Female,0,Yes,No,18,Yes,Yes,No,No internet service,No internet service,No internet service,One year,Yes,Bank transfer,64.46,1207.48,2,No
CUST02287,Male,0,Yes,No,62,Yes,No phone service,DSL,No internet service,Yes,Yes,One year,No,Electronic check,114.6,7119.89,1,Yes
CUST02288,Male,0,Yes,Yes,30,Yes,No phone service,Fiber optic,Yes,No,No,One year,Yes,Credit card,96.75,2906.09,0,Yes
CUST02289,Male,0,Yes,Yes,9,Yes,No,DSL,No,No internet service,No internet service,Month-to-month,Yes,Bank transfer,29.93,277.85,2,No
CUST02290,Male,1,Yes,No,66,Yes,No,No,No,No,Yes,Two year,No,Bank transfer,69.26,4575.93,1,No
CUST02291,Female,0,No,No,61,No,Yes,Fiber optic,Yes,Yes,No internet service,Month-to-month,Yes,Mailed check,112.08,6845.81,1,No
CUST02292,Female,0,Yes,No,2,Yes,No,Fiber optic,No internet service,No,No internet service,Month-to-month,No,Electronic check,62.88,146.6,1,Yes
CUST02293,Male,0,No,Yes,17,Yes,Yes,Fiber optic,Yes,No,No,Two year,Yes,Bank transfer,103.42,1795.04,1,No
CUST02294,Female,0,Yes,Yes,24,Yes,Yes,DSL,Yes,No,No,One year,No,Credit card,68.58,1659.54,2,Yes
CUST02295,Female,0,Yes,No,19,Yes,No phone service,Fiber optic,No internet service,No internet service,No internet service,Two year,Yes,Electronic check,28.89,570.71,1,No
CUST02296,Female,0,Yes,No,57,Yes,No,DSL,Yes,Yes,No,Month-to-month,Yes,Credit card,33.08,1932.0,1,No
CUST02297,Male,0,Yes,No,49,Yes,No,No,No internet service,No,No internet service,Month-to-month,Yes,Credit card,22.76,1130.03,0,No
CUST02298,Male,0,No,No,9,Yes,Yes,No,No internet service,No,No internet service,Two year,No,Bank transfer,37.92,381.02,1,No
CUST02299,Male,0,No,Yes,20,Yes,No phone service,Fiber optic,Yes,No,No internet service,Month-to-month,No,Bank transfer,109.15,2190.89,1,No
CUST02300,Female,0,No,No,28,Yes,No,No,No,No,Yes,Two year,Yes,Mailed check,84.32,2369.88,2,No
CUST02301,Male,0,Yes,No,9,Yes,No phone service,DSL,No internet service,Yes,No,Month-to-month,No,Credit card,93.36,863.05,1,Yes
CUST02302,Male,1,Yes,Yes,12,Yes,No phone service,No,No,Yes,No,Two year,Yes,Bank transfer,81.41,988.63,1,No
CUST02303,Male,0,Yes,No,46,No,Yes,DSL,No internet service,No internet service,No internet service,Month-to-month,No,Mailed check,57.43,2686.93,1,Yes
CUST02304,Male,1,No,Yes,22,Yes,No,Fiber optic,No,Yes,No,One year,No,Electronic check,40.12,885.18,1,Yes
CUST02305,Male,0,Yes,Yes,49,Yes,No,Fiber optic,Yes,Yes,No internet service,Two year,No,Mailed check,112.41,5537.95,0,No
CUST02306,Male,1,No,Yes,3,Yes,No,DSL,No internet service,No,No,Month-to-month,No,Mailed check,70.51,241.74,4,Yes
CUST02307,Female,0,No,Yes,66,Yes,No phone service,Fiber optic,Yes,No internet service,No,One year,No,Credit card,67.07,4429.92,1,No
CUST02308,Female,0,Yes,No,52,Yes,No,DSL,Yes,No internet service,No internet service,Two year,Yes,Electronic check,119.6,6255.83,4,No
CUST02309,Male,0,Yes,No,1,Yes,Yes,No,Yes,No,No,One year,No,Credit card,57.16,80.6,1,No
CUST02310,Male,0,No,No,67,Yes,No phone service,DSL,No internet service,No internet service,No internet service,Two year,No,Credit card,105.12,7079.19,2,No
CUST02311,Female,0,No,No,64,Yes,No,Fiber optic,Yes,Yes,Yes,Month-to-month,No,Mailed check,105.96,6822.79,3,No
CUST02312,Female,0,No,Yes,56,Yes,No phone service,Fiber optic,Yes,No internet service,No internet service,Month-to-month,Yes,Mailed check,41.73,2353.02,3,No
CUST02313,Male,0,Yes,Yes,69,Yes,No phone service,DSL,No internet service,No,No,Month-to-month,Yes,Bank transfer,27.67,1933.45,3,No
CUST02314,Male,0,Yes,No,6,Yes,No phone service,Fiber optic,Yes,No internet service,Yes,Month-to-month,Yes,Mailed check,117.51,718.1,0,Yes
CUST02315,Male,0,Yes,No,18,Yes,Yes,Fiber optic,No internet service,No internet service,Yes,Month-to-month,No,Bank transfer,61.44,1116.0,2,Yes
CUST02316,Male,0,Yes,Yes,43,Yes,No,DSL,Yes,No internet service,No internet service,One year,Yes,Credit card,18.23,783.92,0,No
CUST02317,Female,0,Yes,No,62,Yes,No,Fiber optic,No,No,Yes,Month-to-month,Yes,Mailed check,68.9,4319.98,0,No
CUST02318,Male,0,Yes,No,64,Yes,No phone service,DSL,Yes,Yes,No internet service,Month-to-month,Yes,Electronic check,81.17,5216.93,1,No
CUST02319,Male,0,No,No,38,Yes,No,DSL,No,No internet service,No,Month-to-month,Yes,Electronic check,97.16,3692.73,2,No
CUST02320,Male,0,No,No,25,Yes,No phone service,Fiber optic,No internet service,Yes,No internet service,Two year,Yes,Credit card,114.18,2854.95,1,No
CUST02321,Male,0,No,Yes,43,Yes,No phone service,Fiber optic,No,Yes,Yes,One year,Yes,Credit card,111.35,4802.47,4,No
CUST02322,Female,0,Yes,No,11,Yes,No phone service,No,No internet service,Yes,No internet service,Month-to-month,No,Mailed check,113.89,1253.49,1,No
CUST02323,Female,0,No,Yes,21,Yes,Yes,No,Yes,No internet service,No internet service,Two year,No,Bank transfer,21.28,465.61,2,No
CUST02324,Female,0,Yes,No,13,Yes,No,Fiber optic,No,Yes,No,Month-to-month,Yes,Mailed check,90.6,1180.95,0,No
CUST02325,Male,0,Yes,Yes,29,Yes,No phone service,Fiber optic,Yes,No internet service,No internet service,Two year,No,Bank transfer,41.04,1192.12,0,No
CUST02326,Male,0,No,No,43,Yes,No,DSL,No,No internet service,No,One year,No,Mailed check,37.13,1630.06,1,Yes
CUST02327,Female,0,Yes,Yes,37,Yes,Yes,DSL,No internet service,No internet service,Yes,Month-to-month,Yes,Electronic check,99.63,3731.65,2,Yes
CUST02328,Male,0,No,No,58,Yes,Yes,Fiber optic,No internet service,Yes,Yes,One year,Yes,Electronic check,60.55,3532.37,0,No
CUST02329,Male,1,No,No,41,Yes,No phone service,No,No internet service,No internet service,No internet service,One year,No,Bank transfer,111.49,4612.93,0,No
CUST02330,Female,0,Yes,No,51,Yes,Yes,DSL,No internet service,No,No internet service,Month-to-month,Yes,Mailed check,22.33,1140.29,3,No
CUST02331,Female,0,No,No,62,No,Yes,DSL,Yes,No,Yes,Two year,No,Credit card,99.82,,1,No
CUST02332,Female,0,No,No,60,Yes,Yes,Fiber optic,Yes,No,Yes,Month-to-month,Yes,Bank transfer,31.96,1920.74,3,Yes
CUST02333,Female,0,No,No,33,Yes,Yes,DSL,Yes,No internet service,Yes,Month-to-month,Yes,Electronic check,36.01,1230.25,2,No
CUST02334,Male,0,No,No,38,Yes,Yes,Fiber optic,Yes,No,No internet service,Month-to-month,No,Bank transfer,66.69,2578.34,1,No
CUST02335,Male,0,Yes,No,40,Yes,Yes,Fiber optic,Yes,No internet service,Yes,Month-to-month,Yes,Mailed check,58.35,2373.3,3,Yes
CUST02336,Female,0,No,No,36,Yes,No,Fiber optic,No internet service,No internet service,No internet service,Month-to-month,No,Credit card,67.59,2474.28,3,Yes
CUST02337,Male,1,No,No,64,No,Yes,DSL,Yes,No internet service,Yes,Two year,Yes,Credit card,113.88,7316.39,1,No
CUST02338,Female,0,No,No,31,Yes,No,No,Yes,Yes,Yes,Month-to-month,Yes,Bank transfer,85.05,2649.79,1,Yes
CUST02339,Female,1,Yes,No,7,Yes,No phone service,DSL,Yes,No,No internet service,Month-to-month,Yes,Mailed check,47.61,365.43,0,Yes
CUST02340,Male,0,No,No,17,Yes,Yes,No,No internet service,No internet service,No,Month-to-month,Yes,Mailed check,35.64,627.86,2,No
CUST02341,Female,0,Yes,No,44,Yes,Yes,Fiber optic,No internet service,No,No internet service,Two year,Yes,Credit card,60.84,2677.23,2,No
CUST02342,Male,0,No,No,32,Yes,No,No,No internet service,No,No,Two year,Yes,Electronic check,64.07,2074.08,0,No
CUST02343,Male,0,No,Yes,4,Yes,Yes,Fiber optic,No internet service,Yes,No internet service,One year,Yes,Mailed check,79.33,349.88,0,No
CUST02344,Male,0,No,No,35,Yes,No,DSL,Yes,No,No,Two year,No,Credit card,45.13,1580.24,3,No
CUST02345,Male,0,Yes,No,22,Yes,No,No,Yes,No internet service,No,One year,Yes,Credit card,96.29,2149.45,2,No
CUST02346,Female,0,Yes,No,39,Yes,Yes,Fiber optic,No,No internet service,No,Two year,No,Mailed check,28.04,1126.19,2,No
CUST02347,Male,1,Yes,No,4,No,No phone service,DSL,Yes,No,No internet service,One year,Yes,Mailed check,75.17,308.59,4,No
CUST02348,Female,0,Yes,Yes,33,No,No phone service,DSL,No internet service,No,No internet service,Month-to-month,Yes,Bank transfer,81.6,2714.35,1,Yes
CUST02349,Female,0,Yes,No,23,Yes,No phone service,Fiber optic,No internet service,Yes,No internet service,Month-to-month,No,Electronic check,39.1,947.52,3,Yes
CUST02350,Female,0,Yes,No,16,Yes,No,Fiber optic,Yes,No internet service,No,One year,Yes,Bank transfer,102.25,1680.21,1,Yes
CUST02351,Female,0,No,No,70,Yes,No,Fiber optic,No,No,No,Month-to-month,Yes,Bank transfer,80.77,5674.44,1,Yes
CUST02352,Male,0,Yes,Yes,21,Yes,Yes,Fiber optic,No internet service,No,No internet service,Month-to-month,Yes,Credit card,83.86,1778.55,0,Yes
CUST02353,Male,0,No,No,14,Yes,No,Fiber optic,No,No internet service,No internet service,One year,No,Credit card,68.77,968.98,1,Yes
CUST02354,Female,1,Yes,No,14,Yes,No phone service,Fiber optic,No internet service,No,Yes,Two year,No,Electronic check,110.78,1552.68,1,No
CUST02355,Female,0,Yes,Yes,24,Yes,Yes,Fiber optic,No internet service,Yes,Yes,Month-to-month,Yes,Bank transfer,88.78,2145.59,1,No
CUST02356,Male,0,Yes,No,52,Yes,No phone service,DSL,Yes,No,Yes,One year,Yes,Bank transfer,56.95,3008.41,2,No
CUST02357,Female,0,No,Yes,20,Yes,Yes,No,No internet service,No,Yes,One year,No,Credit card,42.34,894.73,0,No
CUST02358,Male,0,Yes,No,65,Yes,No phone service,DSL,No,Yes,Yes,Two year,Yes,Credit card,25.25,1681.88,0,No
CUST02359,Female,0,Yes,Yes,31,Yes,Yes,Fiber optic,No,Yes,No internet service,Two year,Yes,Mailed check,34.87,1098.51,2,No
CUST02360,Male,0,No,Yes,20,Yes,No phone service,Fiber optic,Yes,Yes,No,One year,Yes,Bank transfer,119.25,2392.18,0,No
CUST02361,Female,0,No,No,67,No,No,Fiber optic,No internet service,No internet service,No,Month-to-month,Yes,Electronic check,59.49,4015.61,1,Yes
CUST02362,Female,0,No,Yes,43,Yes,No phone service,DSL,No,No,No internet service,Month-to-month,Yes,Bank transfer,109.67,4748.14,2,Yes
CUST02363,Male,0,No,Yes,65,Yes,Yes,DSL,Yes,No,No internet service,Month-to-month,No,Credit card,35.4,2322.23,2,No
CUST02364,Female,0,Yes,No,13,Yes,No phone service,Fiber optic,No,Yes,No internet service,One year,Yes,Mailed check,61.39,832.65,0,No
CUST02365,Female,0,No,No,14,Yes,No,No,Yes,No internet service,Yes,Two year,Yes,Bank transfer,115.97,1660.91,2,No
CUST02366,Male,0,Yes,No,19,Yes,Yes,Fiber optic,No,Yes,Yes,One year,No,Electronic check,27.3,557.85,1,No
CUST02367,Female,0,Yes,No,33,Yes,No,Fiber optic,No internet service,No,Yes,Month-to-month,Yes,Credit card,78.59,2618.58,2,No
CUST02368,Male,0,No,No,35,Yes,No phone service,DSL,No,No internet service,No internet service,One year,Yes,Mailed check,111.76,3951.18,4,No
CUST02369,Male,0,Yes,No,8,Yes,Yes,DSL,No,No internet service,No internet service,Month-to-month,Yes,Bank transfer,114.87,920.23,1,No
CUST02370,Female,0,No,Yes,70,Yes,No phone service,DSL,Yes,No,No,Month-to-month,No,Electronic check,104.29,7334.32,1,Yes
CUST02371,Female,0,Yes,Yes,29,Yes,Yes,DSL,Yes,No internet service,No internet service,Month-to-month,Yes,Credit card,105.31,3065.77,2,No
CUST02372,Female,0,No,No,62,Yes,No,Fiber optic,Yes,No internet service,Yes,Month-to-month,Yes,Electronic check,84.52,5253.77,2,No
CUST02373,Female,0,No,No,34,Yes,No,DSL,No,Yes,No,Two year,No,Bank transfer,40.48,1380.89,2,No
CUST02374,Female,0,No,No,12,No,No,DSL,Yes,No internet service,No internet service,Month-to-month,No,Credit card,92.53,1119.98,1,Yes
CUST02375,Female,0,No,No,45,Yes,No phone service,Fiber optic,No internet service,Yes,No,Month-to-month,No,Bank transfer,117.8,5350.6,2,Yes
CUST02376,Female,0,No,No,55,Yes,Yes,No,Yes,No internet service,No,Two year,Yes,Mailed check,71.65,3961.52,0,No
CUST02377,Male,0,No,Yes,8,Yes,No,No,Yes,Yes,No internet service,Month-to-month,Yes,Bank transfer,44.59,403.11,0,No
CUST02378,Female,1,Yes,Yes,35,Yes,No phone service,Fiber optic,No internet service,Yes,Yes,Month-to-month,Yes,Mailed check,76.49,2685.29,0,No
CUST02379,Male,0,Yes,No,2,Yes,No phone service,DSL,Yes,No internet service,Yes,Month-to-month,Yes,Bank transfer,88.44,187.08,1,Yes
CUST02380,Female,0,Yes,No,18,Yes,Yes,Fiber optic,Yes,Yes,No,Month-to-month,No,Electronic check,39.24,734.21,1,Yes
CUST02381,Female,0,No,No,27,Yes,No,DSL,No,No,No internet service,Month-to-month,Yes,Electronic check,91.36,2484.2,1,Yes
CUST02382,Male,0,Yes,Yes,22,No,No phone service,Fiber optic,No,No,No internet service,Month-to-month,No,Credit card,77.92,1746.44,3,Yes
CUST02383,Female,1,No,No,6,Yes,No,Fiber optic,Yes,No internet service,Yes,One year,Yes,Electronic check,80.46,503.86,1,No
CUST02384,Female,0,Yes,No,13,Yes,Yes,Fiber optic,No internet service,No internet service,No internet service,Month-to-month,Yes,Electronic check,49.21,680.31,1,Yes
CUST02385,Male,1,Yes,Yes,45,Yes,No,No,Yes,No internet service,No internet service,Month-to-month,No,Mailed check,33.84,1544.38,1,No
CUST02386,Female,1,No,No,14,Yes,No,Fiber optic,Yes,No,No,Two year,Yes,Electronic check,81.59,1170.88,1,No
CUST02387,Female,1,Yes,No,66,Yes,No phone service,Fiber optic,Yes,No internet service,No internet service,Month-to-month,No,Mailed check,77.8,5150.85,1,No
CUST02388,Female,0,Yes,No,14,Yes,No phone service,DSL,No,No internet service,No internet service,Two year,No,Mailed check,52.48,769.92,0,No
CUST02389,Male,0,Yes,No,50,Yes,Yes,No,No internet service,Yes,No internet service,Month-to-month,Yes,Mailed check,48.18,2441.74,3,No
CUST02390,Female,0,No,Yes,7,Yes,Yes,DSL,No internet service,No internet service,Yes,Month-to-month,Yes,Bank transfer,53.42,393.79,1,No
CUST02391,Female,0,Yes,No,68,Yes,Yes,No,No internet service,No,Yes,One year,Yes,Mailed check,67.97,4635.76,2,No
CUST02392,Female,0,No,Yes,61,Yes,No phone service,DSL,No,No,No,Month-to-month,No,Bank transfer,117.43,7193.94,1,Yes
CUST02393,Female,0,Yes,No,50,No,Yes,DSL,No,No internet service,Yes,Month-to-month,Yes,Mailed check,95.88,4841.16,1,Yes
CUST02394,Male,0,Yes,No,62,Yes,Yes,No,Yes,No,Yes,One year,No,Bank transfer,104.88,6509.19,2,No
CUST02395,Male,0,Yes,No,67,Yes,No phone service,DSL,No,Yes,Yes,Month-to-month,Yes,Credit card,69.58,4701.82,4,No
CUST02396,Female,0,Yes,No,15,Yes,Yes,No,Yes,Yes,Yes,One year,No,Credit card,71.66,1102.05,2,No
CUST02397,Female,0,No,No,23,Yes,No phone service,DSL,No,No internet service,No,Two year,No,Bank transfer,38.84,919.6,4,No
CUST02398,Male,0,Yes,No,5,Yes,Yes,No,Yes,No internet service,No internet service,Month-to-month,Yes,Credit card,91.55,505.83,1,Yes
CUST02399,Male,0,No,No,56,Yes,No phone service,Fiber optic,No,Yes,No internet service,One year,Yes,Electronic check,61.0,3446.29,1,Yes
CUST02400,Female,1,No,No,30,Yes,No,Fiber optic,No internet service,Yes,No internet service,Month-to-month,Yes,Mailed check,93.73,2853.43,0,Yes
CUST02401,Male,0,Yes,No,5,No,No phone service,Fiber optic,Yes,No internet service,No,Two year,Yes,Bank transfer,59.72,324.32,2,Yes
CUST02402,Female,0,Yes,No,28,Yes,No phone service,DSL,No,No,Yes,Two year,Yes,Credit card,29.07,826.45,0,No
CUST02403,Male,1,No,No,66,Yes,No phone service,No,No,No internet service,No,Two year,Yes,Credit card,35.65,2387.62,1,No
CUST02404,Male,0,No,No,2,Yes,Yes,DSL,Yes,No internet service,No,Month-to-month,No,Electronic check,100.78,247.72,1,Yes
CUST02405,Male,1,Yes,No,27,Yes,No phone service,Fiber optic,No,No internet service,No,One year,No,Mailed check,44.38,1240.32,1,No
CUST02406,Male,0,Yes,Yes,47,No,No phone service,Fiber optic,No internet service,No internet service,No internet service,Month-to-month,No,Electronic check,44.96,2123.04,3,Yes
CUST02407,Female,0,Yes,Yes,9,Yes,Yes,Fiber optic,Yes,No internet service,Yes,Month-to-month,Yes,Bank transfer,112.8,1031.04,1,No
CUST02408,Male,0,Yes,Yes,32,Yes,No,DSL,Yes,No internet service,No internet service,Two year,No,Credit card,85.08,2748.4,1,No
CUST02409,Male,0,Yes,No,66,Yes,No phone service,DSL,Yes,No internet service,No,Month-to-month,Yes,Credit card,29.66,1986.14,4,No
CUST02410,Female,0,No,No,68,Yes,Yes,DSL,Yes,No,No,Two year,Yes,Credit card,32.65,2229.89,1,No
CUST02411,Male,0,Yes,No,11,Yes,No,No,Yes,No internet service,No internet service,Month-to-month,Yes,Electronic check,45.78,515.08,4,Yes
CUST02412,Male,0,Yes,No,56,Yes,No phone service,DSL,No internet service,Yes,No internet service,Two year,Yes,Electronic check,78.59,4438.98,1,No
CUST02413,Female,0,No,No,43,Yes,No,No,Yes,No internet service,No internet service,Month-to-month,Yes,Mailed check,94.79,4112.49,1,Yes
CUST02414,Male,1,Yes,No,12,Yes,No phone service,DSL,No internet service,No,Yes,Month-to-month,Yes,Bank transfer,46.0,593.96,1,Yes
CUST02415,Female,1,Yes,Yes,23,Yes,No phone service,DSL,No internet service,Yes,No internet service,Month-to-month,No,Mailed check,106.81,2503.28,0,No
CUST02416,Female,0,No,Yes,43,Yes,No,Fiber optic,No internet service,No internet service,Yes,One year,Yes,Mailed check,29.14,1268.43,0,No
CUST02417,Female,0,Yes,No,56,No,No,DSL,Yes,No internet service,Yes,Month-to-month,No,Credit card,39.18,2237.06,1,Yes
CUST02418,Female,0,No,No,15,Yes,No,Fiber optic,No internet service,Yes,No internet service,One year,Yes,Electronic check,116.99,,1,No
CUST02419,Male,0,Yes,No,20,Yes,No phone service,No,Yes,No internet service,No,Month-to-month,Yes,Bank transfer,31.74,682.69,1,Yes
CUST02420,Female,0,Yes,Yes,50,Yes,No phone service,DSL,No internet service,No,No,Month-to-month,Yes,Mailed check,108.59,5443.1,0,Yes
CUST02421,Male,1,Yes,No,20,Yes,Yes,Fiber optic,Yes,No internet service,Yes,Month-to-month,No,Bank transfer,89.8,1809.48,4,Yes
CUST02422,Male,0,No,Yes,59,Yes,Yes,Fiber optic,No,No,Yes,Month-to-month,Yes,Credit card,25.45,1536.76,0,No
CUST02423,Male,0,No,Yes,50,Yes,Yes,DSL,No,No internet service,Yes,Two year,Yes,Mailed check,67.34,3413.42,3,Yes
CUST02424,Male,0,No,Yes,20,No,No phone service,DSL,No internet service,Yes,No,Two year,Yes,Electronic check,70.94,1460.03,1,No
CUST02425,Male,1,No,Yes,5,Yes,No,No,No,No,Yes,Month-to-month,Yes,Mailed check,113.08,601.75,1,Yes
CUST02426,Male,0,Yes,No,72,Yes,Yes,DSL,No internet service,No internet service,Yes,One year,No,Credit card,60.95,4407.77,3,No
CUST02427,Male,0,No,Yes,64,Yes,No phone service,No,No internet service,No internet service,No,One year,Yes,Mailed check,63.57,4104.37,0,No
CUST02428,Male,0,No,No,57,Yes,No,Fiber optic,No internet service,Yes,No internet service,Month-to-month,Yes,Credit card,29.47,1719.84,3,Yes
CUST02429,Male,0,No,No,5,Yes,Yes,DSL,No,Yes,No,Month-to-month,No,Mailed check,83.2,453.66,3,No
CUST02430,Male,0,Yes,Yes,64,Yes,No,Fiber optic,No internet service,No,No internet service,Month-to-month,Yes,Bank transfer,39.51,2562.48,1,No
CUST02431,Female,1,Yes,Yes,33,Yes,No,No,No,No,No internet service,Month-to-month,No,Electronic check,25.91,857.39,1,Yes
CUST02432,Female,0,No,No,55,Yes,Yes,Fiber optic,No,No,Yes,Month-to-month,No,Credit card,119.69,6615.94,0,Yes
CUST02433,Female,0,No,Yes,2,Yes,Yes,Fiber optic,Yes,No internet service,Yes,Month-to-month,No,Bank transfer,45.5,114.91,0,Yes
CUST02434,Male,0,Yes,No,41,Yes,No phone service,No,No,No internet service,No internet service,One year,Yes,Credit card,32.39,1376.07,5,Yes
CUST02435,Female,0,No,No,61,Yes,No,DSL,Yes,No,Yes,Month-to-month,No,Mailed check,89.35,5480.71,2,No
CUST02436,Female,0,No,Yes,5,Yes,Yes,No,No internet service,No internet service,No internet service,Month-to-month,Yes,Credit card,101.81,539.46,0,Yes
CUST02437,Female,0,No,No,5,Yes,Yes,No,No internet service,Yes,Yes,Month-to-month,No,Credit card,24.54,172.4,0,Yes
CUST02438,Male,0,No,Yes,62,Yes,No,Fiber optic,Yes,No internet service,No,Month-to-month,Yes,Electronic check,28.75,1787.18,1,No
CUST02439,Male,0,Yes,No,19,Yes,No,No,No internet service,No,No internet service,Month-to-month,Yes,Bank transfer,27.2,530.62,1,No
CUST02440,Male,0,Yes,No,20,Yes,No,Fiber optic,Yes,No internet service,No internet service,Two year,No,Mailed check,22.79,488.6,0,No
CUST02441,Male,0,Yes,Yes,1,Yes,Yes,Fiber optic,Yes,Yes,Yes,Month-to-month,Yes,Electronic check,85.26,101.02,7,Yes
CUST02442,Female,1,No,Yes,55,Yes,Yes,Fiber optic,No internet service,No,No,One year,No,Credit card,78.01,4307.86,0,No
CUST02443,Female,0,No,No,9,Yes,No phone service,Fiber optic,Yes,No,Yes,Month-to-month,No,Electronic check,85.61,815.12,1,Yes
CUST02444,Female,0,Yes,No,69,Yes,No,Fiber optic,Yes,No,No,One year,Yes,Credit card,69.58,4829.99,2,No
CUST02445,Female,0,Yes,Yes,22,Yes,Yes,DSL,Yes,No,Yes,One year,Yes,Mailed check,101.39,2235.72,1,No
CUST02446,Male,0,Yes,No,29,Yes,Yes,Fiber optic,No internet service,No internet service,No internet service,Month-to-month,Yes,Credit card,73.76,2154.58,2,Yes
CUST02447,Male,0,No,No,36,Yes,No,DSL,No internet service,Yes,No,Two year,No,Electronic check,111.71,4025.36,3,No
CUST02448,Male,0,Yes,No,54,No,Yes,DSL,No internet service,No internet service,No,Month-to-month,Yes,Electronic check,67.54,3674.97,1,No
CUST02449,Female,0,No,Yes,48,Yes,No,DSL,No internet service,No internet service,Yes,Two year,Yes,Credit card,98.65,4743.86,2,No
CUST02450,Male,0,No,No,33,Yes,Yes,No,No internet service,No,No,Month-to-month,No,Bank transfer,59.55,2008.01,3,No
CUST02451,Male,0,Yes,No,43,No,No,Fiber optic,No,Yes,Yes,Two year,No,Electronic check,62.39,2711.64,0,No
CUST02452,Female,0,Yes,Yes,21,Yes,No,Fiber optic,No,No internet service,No,One year,No,Bank transfer,104.6,2199.57,4,No
CUST02453,Female,1,No,No,30,Yes,Yes,DSL,Yes,Yes,Yes,Two year,No,Bank transfer,28.98,884.44,2,No
CUST02454,Male,0,Yes,No,6,Yes,No,Fiber optic,No,Yes,Yes,Month-to-month,Yes,Bank transfer,75.62,484.54,2,Yes
CUST02455,Male,0,Yes,No,20,Yes,No phone service,DSL,No internet service,Yes,Yes,Month-to-month,Yes,Bank transfer,92.09,1858.57,1,Yes
CUST02456,Male,1,No,Yes,15,Yes,No phone service,DSL,No internet service,Yes,No internet service,One year,Yes,Electronic check,94.54,1443.76,1,Yes
CUST02457,Male,1,No,No,19,Yes,No,Fiber optic,No internet service,No internet service,No,Two year,No,Electronic check,78.33,1533.74,1,No
CUST02458,Male,0,No,No,42,Yes,No phone service,Fiber optic,Yes,Yes,No internet service,Two year,No,Bank transfer,63.7,2692.9,0,No
CUST02459,Male,0,No,No,43,Yes,Yes,DSL,Yes,No internet service,No internet service,Month-to-month,No,Electronic check,44.6,1934.59,3,No
CUST02460,Female,0,No,No,46,Yes,Yes,Fiber optic,Yes,Yes,No internet service,One year,No,Bank transfer,110.76,5135.95,2,No
CUST02461,Female,0,Yes,No,18,Yes,No,No,Yes,Yes,No internet service,Month-to-month,Yes,Bank transfer,55.72,1018.9,1,Yes
CUST02462,Female,0,No,No,47,Yes,Yes,DSL,Yes,No internet service,No,Month-to-month,Yes,Bank transfer,99.5,4680.4,3,Yes
CUST02463,Male,0,No,Yes,68,Yes,Yes,DSL,Yes,No,No,Month-to-month,Yes,Credit card,21.23,1452.69,3,No
CUST02464,Female,0,No,No,10,Yes,No phone service,Fiber optic,No,No internet service,No internet service,Month-to-month,Yes,Mailed check,41.68,464.24,2,No
CUST02465,Male,0,Yes,No,28,No,Yes,DSL,No internet service,Yes,No,Two year,No,Electronic check,53.25,1537.66,1,No
CUST02466,Male,0,No,Yes,44,Yes,Yes,No,No,No internet service,No,Month-to-month,Yes,Electronic check,86.5,3817.24,2,No
CUST02467,Female,0,No,No,67,Yes,No phone service,Fiber optic,Yes,Yes,Yes,One year,No,Bank transfer,50.57,3415.87,3,No
CUST02468,Male,0,No,No,35,Yes,No,Fiber optic,No internet service,No internet service,No,One year,No,Credit card,22.22,784.57,3,No
CUST02469,Male,0,Yes,Yes,47,Yes,No,Fiber optic,No internet service,No internet service,No internet service,Month-to-month,Yes,Credit card,35.73,1713.04,1,Yes
CUST02470,Female,0,No,Yes,14,Yes,No phone service,Fiber optic,No internet service,No internet service,No,Month-to-month,Yes,Electronic check,44.43,631.29,1,No
CUST02471,Female,1,No,Yes,43,Yes,No phone service,DSL,No,No,No internet service,One year,Yes,Bank transfer,35.96,1548.77,2,No
CUST02472,Female,0,No,Yes,66,Yes,Yes,No,No internet service,No internet service,No,Month-to-month,Yes,Electronic check,38.78,2600.72,3,No
CUST02473,Male,0,Yes,No,39,Yes,Yes,Fiber optic,Yes,No internet service,No internet service,Two year,No,Bank transfer,96.43,3777.04,2,No
CUST02474,Female,0,Yes,Yes,13,Yes,No,DSL,Yes,No,No,Two year,Yes,Bank transfer,60.03,785.82,2,No
CUST02475,Female,0,Yes,No,62,Yes,No,Fiber optic,No,No,No,Month-to-month,No,Mailed check,59.33,3720.16,2,No
CUST02476,Male,1,Yes,No,50,Yes,No phone service,DSL,No,Yes,No,Month-to-month,No,Bank transfer,116.59,5867.62,2,Yes
CUST02477,Female,0,No,Yes,57,Yes,Yes,DSL,Yes,Yes,No internet service,Month-to-month,Yes,Mailed check,63.56,3657.11,0,No
CUST02478,Female,0,No,No,14,Yes,No phone service,Fiber optic,No,No internet service,Yes,One year,No,Electronic check,112.62,1622.24,4,Yes
CUST02479,Female,0,Yes,No,64,Yes,No,Fiber optic,No internet service,Yes,No internet service,Month-to-month,No,Electronic check,48.5,3128.46,1,Yes
CUST02480,Male,0,Yes,No,54,Yes,No,Fiber optic,No,No internet service,No,Month-to-month,No,Credit card,58.86,3184.84,1,No
CUST02481,Male,0,No,Yes,9,Yes,No phone service,DSL,No internet service,No,No internet service,Month-to-month,Yes,Mailed check,58.42,528.85,2,Yes
CUST02482,Male,0,No,Yes,41,No,Yes,Fiber optic,No internet service,No,No,Two year,Yes,Electronic check,73.7,3037.62,1,No
CUST02483,Male,0,Yes,No,10,Yes,Yes,DSL,No internet service,No internet service,No,Month-to-month,Yes,Mailed check,77.59,780.24,1,No
CUST02484,Female,0,Yes,No,15,Yes,No phone service,Fiber optic,No internet service,Yes,Yes,Month-to-month,Yes,Electronic check,43.31,676.43,1,Yes
CUST02485,Male,0,Yes,No,72,Yes,No,Fiber optic,No internet service,Yes,No,Two year,No,Mailed check,98.95,,2,No
CUST02486,Male,1,Yes,No,18,Yes,No phone service,Fiber optic,Yes,Yes,No,One year,No,Mailed check,68.65,1257.89,3,No
CUST02487,Female,0,No,Yes,30,Yes,No phone service,No,Yes,No internet service,No,One year,No,Bank transfer,18.72,570.52,1,No
CUST02488,Female,0,Yes,No,72,No,Yes,No,Yes,Yes,Yes,One year,Yes,Electronic check,78.32,5657.45,1,No
CUST02489,Female,0,Yes,Yes,52,Yes,No,No,No internet service,No,No internet service,Two year,Yes,Credit card,99.4,5202.55,3,No
CUST02490,Male,1,No,Yes,7,Yes,No,No,No,No,Yes,One year,No,Bank transfer,43.55,322.4,2,No
CUST02491,Male,0,No,No,23,Yes,Yes,Fiber optic,No,No,No internet service,Two year,Yes,Credit card,21.86,519.85,1,No
CUST02492,Male,0,No,Yes,7,Yes,No,No,No internet service,No,No,One year,Yes,Mailed check,100.33,751.85,0,No
CUST02493,Female,0,No,No,47,Yes,No,No,No,No,No internet service,One year,Yes,Bank transfer,117.58,5562.2,1,Yes
CUST02494,Female,0,No,No,29,Yes,Yes,Fiber optic,No internet service,No,No internet service,Month-to-month,Yes,Mailed check,25.81,774.18,1,No
CUST02495,Male,0,Yes,Yes,57,No,No,DSL,No,No,No internet service,Month-to-month,No,Electronic check,113.68,6508.73,9,Yes
CUST02496,Female,0,Yes,No,54,Yes,No,DSL,No internet service,No,No internet service,One year,Yes,Electronic check,54.65,2982.11,3,No
CUST02497,Female,0,Yes,No,72,No,No phone service,No,No,No,No,Month-to-month,No,Credit card,114.03,8211.39,3,Yes
CUST02498,Female,0,No,No,61,Yes,No,Fiber optic,No,No internet service,Yes,One year,No,Electronic check,84.18,5138.99,0,No
CUST02499,Male,0,Yes,Yes,47,No,No phone service,No,Yes,No internet service,No internet service,Month-to-month,Yes,Credit card,108.8,5146.06,2,No
CUST02500,Female,0,No,No,3,Yes,No phone service,DSL,No,No,No,Two year,No,Mailed check,98.15,,2,Yes
CUST02501,Female,0,Yes,No,36,Yes,No phone service,Fiber optic,No,No,No,Month-to-month,Yes,Bank transfer,20.86,753.73,3,Yes
CUST02502,Male,0,Yes,No,7,Yes,Yes,Fiber optic,No internet service,No,No,Two year,No,Electronic check,24.68,187.64,0,No
CUST02503,Male,0,No,Yes,0,Yes,Yes,No,No,Yes,No,One year,Yes,Mailed check,71.63,6.51,3,No
CUST02504,Female,0,No,No,69,Yes,No,DSL,No,No internet service,No internet service,Month-to-month,No,Bank transfer,31.22,2200.0,2,No
CUST02505,Female,0,Yes,Yes,46,Yes,No phone service,No,No,No,Yes,Month-to-month,Yes,Mailed check,65.03,3001.53,2,Yes
CUST02506,Male,0,Yes,No,4,Yes,No,Fiber optic,No,No internet service,No,Month-to-month,No,Credit card,115.37,468.66,1,Yes
CUST02507,Male,0,Yes,Yes,49,Yes,No,DSL,No,No,Yes,Month-to-month,No,Mailed check,48.07,2386.74,3,No
CUST02508,Female,0,Yes,No,23,Yes,No,Fiber optic,Yes,Yes,Yes,Month-to-month,Yes,Credit card,67.87,1587.11,1,No
CUST02509,Female,0,Yes,No,46,Yes,No,DSL,No,No,Yes,Month-to-month,No,Credit card,57.19,2659.54,0,No
CUST02510,Female,0,No,Yes,17,Yes,No,DSL,No internet service,No internet service,No,Two year,Yes,Electronic check,82.24,1419.88,6,Yes
CUST02511,Female,0,No,Yes,27,Yes,No phone service,Fiber optic,No internet service,No internet service,No,Month-to-month,Yes,Credit card,37.77,1043.15,2,Yes
CUST02512,Male,0,No,No,4,Yes,No phone service,DSL,No,No internet service,No,One year,No,Credit card,44.51,216.98,3,No
CUST02513,Female,0,No,No,29,Yes,No phone service,DSL,No,No internet service,Yes,Month-to-month,No,Mailed check,105.59,3073.11,3,Yes
CUST02514,Female,0,Yes,No,0,No,No phone service,No,No,No,No,One year,Yes,Credit card,100.76,19.83,5,No
CUST02515,Male,0,Yes,No,45,Yes,Yes,Fiber optic,Yes,Yes,No,Month-to-month,Yes,Credit card,98.5,4480.39,0,Yes
CUST02516,Female,0,No,Yes,68,Yes,No phone service,Fiber optic,No internet service,Yes,Yes,One year,No,Mailed check,96.63,6580.34,1,No
CUST02517,Male,1,Yes,No,30,Yes,No phone service,DSL,Yes,No,No,One year,No,Bank transfer,64.86,1960.49,1,No
CUST02518,Female,1,No,No,69,Yes,No phone service,No,Yes,No,No internet service,One year,Yes,Electronic check,92.35,6381.73,2,No
CUST02519,Female,0,Yes,No,55,Yes,Yes,No,No,No internet service,No internet service,Month-to-month,Yes,Mailed check,57.49,3162.97,0,No
CUST02520,Male,0,Yes,No,27,Yes,No,Fiber optic,No,No,No internet service,One year,No,Credit card,28.27,776.78,2,No
CUST02521,Male,0,Yes,No,15,Yes,Yes,No,No internet service,Yes,No internet service,Month-to-month,No,Mailed check,58.12,874.12,1,No
CUST02522,Female,0,No,No,53,Yes,No phone service,No,No,No,Yes,Month-to-month,No,Bank transfer,34.18,1819.27,1,Yes
CUST02523,Female,0,No,Yes,52,Yes,No phone service,Fiber optic,No internet service,No,No,Month-to-month,Yes,Mailed check,57.87,3027.37,2,No
CUST02524,Female,0,No,No,11,Yes,Yes,Fiber optic,Yes,Yes,No internet service,Month-to-month,No,Mailed check,48.34,532.78,0,Yes
CUST02525,Male,0,No,No,19,Yes,No,DSL,No internet service,Yes,No internet service,Month-to-month,No,Mailed check,79.11,1540.74,0,Yes
CUST02526,Female,0,Yes,Yes,33,Yes,Yes,DSL,No internet service,No,No,One year,Yes,Mailed check,54.88,1850.82,1,No
CUST02527,Male,0,Yes,No,52,Yes,Yes,DSL,No internet service,No internet service,Yes,Month-to-month,Yes,Credit card,89.97,4699.01,2,No
CUST02528,Male,0,Yes,No,63,Yes,No phone service,DSL,Yes,No internet service,No internet service,Month-to-month,No,Mailed check,70.24,4474.35,2,No
CUST02529,Female,0,Yes,No,22,No,Yes,DSL,Yes,No internet service,No,Month-to-month,Yes,Bank transfer,111.79,2493.33,3,Yes
CUST02530,Male,0,No,No,26,Yes,Yes,No,No,Yes,No,One year,No,Mailed check,27.28,746.47,0,No
CUST02531,Female,0,Yes,No,16,No,Yes,DSL,No,Yes,No internet service,One year,No,Mailed check,88.15,1420.02,2,No
CUST02532,Female,0,Yes,Yes,47,No,Yes,No,No internet service,No internet service,No internet service,Month-to-month,No,Credit card,86.58,4111.13,1,No
CUST02533,Female,0,Yes,No,20,Yes,Yes,Fiber optic,No internet service,No,No,One year,No,Credit card,114.96,2346.45,3,Yes
CUST02534,Female,1,No,No,49,Yes,Yes,DSL,Yes,No,No,Month-to-month,Yes,Mailed check,55.9,2750.92,0,No
CUST02535,Female,0,No,No,39,Yes,No phone service,Fiber optic,Yes,No,No internet service,Month-to-month,Yes,Credit card,49.15,1951.17,2,Yes
CUST02536,Male,1,No,No,2,Yes,No phone service,DSL,Yes,Yes,No internet service,Month-to-month,No,Credit card,35.58,108.51,1,No
CUST02537,Male,1,Yes,Yes,16,Yes,No phone service,No,No internet service,Yes,No internet service,One year,Yes,Mailed check,45.06,736.22,1,No
CUST02538,Female,0,No,No,60,Yes,No phone service,No,No internet service,No internet service,No internet service,One year,Yes,Credit card,69.19,4175.15,1,No
CUST02539,Female,0,Yes,No,49,Yes,Yes,DSL,Yes,No,Yes,Month-to-month,Yes,Electronic check,103.45,5073.93,3,Yes
CUST02540,Male,0,Yes,No,5,Yes,Yes,No,No internet service,Yes,No,Month-to-month,Yes,Electronic check,47.0,243.65,0,No
CUST02541,Male,1,Yes,No,27,Yes,Yes,Fiber optic,Yes,Yes,No internet service,Month-to-month,No,Electronic check,34.09,923.51,0,Yes
CUST02542,Male,0,No,No,71,Yes,Yes,DSL,No,No internet service,No,One year,Yes,Credit card,45.76,3276.97,4,Yes
CUST02543,Male,0,No,No,54,Yes,No phone service,Fiber optic,Yes,No,No internet service,Two year,Yes,Electronic check,28.29,1558.92,1,No
CUST02544,Female,0,Yes,No,57,Yes,No phone service,Fiber optic,No internet service,Yes,Yes,Month-to-month,No,Bank transfer,112.52,6459.45,1,No
CUST02545,Female,0,Yes,No,44,Yes,Yes,DSL,No internet service,Yes,No,Month-to-month,No,Electronic check,107.01,4735.55,2,No
CUST02546,Male,0,No,No,71,Yes,Yes,Fiber optic,No internet service,Yes,Yes,One year,No,Bank transfer,49.47,3525.4,0,No
CUST02547,Female,0,No,No,18,Yes,Yes,DSL,No internet service,Yes,No,Two year,No,Credit card,43.19,780.39,0,No
CUST02548,Male,0,No,No,28,Yes,Yes,Fiber optic,Yes,No,Yes,Two year,No,Electronic check,110.35,3134.05,5,Yes
CUST02549,Female,1,Yes,No,22,No,No,DSL,Yes,No internet service,No internet service,One year,No,Bank transfer,18.18,423.9,1,No
CUST02550,Male,0,Yes,Yes,31,Yes,No,No,No,No,No internet service,Two year,Yes,Credit card,79.26,2493.93,1,No
CUST02551,Female,1,Yes,No,9,Yes,No,Fiber optic,Yes,No internet service,Yes,Month-to-month,No,Electronic check,111.43,1003.6,0,Yes
CUST02552,Male,0,No,Yes,48,Yes,No,DSL,No,Yes,No internet service,Month-to-month,Yes,Mailed check,69.87,3378.17,1,Yes
CUST02553,Male,0,No,No,64,Yes,Yes,DSL,Yes,No,Yes,Month-to-month,No,Electronic check,18.3,1187.49,0,No
CUST02554,Female,0,No,No,28,Yes,Yes,DSL,Yes,No internet service,Yes,One year,Yes,Electronic check,40.32,1130.48,1,No
CUST02555,Male,0,Yes,No,58,Yes,Yes,Fiber optic,No internet service,No internet service,No,Month-to-month,Yes,Electronic check,112.09,6540.0,0,Yes
CUST02556,Female,0,Yes,No,44,Yes,No,DSL,No,Yes,Yes,Month-to-month,Yes,Mailed check,19.74,894.21,0,No
CUST02557,Female,0,No,Yes,66,Yes,No,No,No internet service,No internet service,No,Month-to-month,Yes,Bank transfer,58.27,3862.48,0,No
CUST02558,Male,0,Yes,No,50,No,Yes,No,No internet service,No internet service,Yes,Month-to-month,No,Bank transfer,98.55,4967.79,1,No
CUST02559,Female,1,No,No,10,Yes,No,Fiber optic,Yes,No internet service,No,Two year,No,Mailed check,103.49,1057.25,1,No
CUST02560,Female,1,Yes,No,5,Yes,No phone service,DSL,Yes,Yes,No,Month-to-month,No,Electronic check,66.72,333.77,2,Yes
CUST02561,Female,0,No,Yes,66,Yes,No,Fiber optic,No,No,No internet service,Month-to-month,No,Electronic check,41.71,2800.08,0,Yes
CUST02562,Female,0,Yes,No,61,No,No,Fiber optic,No,Yes,No,One year,Yes,Electronic check,79.17,4842.15,2,No
CUST02563,Female,0,Yes,No,4,Yes,No,Fiber optic,Yes,No internet service,No,Month-to-month,No,Bank transfer,44.91,221.17,2,Yes
CUST02564,Male,0,No,No,8,Yes,No,Fiber optic,No,No internet service,Yes,One year,Yes,Bank transfer,44.04,393.14,3,No
CUST02565,Female,1,No,No,27,Yes,Yes,Fiber optic,Yes,No,No,Two year,No,Mailed check,100.38,2718.38,0,No
CUST02566,Female,0,No,No,37,Yes,No phone service,Fiber optic,Yes,No internet service,No internet service,Two year,Yes,Credit card,33.74,1272.08,1,No
CUST02567,Female,0,No,No,42,Yes,Yes,No,Yes,No,Yes,Two year,Yes,Mailed check,18.56,781.53,0,No
CUST02568,Female,1,No,No,20,Yes,No,DSL,No,No internet service,No,Month-to-month,No,Bank transfer,52.35,1064.73,1,Yes
CUST02569,Female,0,Yes,No,61,Yes,No,Fiber optic,No internet service,No internet service,Yes,One year,No,Electronic check,68.08,4189.43,3,No
CUST02570,Male,1,No,Yes,45,Yes,No,Fiber optic,No,Yes,Yes,Month-to-month,No,Electronic check,89.92,4058.25,1,Yes
CUST02571,Female,0,No,No,69,Yes,No,DSL,No internet service,Yes,Yes,Month-to-month,No,Electronic check,97.67,6745.09,1,No
CUST02572,Male,0,No,No,37,Yes,No,Fiber optic,No,No,Yes,Month-to-month,Yes,Electronic check,85.68,3195.52,1,No
CUST02573,Male,0,Yes,Yes,48,Yes,No phone service,No,No internet service,Yes,Yes,Month-to-month,No,Credit card,81.9,3958.05,0,No
CUST02574,Male,0,No,Yes,38,Yes,Yes,Fiber optic,No internet service,No,No,Two year,No,Mailed check,85.91,3298.37,2,No
CUST02575,Male,0,No,No,70,Yes,No,DSL,No,Yes,Yes,Month-to-month,Yes,Mailed check,45.7,3236.96,2,No
CUST02576,Female,0,No,Yes,29,Yes,No phone service,DSL,No,No,Yes,One year,Yes,Bank transfer,57.0,1687.79,2,No
CUST02577,Male,0,Yes,No,20,Yes,Yes,DSL,No internet service,No internet service,No internet service,Month-to-month,Yes,Mailed check,80.88,1659.87,1,Yes
CUST02578,Male,0,Yes,Yes,0,Yes,Yes,DSL,Yes,No,No internet service,Month-to-month,No,Credit card,24.69,11.15,3,Yes
CUST02579,Female,0,No,No,31,Yes,Yes,No,No internet service,Yes,Yes,Two year,Yes,Credit card,48.12,1520.21,3,No
CUST02580,Female,0,Yes,Yes,7,Yes,No,Fiber optic,No internet service,No,No,Month-to-month,Yes,Credit card,59.45,434.15,1,Yes
CUST02581,Female,0,No,Yes,68,Yes,No,DSL,Yes,Yes,No internet service,One year,Yes,Electronic check,72.41,4971.99,2,No
CUST02582,Male,0,Yes,No,29,Yes,No phone service,No,No internet service,No internet service,No internet service,Month-to-month,Yes,Bank transfer,67.62,1982.99,3,No
CUST02583,Female,0,No,No,7,Yes,No phone service,Fiber optic,Yes,Yes,Yes,Month-to-month,No,Credit card,91.25,686.74,5,No
CUST02584,Female,0,Yes,Yes,18,Yes,Yes,DSL,Yes,No internet service,No,Month-to-month,No,Mailed check,66.29,1231.67,4,Yes
CUST02585,Male,0,No,No,58,Yes,No,Fiber optic,No,No internet service,No,Two year,Yes,Mailed check,110.22,,1,Yes
CUST02586,Female,0,No,No,54,Yes,Yes,DSL,No internet service,Yes,No internet service,Month-to-month,Yes,Mailed check,56.79,3091.24,0,No
CUST02587,Female,0,Yes,No,29,Yes,Yes,No,No internet service,No internet service,No internet service,Month-to-month,Yes,Credit card,71.59,2098.28,1,Yes
CUST02588,Female,0,No,No,35,No,No phone service,Fiber optic,Yes,Yes,No internet service,Month-to-month,No,Credit card,18.33,667.88,1,Yes
CUST02589,Female,1,No,No,54,Yes,No,No,No internet service,No,No internet service,One year,Yes,Mailed check,49.67,2696.86,3,No
CUST02590,Male,0,No,No,43,Yes,No phone service,DSL,Yes,No internet service,No internet service,One year,Yes,Credit card,106.39,4620.0,1,No
CUST02591,Female,0,No,No,26,Yes,No,No,No internet service,No,Yes,One year,No,Mailed check,52.02,1392.24,2,No
CUST02592,Female,0,Yes,Yes,53,Yes,Yes,DSL,No internet service,No,Yes,Month-to-month,Yes,Electronic check,43.83,2363.06,2,Yes
CUST02593,Male,0,No,No,47,Yes,Yes,No,Yes,Yes,Yes,Two year,No,Credit card,73.44,3473.34,0,No
CUST02594,Female,1,Yes,No,29,Yes,Yes,No,Yes,Yes,No internet service,One year,Yes,Electronic check,26.03,758.42,1,No
CUST02595,Male,0,Yes,No,38,Yes,No,Fiber optic,No internet service,No internet service,Yes,Two year,No,Electronic check,72.22,2778.51,1,No
CUST02596,Female,0,Yes,No,12,Yes,Yes,Fiber optic,No internet service,Yes,No internet service,Two year,Yes,Credit card,48.97,606.36,1,No
CUST02597,Male,0,Yes,No,15,Yes,No,Fiber optic,Yes,No,No,One year,Yes,Mailed check,57.08,899.72,0,No
CUST02598,Male,0,No,No,43,Yes,No,No,No,No,No,Month-to-month,Yes,Bank transfer,98.72,4283.98,0,Yes
CUST02599,Male,0,No,No,70,Yes,No phone service,DSL,No,No,Yes,Two year,No,Electronic check,85.52,5993.67,1,No
CUST02600,Male,0,Yes,No,26,Yes,Yes,Fiber optic,No internet service,No internet service,No,Two year,No,Credit card,63.5,1681.09,2,No
CUST02601,Female,0,No,No,44,Yes,No phone service,No,No internet service,Yes,No,Month-to-month,Yes,Electronic check,76.91,3418.65,0,No
CUST02602,Male,0,Yes,No,34,Yes,No,Fiber optic,No internet service,No,No,Month-to-month,No,Mailed check,96.22,3299.89,1,Yes
CUST02603,Female,0,No,No,27,Yes,Yes,Fiber optic,Yes,No internet service,Yes,Two year,No,Credit card,94.07,2565.59,2,No
CUST02604,Male,0,No,Yes,6,Yes,Yes,No,No internet service,Yes,No,Month-to-month,No,Bank transfer,36.9,232.79,2,No
CUST02605,Male,0,No,No,61,Yes,No,DSL,No internet service,Yes,Yes,Two year,No,Credit card,48.69,2981.89,0,No
CUST02606,Male,0,Yes,No,50,Yes,Yes,Fiber optic,No internet service,No,No internet service,Month-to-month,Yes,Electronic check,53.52,2714.4,2,No
CUST02607,Female,1,Yes,No,45,Yes,No,DSL,No,No internet service,No internet service,Month-to-month,No,Credit card,37.13,1671.78,1,No
CUST02608,Male,0,No,Yes,19,No,Yes,DSL,No internet service,No,Yes,Month-to-month,Yes,Credit card,19.24,404.51,1,Yes
CUST02609,Female,1,Yes,No,37,Yes,Yes,Fiber optic,No internet service,No,Yes,Month-to-month,Yes,Electronic check,35.74,1348.72,1,Yes
CUST02610,Female,0,Yes,No,60,No,No,Fiber optic,Yes,No internet service,No,Month-to-month,Yes,Bank transfer,100.44,6073.21,3,Yes
CUST02611,Female,0,No,No,31,Yes,No phone service,Fiber optic,No,No,No internet service,Month-to-month,No,Mailed check,73.68,2333.95,0,Yes
CUST02612,Female,0,Yes,No,25,Yes,No,Fiber optic,Yes,No internet service,No,One year,No,Credit card,52.85,1354.42,2,No
CUST02613,Female,0,No,No,57,No,Yes,DSL,No internet service,No internet service,No internet service,Two year,No,Bank transfer,80.05,4583.46,0,No
CUST02614,Female,0,No,Yes,38,Yes,No,DSL,No internet service,No,No,Month-to-month,No,Mailed check,93.46,3575.23,1,No
CUST02615,Female,0,No,Yes,19,Yes,No,Fiber optic,No internet service,No,No,Month-to-month,No,Electronic check,54.15,1039.06,1,Yes
CUST02616,Female,0,Yes,No,49,Yes,No,Fiber optic,No internet service,Yes,No internet service,Month-to-month,Yes,Bank transfer,65.54,3216.42,1,No
CUST02617,Female,1,No,No,51,Yes,Yes,Fiber optic,No internet service,Yes,No,Month-to-month,Yes,Bank transfer,24.55,1280.99,4,Yes
CUST02618,Male,0,No,Yes,21,Yes,No phone service,Fiber optic,Yes,No internet service,No internet service,Month-to-month,Yes,Credit card,78.9,1697.17,2,Yes
CUST02619,Male,0,Yes,Yes,52,Yes,No phone service,No,No internet service,No internet service,Yes,Month-to-month,Yes,Electronic check,54.35,2839.29,2,No
CUST02620,Male,0,Yes,Yes,65,Yes,Yes,Fiber optic,No internet service,No internet service,No,Month-to-month,Yes,Credit card,62.22,4065.28,2,No
CUST02621,Male,0,Yes,No,42,Yes,No phone service,DSL,No,Yes,No internet service,Month-to-month,Yes,Electronic check,61.11,2594.36,1,No
CUST02622,Male,0,Yes,Yes,22,Yes,No,No,No,No,No internet service,Month-to-month,No,Mailed check,82.51,1860.61,6,Yes
CUST02623,Female,0,No,No,63,Yes,No,No,No internet service,No,No,One year,No,Credit card,76.39,4819.5,1,No
CUST02624,Female,1,Yes,No,8,No,No phone service,Fiber optic,No internet service,Yes,No internet service,Month-to-month,No,Electronic check,61.05,500.24,3,Yes
CUST02625,Female,0,Yes,Yes,6,Yes,No phone service,No,No internet service,No,No,Two year,No,Electronic check,19.73,164.31,2,No
CUST02626,Female,0,Yes,No,40,Yes,No phone service,Fiber optic,No internet service,No,No,Two year,Yes,Bank transfer,81.34,3255.58,1,Yes
CUST02627,Female,0,Yes,Yes,53,Yes,No,Fiber optic,No internet service,No,Yes,Two year,No,Credit card,107.72,5741.97,1,No
CUST02628,Female,1,No,No,64,Yes,No,DSL,No internet service,Yes,Yes,Two year,Yes,Credit card,96.49,6207.34,1,No
CUST02629,Female,0,Yes,Yes,1,Yes,Yes,Fiber optic,Yes,No internet service,Yes,Month-to-month,Yes,Mailed check,118.12,137.28,1,Yes
CUST02630,Male,0,No,No,3,No,Yes,DSL,Yes,No,No,Month-to-month,No,Electronic check,32.19,119.98,0,No
CUST02631,Male,0,Yes,No,31,Yes,No,DSL,Yes,No,No,Month-to-month,Yes,Bank transfer,40.7,1304.45,4,Yes
CUST02632,Male,0,No,Yes,1,Yes,No,DSL,No,No internet service,No internet service,Two year,Yes,Electronic check,73.01,81.26,0,No
CUST02633,Male,0,No,Yes,63,No,Yes,DSL,No internet service,No,Yes,Two year,Yes,Electronic check,42.06,2661.36,1,No
CUST02634,Female,0,Yes,No,13,No,Yes,Fiber optic,No,No,Yes,Two year,No,Electronic check,21.52,305.38,1,No
CUST02635,Female,0,No,Yes,19,Yes,No,Fiber optic,No,No internet service,No internet service,Month-to-month,No,Credit card,59.03,1142.06,3,Yes
CUST02636,Female,0,Yes,No,48,Yes,No phone service,DSL,No,Yes,Yes,One year,Yes,Electronic check,47.34,2301.04,2,Yes
CUST02637,Male,0,No,No,7,Yes,No,No,Yes,Yes,Yes,Month-to-month,No,Mailed check,44.9,360.34,1,No
CUST02638,Female,0,No,No,62,Yes,No phone service,DSL,No internet service,No,Yes,Month-to-month,Yes,Bank transfer,115.22,7189.5,2,Yes
CUST02639,Female,0,No,No,45,Yes,No,Fiber optic,No internet service,No,No internet service,One year,Yes,Bank transfer,42.32,1915.9,1,No
CUST02640,Female,0,Yes,No,20,Yes,Yes,DSL,No,No internet service,Yes,Month-to-month,Yes,Electronic check,31.2,639.11,0,Yes
CUST02641,Male,0,No,No,31,Yes,Yes,DSL,Yes,No internet service,No,Two year,No,Bank transfer,30.78,962.28,1,No
CUST02642,Female,0,Yes,No,7,Yes,Yes,DSL,No,No,Yes,Month-to-month,Yes,Electronic check,100.25,748.14,0,Yes
CUST02643,Male,0,No,Yes,15,Yes,No,Fiber optic,No,No,No,Two year,Yes,Credit card,90.91,1383.54,3,Yes
CUST02644,Male,0,No,Yes,39,No,No,Fiber optic,No internet service,Yes,Yes,Month-to-month,Yes,Bank transfer,31.21,1239.68,1,No
CUST02645,Male,1,No,No,26,Yes,No,DSL,Yes,Yes,No,Two year,Yes,Credit card,40.41,1090.79,2,No
CUST02646,Male,0,No,No,17,Yes,No phone service,Fiber optic,No internet service,Yes,Yes,Two year,No,Credit card,94.23,1627.56,2,No
CUST02647,Female,0,No,No,34,Yes,No,DSL,No,Yes,No,Two year,Yes,Mailed check,46.01,1570.33,5,No
CUST02648,Male,0,No,Yes,51,Yes,No phone service,No,No internet service,No internet service,No,Month-to-month,Yes,Mailed check,118.12,6046.01,2,No
CUST02649,Male,0,Yes,No,14,No,No phone service,Fiber optic,No,Yes,Yes,Two year,Yes,Bank transfer,73.14,1055.49,0,No
CUST02650,Female,0,Yes,Yes,62,Yes,No phone service,DSL,Yes,Yes,No internet service,Month-to-month,Yes,Electronic check,37.58,2365.92,2,Yes
CUST02651,Female,0,Yes,Yes,52,Yes,Yes,Fiber optic,No internet service,No,Yes,Month-to-month,No,Electronic check,105.6,5523.47,1,Yes
CUST02652,Male,0,No,No,65,No,No phone service,No,No internet service,Yes,No internet service,Month-to-month,Yes,Electronic check,50.59,3294.31,4,Yes
CUST02653,Female,0,Yes,Yes,30,No,No phone service,Fiber optic,No internet service,No,No internet service,Two year,Yes,Electronic check,47.46,1439.02,0,Yes
CUST02654,Male,0,No,No,60,Yes,Yes,Fiber optic,No internet service,No,No internet service,Month-to-month,Yes,Mailed check,51.4,3120.68,1,No
CUST02655,Male,0,Yes,No,63,Yes,No phone service,Fiber optic,No internet service,Yes,No internet service,Two year,Yes,Electronic check,96.36,6114.69,3,No
CUST02656,Male,0,Yes,No,33,Yes,No,Fiber optic,Yes,Yes,No internet service,One year,No,Electronic check,35.67,1179.47,1,No
CUST02657,Male,0,No,No,54,Yes,No,No,Yes,No,No internet service,Month-to-month,No,Credit card,56.94,3076.87,1,No
CUST02658,Female,1,No,Yes,58,No,Yes,No,No internet service,No internet service,Yes,Two year,No,Electronic check,21.14,1258.29,1,No
CUST02659,Male,1,Yes,Yes,2,Yes,Yes,Fiber optic,No,No,No,Month-to-month,Yes,Electronic check,102.32,232.04,2,Yes
CUST02660,Female,0,Yes,No,16,Yes,No phone service,Fiber optic,No,No internet service,No,Two year,No,Mailed check,52.75,851.77,0,No
CUST02661,Female,0,Yes,No,45,Yes,No phone service,Fiber optic,No internet service,No internet service,Yes,Month-to-month,No,Bank transfer,43.31,1976.36,2,Yes
CUST02662,Female,0,Yes,No,37,Yes,No phone service,Fiber optic,No internet service,Yes,Yes,Month-to-month,Yes,Credit card,77.15,2903.27,3,Yes
CUST02663,Female,0,No,Yes,34,Yes,Yes,No,Yes,Yes,Yes,Month-to-month,No,Credit card,89.91,3088.49,2,No
CUST02664,Male,0,Yes,No,0,Yes,No phone service,Fiber optic,Yes,Yes,No internet service,Month-to-month,No,Bank transfer,100.92,22.46,0,No
CUST02665,Female,0,No,No,28,Yes,No,Fiber optic,No internet service,Yes,No internet service,Month-to-month,Yes,Credit card,53.47,1538.54,1,Yes
CUST02666,Male,0,No,No,3,No,No,DSL,No internet service,No,No,Month-to-month,Yes,Electronic check,100.85,313.19,0,Yes
CUST02667,Female,0,Yes,No,60,Yes,No phone service,Fiber optic,No,No internet service,Yes,Month-to-month,No,Electronic check,65.42,3945.92,1,No
CUST02668,Female,0,No,Yes,16,Yes,Yes,No,Yes,No,No,Month-to-month,Yes,Bank transfer,28.32,479.51,2,No
CUST02669,Male,0,Yes,Yes,27,Yes,No,Fiber optic,No internet service,No internet service,No,Month-to-month,No,Mailed check,104.32,,2,Yes
CUST02670,Male,0,No,No,49,Yes,Yes,DSL,Yes,No,No internet service,One year,No,Mailed check,73.86,,3,No
CUST02671,Male,0,No,No,7,Yes,No,DSL,No internet service,No internet service,No internet service,One year,No,Credit card,79.45,570.78,0,No
CUST02672,Female,1,Yes,Yes,33,Yes,No phone service,Fiber optic,No internet service,Yes,No,Two year,Yes,Mailed check,113.62,3752.29,4,No
CUST02673,Female,0,No,No,58,Yes,No phone service,No,No internet service,No internet service,No internet service,One year,Yes,Mailed check,75.03,4397.56,0,No
CUST02674,Male,0,No,Yes,17,Yes,Yes,No,No internet service,Yes,No internet service,One year,Yes,Mailed check,18.57,326.54,2,No
CUST02675,Male,1,Yes,Yes,58,Yes,No phone service,No,No,No internet service,No internet service,One year,No,Mailed check,106.8,6213.35,1,No
CUST02676,Male,1,No,No,26,Yes,Yes,Fiber optic,No internet service,No,No,Month-to-month,No,Mailed check,47.04,1249.58,1,No
CUST02677,Male,0,No,Yes,15,Yes,Yes,Fiber optic,No,No internet service,No,One year,No,Mailed check,69.18,1086.49,0,No
CUST02678,Female,0,Yes,No,9,Yes,No,Fiber optic,No,No,No,Month-to-month,Yes,Mailed check,38.9,376.86,0,Yes
CUST02679,Male,0,Yes,No,21,Yes,No,Fiber optic,No internet service,No,Yes,Two year,No,Credit card,48.29,1036.48,2,No
CUST02680,Male,0,No,Yes,15,Yes,No phone service,Fiber optic,Yes,Yes,No,One year,No,Electronic check,88.04,1349.78,0,No
CUST02681,Male,0,No,Yes,11,Yes,Yes,Fiber optic,Yes,No internet service,No internet service,Month-to-month,Yes,Mailed check,61.82,728.56,1,Yes
CUST02682,Male,0,No,No,50,Yes,No,Fiber optic,No internet service,No,No,One year,Yes,Electronic check,81.97,4139.4,0,Yes
CUST02683,Female,0,Yes,Yes,0,Yes,No phone service,DSL,No internet service,No internet service,Yes,Month-to-month,No,Bank transfer,102.0,8.45,1,No
CUST02684,Male,0,No,No,26,Yes,No phone service,DSL,No internet service,Yes,No internet service,Month-to-month,No,Electronic check,52.76,1411.92,3,Yes
CUST02685,Female,0,No,No,66,Yes,No,No,Yes,Yes,No,Month-to-month,No,Bank transfer,75.97,5056.07,1,No
CUST02686,Male,0,No,No,11,Yes,No phone service,No,Yes,No internet service,No,One year,Yes,Credit card,97.31,1104.94,2,Yes
CUST02687,Male,0,No,No,29,Yes,No,Fiber optic,No internet service,No,No internet service,One year,Yes,Electronic check,90.94,2670.12,2,No
CUST02688,Female,0,No,Yes,8,Yes,Yes,DSL,Yes,No,No,Two year,No,Bank transfer,73.06,606.52,0,Yes
CUST02689,Male,0,No,Yes,52,Yes,No phone service,No,No,No,Yes,Month-to-month,No,Electronic check,57.11,3001.8,0,No
CUST02690,Female,0,Yes,Yes,60,Yes,Yes,Fiber optic,Yes,No internet service,No internet service,Month-to-month,No,Credit card,59.57,3611.08,1,No
CUST02691,Female,0,Yes,No,53,Yes,No,Fiber optic,Yes,No,No,One year,No,Electronic check,62.18,3301.68,2,No
CUST02692,Male,1,No,No,36,Yes,Yes,Fiber optic,No internet service,No,No internet service,Month-to-month,Yes,Bank transfer,53.58,1941.75,3,No
CUST02693,Female,0,No,Yes,64,No,No,Fiber optic,No,No,No,One year,No,Mailed check,89.31,5725.54,1,No
CUST02694,Female,0,Yes,Yes,41,Yes,No phone service,Fiber optic,No internet service,Yes,No,Month-to-month,Yes,Mailed check,30.79,1304.45,1,Yes
CUST02695,Female,0,Yes,No,48,Yes,No phone service,No,Yes,No,No internet service,Month-to-month,Yes,Mailed check,116.68,5634.64,4,Yes
CUST02696,Female,0,Yes,No,3,Yes,No phone service,DSL,No,No internet service,No,Month-to-month,Yes,Credit card,97.46,314.92,1,Yes
CUST02697,Female,0,No,No,63,Yes,Yes,DSL,No internet service,No internet service,No,One year,No,Mailed check,48.41,3091.13,0,No
CUST02698,Female,0,No,No,50,Yes,Yes,DSL,Yes,No,No internet service,Month-to-month,No,Credit card,22.34,1152.84,3,Yes
CUST02699,Female,0,No,No,71,Yes,Yes,DSL,No,No internet service,No,Month-to-month,Yes,Mailed check,90.55,6474.73,1,No
CUST02700,Female,0,No,No,59,Yes,No,DSL,No internet service,No internet service,No,Month-to-month,Yes,Credit card,92.9,5484.94,0,No
CUST02701,Male,1,Yes,No,30,Yes,No phone service,DSL,No,No,No internet service,Month-to-month,No,Credit card,116.29,3514.16,2,No
CUST02702,Male,0,Yes,No,71,Yes,Yes,DSL,Yes,Yes,Yes,Month-to-month,No,Electronic check,43.88,,0,No
CUST02703,Female,0,Yes,No,57,No,No,DSL,No internet service,No,Yes,Month-to-month,No,Mailed check,26.44,1517.45,1,Yes
CUST02704,Male,1,Yes,Yes,3,Yes,Yes,DSL,Yes,No internet service,Yes,One year,Yes,Electronic check,111.34,350.38,1,No
CUST02705,Female,0,No,Yes,21,No,No,DSL,No,No internet service,Yes,Month-to-month,Yes,Bank transfer,44.38,952.93,1,No
CUST02706,Female,0,No,No,2,Yes,No phone service,Fiber optic,Yes,No,Yes,One year,Yes,Mailed check,91.6,222.92,2,Yes
CUST02707,Male,0,Yes,No,46,Yes,Yes,Fiber optic,No,No internet service,Yes,One year,Yes,Mailed check,24.19,1137.42,2,No
CUST02708,Female,0,Yes,No,37,No,No phone service,DSL,No internet service,Yes,No internet service,Month-to-month,Yes,Mailed check,95.58,3561.1,3,No
CUST02709,Female,0,Yes,Yes,32,Yes,Yes,Fiber optic,Yes,No,No internet service,Month-to-month,Yes,Mailed check,30.96,1012.26,0,No
CUST02710,Female,0,Yes,No,47,Yes,No,No,No internet service,No internet service,No internet service,Two year,Yes,Electronic check,88.95,4192.08,0,No
CUST02711,Female,0,Yes,No,64,Yes,No phone service,No,No internet service,Yes,No,Month-to-month,Yes,Electronic check,72.3,4673.35,3,No
CUST02712,Male,0,No,Yes,25,Yes,Yes,DSL,No internet service,No internet service,Yes,Month-to-month,No,Credit card,115.46,2902.39,0,Yes
CUST02713,Female,0,No,No,7,No,Yes,Fiber optic,No internet service,Yes,Yes,Month-to-month,Yes,Electronic check,21.77,180.76,1,Yes
CUST02714,Female,0,Yes,No,49,Yes,No phone service,Fiber optic,Yes,No internet service,No internet service,One year,Yes,Credit card,47.79,2349.15,1,No
CUST02715,Female,0,Yes,No,37,Yes,No,DSL,Yes,No,No,One year,No,Bank transfer,25.09,950.04,4,No
CUST02716,Male,0,Yes,No,9,Yes,No phone service,DSL,No internet service,No internet service,No,Two year,No,Electronic check,107.68,1014.31,5,No
CUST02717,Female,0,No,No,41,Yes,Yes,DSL,No internet service,No,No internet service,Two year,No,Credit card,78.58,3271.55,0,No
CUST02718,Male,0,No,No,36,Yes,No phone service,Fiber optic,No,Yes,Yes,Month-to-month,No,Mailed check,72.57,2630.61,2,Yes
CUST02719,Male,0,No,No,25,Yes,No phone service,Fiber optic,No internet service,Yes,No,Month-to-month,No,Bank transfer,31.41,792.95,1,Yes
CUST02720,Female,0,Yes,No,11,Yes,No,Fiber optic,No,No internet service,Yes,Month-to-month,No,Credit card,67.88,762.4,0,Yes
CUST02721,Female,0,No,No,48,Yes,No,DSL,No,No,No,Month-to-month,No,Bank transfer,58.67,2832.52,1,No
CUST02722,Male,0,Yes,No,13,Yes,No phone service,DSL,No internet service,No,Yes,Month-to-month,No,Mailed check,50.21,684.96,4,Yes
CUST02723,Female,1,No,Yes,45,Yes,No,DSL,Yes,Yes,No,Month-to-month,Yes,Mailed check,96.76,4379.01,3,No
CUST02724,Male,0,No,No,34,Yes,No,Fiber optic,No,Yes,Yes,Month-to-month,Yes,Credit card,24.25,862.92,3,Yes
CUST02725,Male,0,No,No,28,Yes,Yes,No,Yes,No internet service,Yes,Month-to-month,No,Credit card,83.96,2385.95,1,Yes
CUST02726,Female,0,Yes,No,11,Yes,No,Fiber optic,No internet service,Yes,Yes,Month-to-month,Yes,Mailed check,101.95,1134.02,5,Yes
CUST02727,Female,0,Yes,No,43,Yes,No phone service,No,No internet service,Yes,No internet service,Two year,No,Credit card,110.55,4792.86,3,No
CUST02728,Male,0,No,Yes,65,Yes,No phone service,Fiber optic,No internet service,No,Yes,One year,Yes,Mailed check,94.08,6157.57,1,No
CUST02729,Male,0,Yes,No,1,Yes,Yes,Fiber optic,No internet service,No,Yes,Two year,Yes,Electronic check,46.81,76.73,2,Yes
CUST02730,Male,0,Yes,Yes,58,Yes,Yes,Fiber optic,No,No,No,Month-to-month,No,Credit card,79.25,4642.88,2,No
CUST02731,Male,0,Yes,Yes,16,Yes,Yes,Fiber optic,No,Yes,No,Month-to-month,Yes,Bank transfer,32.42,557.87,1,No
CUST02732,Female,0,Yes,No,9,Yes,No phone service,Fiber optic,Yes,No internet service,No internet service,Month-to-month,No,Mailed check,29.94,299.23,0,No
CUST02733,Female,0,Yes,Yes,17,Yes,No phone service,No,Yes,No internet service,No,Month-to-month,No,Electronic check,83.14,1458.69,0,Yes
CUST02734,Female,1,Yes,No,21,Yes,No,Fiber optic,No,Yes,Yes,Month-to-month,No,Credit card,104.81,2231.03,0,Yes
CUST02735,Female,0,Yes,No,57,No,Yes,DSL,No internet service,No internet service,No internet service,Two year,Yes,Mailed check,24.86,1443.08,2,No
CUST02736,Female,0,No,No,52,Yes,No,Fiber optic,Yes,Yes,No internet service,Two year,No,Electronic check,28.81,1515.93,0,No
CUST02737,Male,0,Yes,No,0,No,No,No,No,No internet service,No internet service,Month-to-month,No,Credit card,75.69,44.14,0,Yes
CUST02738,Female,0,Yes,Yes,60,Yes,No phone service,Fiber optic,Yes,Yes,Yes,Month-to-month,No,Mailed check,40.26,2421.74,2,No
CUST02739,Female,0,No,Yes,30,Yes,No,Fiber optic,No,No,Yes,Month-to-month,No,Mailed check,80.41,2435.98,0,Yes
CUST02740,Female,0,No,No,30,Yes,Yes,DSL,No internet service,No internet service,No,Month-to-month,No,Mailed check,39.88,1223.27,0,Yes
CUST02741,Female,0,No,No,65,Yes,Yes,Fiber optic,No,No,No,Month-to-month,No,Credit card,29.88,1969.94,0,No
CUST02742,Female,0,No,No,18,Yes,No phone service,DSL,Yes,No,No,Month-to-month,No,Electronic check,73.65,1358.29,0,Yes
CUST02743,Male,0,Yes,No,52,Yes,No phone service,DSL,No,No internet service,No internet service,Month-to-month,Yes,Mailed check,105.94,5534.17,2,No
CUST02744,Male,0,No,Yes,21,Yes,No phone service,Fiber optic,Yes,Yes,Yes,Month-to-month,Yes,Electronic check,87.88,1858.32,2,Yes
CUST02745,Male,0,No,No,22,Yes,Yes,DSL,Yes,No,No,Month-to-month,Yes,Electronic check,101.51,2276.07,0,No
CUST02746,Female,1,Yes,No,14,Yes,No phone service,Fiber optic,Yes,No,Yes,Month-to-month,Yes,Bank transfer,45.17,665.26,2,No
CUST02747,Male,0,Yes,Yes,25,Yes,Yes,No,No internet service,Yes,No internet service,Month-to-month,No,Electronic check,108.37,2752.16,1,Yes
CUST02748,Male,0,Yes,Yes,2,Yes,No,DSL,No internet service,Yes,Yes,Two year,Yes,Electronic check,56.46,126.72,2,No
CUST02749,Female,0,No,Yes,19,Yes,No phone service,Fiber optic,No,No internet service,Yes,Month-to-month,No,Electronic check,104.95,2025.9,2,Yes
CUST02750,Female,1,Yes,Yes,39,Yes,No phone service,Fiber optic,No,No internet service,No internet service,Two year,Yes,Electronic check,66.06,2612.05,1,No
CUST02751,Female,0,No,No,38,Yes,No phone service,DSL,Yes,Yes,No,Two year,Yes,Electronic check,45.32,1741.33,0,No
CUST02752,Male,0,Yes,Yes,71,No,Yes,Fiber optic,No internet service,No,Yes,Two year,Yes,Credit card,44.55,3203.66,3,No
CUST02753,Male,0,Yes,Yes,17,Yes,No,Fiber optic,No,Yes,Yes,One year,Yes,Bank transfer,75.9,1290.43,3,No
CUST02754,Female,0,No,Yes,40,Yes,No phone service,Fiber optic,No,No internet service,No internet service,One year,Yes,Mailed check,26.06,1072.15,0,No
CUST02755,Female,0,Yes,No,69,Yes,No,No,No internet service,No,Yes,Two year,Yes,Bank transfer,112.87,7818.71,1,No
CUST02756,Male,0,Yes,No,26,Yes,No phone service,Fiber optic,Yes,No,Yes,Month-to-month,No,Bank transfer,45.69,1214.63,0,Yes
CUST02757,Male,1,Yes,Yes,14,Yes,Yes,No,No,No internet service,Yes,Month-to-month,Yes,Mailed check,52.23,,1,Yes
CUST02758,Female,0,Yes,No,36,Yes,No,Fiber optic,Yes,No,No internet service,Two year,Yes,Electronic check,41.8,1513.16,2,No
CUST02759,Female,0,Yes,Yes,57,No,No,DSL,No internet service,Yes,Yes,One year,No,Mailed check,18.31,1077.91,3,No
CUST02760,Male,0,No,No,4,Yes,No phone service,Fiber optic,No internet service,No internet service,No internet service,Two year,Yes,Electronic check,88.64,371.35,0,No
CUST02761,Female,0,No,Yes,72,Yes,No,DSL,No,No,No,One year,Yes,Mailed check,78.24,5655.88,1,No
CUST02762,Male,1,Yes,No,6,No,Yes,Fiber optic,No,No internet service,Yes,Two year,Yes,Credit card,100.58,620.14,0,No
CUST02763,Male,0,No,No,40,Yes,No,Fiber optic,No internet service,No,No internet service,One year,Yes,Bank transfer,22.18,910.9,2,Yes
CUST02764,Male,0,No,No,9,Yes,No,Fiber optic,Yes,Yes,No internet service,One year,No,Electronic check,112.72,1045.56,2,Yes
CUST02765,Male,0,No,Yes,61,Yes,No,DSL,Yes,No internet service,Yes,Month-to-month,Yes,Bank transfer,51.75,3198.67,1,No
CUST02766,Female,0,Yes,No,25,Yes,No,Fiber optic,No internet service,No,No internet service,Two year,No,Electronic check,111.13,2802.42,3,No
CUST02767,Female,0,Yes,No,67,Yes,No phone service,DSL,No,Yes,No,Two year,No,Mailed check,28.93,1954.47,0,No
CUST02768,Male,0,Yes,Yes,23,Yes,No phone service,Fiber optic,No internet service,Yes,No,Two year,Yes,Mailed check,93.88,2183.64,2,No
CUST02769,Male,0,No,No,40,Yes,No,Fiber optic,No,Yes,No,One year,No,Mailed check,77.09,3118.04,2,No
CUST02770,Male,1,No,Yes,64,Yes,No,No,Yes,No,No,Month-to-month,Yes,Credit card,54.54,3507.9,0,No
CUST02771,Male,0,Yes,Yes,16,Yes,Yes,DSL,No,No,No internet service,Month-to-month,Yes,Mailed check,26.07,437.83,3,Yes
CUST02772,Male,1,Yes,Yes,23,Yes,No phone service,Fiber optic,Yes,Yes,No internet service,Two year,Yes,Mailed check,79.68,1860.78,1,Yes
CUST02773,Female,0,No,No,26,Yes,No phone service,Fiber optic,No internet service,Yes,No,One year,Yes,Credit card,20.7,552.9,0,No
CUST02774,Female,0,No,No,6,Yes,No phone service,No,No,Yes,No,Month-to-month,No,Bank transfer,69.13,425.23,0,No
CUST02775,Female,0,Yes,No,72,No,No,Fiber optic,Yes,Yes,No,Month-to-month,Yes,Bank transfer,79.63,5740.38,2,No
CUST02776,Female,0,No,Yes,11,Yes,No phone service,DSL,No,Yes,No,Two year,No,Electronic check,92.72,1037.55,2,No
CUST02777,Male,0,No,No,2,Yes,Yes,Fiber optic,Yes,No,No,Two year,No,Bank transfer,119.12,240.66,4,Yes
CUST02778,Male,0,No,Yes,9,No,Yes,Fiber optic,Yes,No internet service,No internet service,Two year,Yes,Electronic check,44.53,429.94,1,No
CUST02779,Male,0,No,No,32,Yes,Yes,Fiber optic,No internet service,No internet service,No,One year,No,Electronic check,50.88,1636.96,0,Yes
CUST02780,Male,0,No,No,45,No,Yes,No,No internet service,No internet service,No,Month-to-month,No,Bank transfer,52.8,2394.87,2,Yes
CUST02781,Male,0,No,Yes,58,Yes,Yes,DSL,No,No,Yes,Month-to-month,Yes,Bank transfer,92.62,5385.42,1,No
CUST02782,Female,0,No,No,51,Yes,No phone service,No,Yes,No internet service,No internet service,Month-to-month,Yes,Credit card,113.05,5797.07,2,Yes
CUST02783,Male,0,Yes,No,5,Yes,No,DSL,No internet service,No internet service,No,Two year,Yes,Electronic check,117.38,629.42,0,No
CUST02784,Female,0,Yes,No,1,Yes,No,No,No,No internet service,No internet service,Month-to-month,Yes,Bank transfer,114.47,146.14,1,No
CUST02785,Female,0,No,No,28,Yes,No,No,No internet service,No internet service,Yes,One year,Yes,Bank transfer,107.7,3042.73,0,Yes
CUST02786,Female,0,No,No,39,Yes,No,Fiber optic,No,Yes,Yes,Month-to-month,Yes,Credit card,119.08,4677.57,4,Yes
CUST02787,Female,1,No,No,60,Yes,No phone service,Fiber optic,No internet service,No,No,Month-to-month,No,Bank transfer,56.35,3382.5,3,No
CUST02788,Male,0,Yes,No,67,Yes,No phone service,DSL,No internet service,No internet service,No,Two year,No,Mailed check,114.73,7693.05,3,No
CUST02789,Female,0,Yes,Yes,67,Yes,No phone service,DSL,Yes,Yes,No,Month-to-month,Yes,Mailed check,95.62,6411.29,1,No
CUST02790,Female,0,No,No,28,Yes,Yes,DSL,Yes,No internet service,No,One year,Yes,Electronic check,35.18,989.95,0,No
CUST02791,Female,0,Yes,No,61,Yes,No,DSL,No internet service,No internet service,Yes,Month-to-month,Yes,Credit card,22.64,1394.06,3,No
CUST02792,Male,0,No,Yes,59,No,No phone service,Fiber optic,Yes,No internet service,No internet service,Month-to-month,Yes,Bank transfer,39.88,2379.52,0,Yes
CUST02793,Male,0,No,Yes,40,Yes,No phone service,DSL,No internet service,No internet service,No,Month-to-month,Yes,Electronic check,97.43,3902.93,0,Yes
CUST02794,Male,1,No,No,64,Yes,No phone service,No,No,No internet service,No internet service,Month-to-month,No,Bank transfer,82.43,5322.28,1,No
CUST02795,Female,0,No,No,63,Yes,No,Fiber optic,No internet service,Yes,No,One year,Yes,Mailed check,40.88,2618.15,2,No
CUST02796,Female,0,No,No,62,Yes,No,Fiber optic,No internet service,No internet service,No,Month-to-month,Yes,Bank transfer,93.68,5856.74,0,Yes
CUST02797,Male,0,No,Yes,47,Yes,Yes,Fiber optic,No,Yes,Yes,Month-to-month,Yes,Bank transfer,32.41,1525.4,2,No
CUST02798,Female,0,No,No,19,Yes,Yes,DSL,No,No internet service,No,Month-to-month,No,Bank transfer,101.83,1977.34,0,Yes
CUST02799,Male,0,Yes,Yes,36,Yes,Yes,DSL,Yes,No,No,One year,No,Mailed check,99.0,3604.19,2,No
CUST02800,Male,0,No,No,63,Yes,No,DSL,No,Yes,No,Two year,Yes,Mailed check,117.2,7428.71,3,No
CUST02801,Female,0,Yes,No,4,Yes,Yes,Fiber optic,Yes,No internet service,Yes,Month-to-month,Yes,Credit card,33.33,159.72,1,Yes
CUST02802,Female,1,No,Yes,33,Yes,Yes,Fiber optic,No internet service,Yes,No internet service,One year,Yes,Mailed check,110.47,3684.9,0,Yes
CUST02803,Female,0,No,No,38,Yes,No phone service,DSL,No,No internet service,Yes,One year,Yes,Electronic check,52.79,2008.58,0,No
CUST02804,Female,0,Yes,No,66,Yes,No,No,No internet service,No internet service,No,One year,No,Bank transfer,60.44,3992.83,0,No
CUST02805,Male,0,Yes,No,61,Yes,Yes,DSL,Yes,Yes,No,Month-to-month,No,Mailed check,65.78,4018.51,2,No
CUST02806,Male,0,No,No,23,Yes,Yes,Fiber optic,No,No internet service,No,One year,No,Electronic check,81.94,1930.36,6,No
CUST02807,Male,0,Yes,No,2,Yes,No,Fiber optic,Yes,No internet service,No internet service,One year,Yes,Mailed check,119.47,242.0,1,Yes
CUST02808,Male,0,No,No,70,Yes,Yes,Fiber optic,Yes,No internet service,No internet service,One year,Yes,Bank transfer,79.2,5549.01,1,No
CUST02809,Male,0,No,Yes,66,Yes,No,No,No,No internet service,No,One year,No,Electronic check,112.53,7473.5,1,No
CUST02810,Female,0,Yes,Yes,49,Yes,No,Fiber optic,No,No internet service,No,Two year,Yes,Mailed check,44.01,2161.86,1,No
CUST02811,Male,0,Yes,Yes,28,Yes,No,Fiber optic,Yes,No internet service,No internet service,Month-to-month,No,Mailed check,58.64,1685.41,1,No
CUST02812,Male,1,Yes,No,31,Yes,Yes,DSL,No,Yes,Yes,Two year,Yes,Electronic check,69.46,2192.72,1,No
CUST02813,Male,0,Yes,No,38,Yes,Yes,No,Yes,No,Yes,Month-to-month,Yes,Credit card,50.94,1937.73,1,No
CUST02814,Female,1,No,No,8,Yes,Yes,Fiber optic,No internet service,No internet service,No internet service,One year,No,Electronic check,117.64,942.21,2,No
CUST02815,Female,1,Yes,No,13,Yes,No,DSL,No internet service,Yes,No internet service,Month-to-month,Yes,Electronic check,92.02,1222.98,0,Yes
CUST02816,Female,0,Yes,No,67,Yes,Yes,Fiber optic,No,No,No,Month-to-month,Yes,Electronic check,66.85,4528.81,4,No
CUST02817,Female,0,Yes,No,63,Yes,No phone service,DSL,No,Yes,No internet service,One year,Yes,Electronic check,94.63,6005.63,2,No
CUST02818,Male,0,Yes,No,19,Yes,No,DSL,No internet service,No,No internet service,One year,No,Mailed check,65.68,1263.42,0,No
CUST02819,Male,0,Yes,No,27,Yes,Yes,No,Yes,No,No,Month-to-month,Yes,Electronic check,19.76,552.84,1,No
CUST02820,Female,0,No,No,13,Yes,No,Fiber optic,Yes,No,No internet service,Month-to-month,Yes,Electronic check,73.41,973.73,1,Yes
CUST02821,Female,0,No,Yes,43,Yes,Yes,DSL,Yes,Yes,No,Month-to-month,No,Bank transfer,81.77,3552.82,1,Yes
CUST02822,Male,1,Yes,No,38,Yes,No,Fiber optic,No,No,Yes,Two year,Yes,Mailed check,118.08,4504.1,0,No
CUST02823,Male,0,Yes,Yes,27,Yes,No phone service,No,Yes,No internet service,Yes,Two year,No,Bank transfer,22.16,605.71,0,No
CUST02824,Female,0,No,Yes,63,Yes,No,DSL,No,No internet service,Yes,Month-to-month,Yes,Mailed check,70.23,4461.85,0,No
CUST02825,Female,0,Yes,No,31,Yes,No,Fiber optic,No,No,No,Two year,No,Credit card,28.01,891.21,0,No
CUST02826,Female,1,No,No,8,No,No,Fiber optic,No,No,Yes,Two year,Yes,Credit card,33.2,269.44,0,No
CUST02827,Female,0,No,No,27,Yes,Yes,DSL,No internet service,No internet service,Yes,Month-to-month,No,Mailed check,80.27,2206.79,2,Yes
CUST02828,Male,1,Yes,No,16,Yes,No,Fiber optic,Yes,Yes,No,One year,No,Credit card,41.62,695.19,2,No
CUST02829,Male,0,No,No,54,No,Yes,DSL,No,Yes,No,Month-to-month,No,Credit card,94.42,5123.15,2,No
CUST02830,Male,0,Yes,Yes,9,Yes,No,Fiber optic,Yes,No internet service,Yes,One year,Yes,Mailed check,70.45,667.72,1,No
CUST02831,Female,0,Yes,No,5,Yes,Yes,No,No internet service,Yes,Yes,Month-to-month,Yes,Electronic check,40.26,226.57,0,No
CUST02832,Female,0,No,No,47,Yes,Yes,DSL,Yes,Yes,Yes,Month-to-month,No,Bank transfer,68.37,3245.81,2,No
CUST02833,Male,0,No,No,66,Yes,Yes,No,No internet service,No,No internet service,Month-to-month,Yes,Mailed check,18.09,1237.31,1,No
CUST02834,Male,0,Yes,No,40,Yes,Yes,Fiber optic,No,Yes,No,Month-to-month,Yes,Mailed check,106.0,4270.68,1,Yes
CUST02835,Male,0,No,No,59,Yes,No,DSL,No,No internet service,No,Two year,No,Mailed check,19.29,1171.09,3,No
CUST02836,Male,0,Yes,Yes,41,Yes,No,Fiber optic,No internet service,Yes,No,Month-to-month,Yes,Bank transfer,18.72,798.21,2,No
CUST02837,Female,0,No,No,70,Yes,Yes,DSL,No,No,No,Month-to-month,No,Mailed check,80.37,5652.46,1,Yes
CUST02838,Male,1,No,No,27,Yes,Yes,No,Yes,No internet service,Yes,Two year,Yes,Bank transfer,117.3,3175.7,2,No
CUST02839,Male,0,Yes,No,12,Yes,Yes,Fiber optic,Yes,No internet service,No,Month-to-month,No,Bank transfer,105.31,1280.5,1,Yes
CUST02840,Male,0,Yes,Yes,14,Yes,No phone service,Fiber optic,No internet service,No internet service,No internet service,Month-to-month,Yes,Credit card,43.71,646.6,1,Yes
CUST02841,Male,0,Yes,No,35,Yes,No phone service,Fiber optic,Yes,No,No internet service,Two year,Yes,Electronic check,38.06,1353.37,0,No
CUST02842,Male,0,No,No,14,Yes,No,Fiber optic,No,No internet service,Yes,Two year,No,Credit card,81.86,,0,No
CUST02843,Male,0,Yes,Yes,55,Yes,No phone service,No,No,No,Yes,Month-to-month,Yes,Mailed check,101.91,5643.01,1,No
CUST02844,Male,0,Yes,No,3,Yes,No phone service,Fiber optic,No,No,No,Month-to-month,No,Mailed check,54.93,165.07,2,Yes
CUST02845,Female,0,No,Yes,51,Yes,Yes,No,Yes,Yes,Yes,Two year,No,Bank transfer,62.1,3201.05,3,No
CUST02846,Female,0,No,No,9,Yes,Yes,Fiber optic,No,No internet service,Yes,Month-to-month,Yes,Credit card,29.78,292.48,1,Yes
CUST02847,Female,0,Yes,No,44,Yes,No phone service,DSL,Yes,Yes,Yes,Month-to-month,No,Bank transfer,33.59,1496.8,3,Yes
CUST02848,Female,0,Yes,No,28,Yes,No phone service,No,No internet service,Yes,No internet service,Month-to-month,Yes,Credit card,75.97,2144.19,0,Yes
CUST02849,Male,0,Yes,No,52,Yes,No phone service,Fiber optic,No,No,No,Month-to-month,No,Credit card,28.47,1489.08,3,No
CUST02850,Female,0,Yes,Yes,28,Yes,Yes,Fiber optic,No internet service,Yes,Yes,One year,Yes,Credit card,38.61,1097.79,3,No
CUST02851,Female,0,No,No,22,No,No,No,Yes,Yes,No,One year,No,Credit card,41.94,942.25,1,No
CUST02852,Male,0,No,No,56,No,No phone service,DSL,Yes,Yes,No,Two year,No,Credit card,63.28,3565.55,2,No
CUST02853,Male,0,Yes,Yes,49,Yes,No,Fiber optic,No internet service,No internet service,No,One year,Yes,Electronic check,22.65,1143.47,0,No
CUST02854,Female,1,Yes,No,20,Yes,No,DSL,No,Yes,No internet service,Month-to-month,No,Mailed check,68.98,1402.28,0,No
CUST02855,Female,0,Yes,No,42,Yes,No phone service,Fiber optic,No,No,No,Month-to-month,Yes,Credit card,112.72,4774.05,2,No
CUST02856,Male,0,No,Yes,9,Yes,No,No,No,No internet service,No,Two year,Yes,Credit card,20.5,216.49,2,No
CUST02857,Female,0,Yes,Yes,29,Yes,Yes,No,No internet service,No,Yes,Month-to-month,Yes,Bank transfer,82.36,2397.92,1,Yes
CUST02858,Male,0,Yes,Yes,50,Yes,No phone service,Fiber optic,Yes,No internet service,Yes,Month-to-month,Yes,Mailed check,103.26,5176.86,5,Yes
CUST02859,Male,0,No,No,32,Yes,No phone service,Fiber optic,No internet service,No internet service,No internet service,Two year,Yes,Mailed check,49.87,1599.8,2,Yes
CUST02860,Male,0,No,No,17,Yes,No phone service,No,Yes,No internet service,No,One year,Yes,Mailed check,31.41,581.26,2,No
CUST02861,Male,0,Yes,No,21,Yes,No phone service,Fiber optic,No,No,No internet service,Month-to-month,Yes,Credit card,22.42,515.15,0,Yes
CUST02862,Female,0,Yes,No,63,Yes,Yes,DSL,No,Yes,No,Two year,Yes,Bank transfer,83.68,5276.08,1,No
CUST02863,Male,0,No,No,20,Yes,Yes,Fiber optic,Yes,No internet service,No internet service,Two year,Yes,Mailed check,74.33,1515.3,1,No
CUST02864,Male,0,Yes,No,0,Yes,No,No,No,No,No,Month-to-month,No,Bank transfer,41.39,48.02,1,Yes
CUST02865,Female,0,Yes,Yes,14,Yes,No phone service,No,No internet service,No internet service,Yes,Two year,No,Electronic check,102.82,1476.84,2,No
CUST02866,Male,0,No,No,35,Yes,No phone service,Fiber optic,Yes,Yes,No internet service,Month-to-month,Yes,Electronic check,93.02,3280.29,1,Yes
CUST02867,Female,0,No,No,46,No,No,No,No,No internet service,Yes,Month-to-month,No,Bank transfer,46.2,2137.26,3,No
CUST02868,Female,0,No,No,53,Yes,Yes,DSL,No,No,No,Two year,No,Credit card,94.84,5040.47,3,No
CUST02869,Female,0,Yes,No,31,Yes,No phone service,DSL,No,No internet service,No internet service,Two year,No,Mailed check,42.99,1369.5,1,No
CUST02870,Male,0,No,No,57,Yes,No,No,No,No,Yes,Month-to-month,Yes,Electronic check,86.88,4991.19,5,Yes
CUST02871,Female,0,No,No,45,Yes,Yes,DSL,Yes,Yes,Yes,Month-to-month,Yes,Electronic check,30.09,1380.48,1,No
CUST02872,Female,0,Yes,Yes,53,Yes,No,DSL,Yes,Yes,Yes,Month-to-month,No,Bank transfer,88.61,4702.38,1,Yes
CUST02873,Male,0,Yes,No,32,Yes,No,Fiber optic,No,No internet service,No,One year,No,Credit card,42.35,1401.89,0,No
CUST02874,Female,0,No,Yes,38,No,Yes,Fiber optic,No internet service,Yes,No internet service,Month-to-month,Yes,Bank transfer,76.39,2945.06,5,No
CUST02875,Female,0,No,No,22,Yes,No phone service,Fiber optic,No internet service,No,Yes,Month-to-month,Yes,Bank transfer,35.59,790.01,0,Yes
CUST02876,Female,0,Yes,Yes,42,Yes,Yes,DSL,No internet service,No internet service,No,Month-to-month,No,Bank transfer,92.05,3868.94,3,Yes
CUST02877,Female,0,Yes,Yes,54,Yes,No phone service,No,No internet service,No,No,Month-to-month,No,Bank transfer,24.21,1334.13,2,No
CUST02878,Female,0,No,No,1,Yes,Yes,No,Yes,No internet service,No,Month-to-month,No,Bank transfer,34.87,49.08,0,No
CUST02879,Male,0,No,No,65,Yes,No phone service,Fiber optic,Yes,No,No internet service,Two year,Yes,Credit card,36.78,2404.86,1,No
CUST02880,Female,0,Yes,Yes,37,No,No phone service,Fiber optic,No internet service,No internet service,No,Month-to-month,Yes,Bank transfer,22.22,826.5,1,No
CUST02881,Female,0,No,No,28,Yes,No,Fiber optic,Yes,No,No,Month-to-month,Yes,Credit card,93.99,2679.39,0,Yes
CUST02882,Male,0,Yes,No,66,Yes,No,Fiber optic,No internet service,No,No internet service,Two year,Yes,Mailed check,118.06,7833.47,1,No
CUST02883,Male,0,No,Yes,70,Yes,No phone service,Fiber optic,No,No internet service,No internet service,One year,Yes,Mailed check,97.4,6823.69,1,Yes
CUST02884,Male,0,Yes,No,35,Yes,Yes,Fiber optic,No,No,No,Month-to-month,No,Mailed check,105.78,3746.13,1,Yes
CUST02885,Female,1,Yes,No,28,Yes,No phone service,DSL,No internet service,Yes,No,Month-to-month,Yes,Mailed check,18.61,555.23,1,Yes
CUST02886,Male,0,No,No,36,Yes,Yes,DSL,Yes,No,Yes,One year,No,Electronic check,30.02,1096.99,0,No
CUST02887,Female,1,No,No,44,Yes,No phone service,Fiber optic,No internet service,No internet service,No internet service,Month-to-month,Yes,Credit card,75.02,3344.44,1,Yes
CUST02888,Female,0,Yes,No,15,Yes,Yes,Fiber optic,Yes,Yes,No internet service,One year,Yes,Mailed check,117.74,1796.0,2,No
CUST02889,Male,0,No,No,30,Yes,No,Fiber optic,No,Yes,Yes,Month-to-month,Yes,Electronic check,85.39,2604.13,4,Yes
CUST02890,Male,0,No,Yes,33,Yes,Yes,Fiber optic,Yes,No,No,Month-to-month,Yes,Credit card,56.16,1876.74,3,Yes
CUST02891,Female,0,No,Yes,49,Yes,No,Fiber optic,No internet service,No,No,Month-to-month,No,Electronic check,32.91,1637.62,0,Yes
CUST02892,Male,0,Yes,No,64,Yes,Yes,Fiber optic,No,No,No,One year,Yes,Electronic check,33.59,2164.31,1,No
CUST02893,Female,0,No,No,61,Yes,No,DSL,No,Yes,No,Two year,Yes,Bank transfer,55.0,3374.38,1,No
CUST02894,Male,0,No,No,42,Yes,Yes,Fiber optic,Yes,Yes,Yes,Month-to-month,Yes,Electronic check,90.81,3842.41,1,No
CUST02895,Male,1,Yes,Yes,55,Yes,No phone service,Fiber optic,No,Yes,No internet service,Month-to-month,Yes,Electronic check,21.25,1216.1,1,No
CUST02896,Male,1,No,Yes,14,Yes,Yes,Fiber optic,No,No internet service,No internet service,Month-to-month,No,Credit card,104.92,1498.89,3,Yes
CUST02897,Female,0,No,No,47,Yes,No,Fiber optic,Yes,No internet service,No,Month-to-month,Yes,Electronic check,114.04,5367.25,3,No
CUST02898,Male,0,Yes,No,48,Yes,No,Fiber optic,No,No,Yes,Two year,No,Bank transfer,108.66,5216.03,1,No
CUST02899,Female,0,Yes,Yes,43,Yes,Yes,No,No internet service,No internet service,No,Month-to-month,No,Mailed check,111.13,4821.14,0,No
CUST02900,Female,0,No,No,9,Yes,No phone service,Fiber optic,Yes,No internet service,No,Two year,Yes,Mailed check,19.56,194.26,2,No
CUST02901,Female,0,No,No,19,Yes,Yes,Fiber optic,Yes,No,Yes,One year,Yes,Credit card,117.73,2252.62,2,Yes
CUST02902,Female,0,Yes,No,69,Yes,Yes,No,Yes,No,Yes,Two year,No,Credit card,55.37,3860.57,1,No
CUST02903,Male,0,Yes,No,7,Yes,No,Fiber optic,Yes,Yes,No internet service,One year,No,Electronic check,106.67,793.96,2,Yes
CUST02904,Female,0,No,No,44,Yes,No phone service,Fiber optic,No internet service,Yes,No internet service,Month-to-month,Yes,Credit card,37.05,1667.6,3,No
CUST02905,Female,1,No,No,33,Yes,No phone service,DSL,Yes,No,No,Month-to-month,Yes,Electronic check,63.55,2105.84,1,Yes
CUST02906,Male,0,No,No,50,Yes,No phone service,Fiber optic,No internet service,No,No,Month-to-month,Yes,Credit card,22.5,1144.57,2,Yes
CUST02907,Female,1,Yes,No,3,Yes,No phone service,Fiber optic,Yes,No internet service,No internet service,Month-to-month,Yes,Mailed check,22.09,104.24,3,Yes
CUST02908,Male,0,No,No,38,Yes,Yes,Fiber optic,Yes,No internet service,Yes,Month-to-month,Yes,Mailed check,114.21,4385.33,3,Yes
CUST02909,Female,0,Yes,No,23,Yes,No phone service,Fiber optic,No,No internet service,No,Month-to-month,Yes,Mailed check,100.68,2365.57,2,Yes
CUST02910,Male,0,Yes,No,54,Yes,No phone service,No,No,No,No,Two year,Yes,Mailed check,72.04,3915.74,0,No
CUST02911,Female,0,Yes,No,25,Yes,No phone service,DSL,No internet service,No,Yes,Month-to-month,Yes,Electronic check,71.6,1831.13,0,Yes
CUST02912,Male,0,No,No,24,Yes,No,Fiber optic,No,Yes,No,One year,Yes,Electronic check,94.37,2267.21,0,No
CUST02913,Female,0,No,No,35,Yes,No,Fiber optic,Yes,No internet service,Yes,Two year,No,Electronic check,52.85,1864.04,2,Yes
CUST02914,Female,0,No,Yes,70,Yes,No,Fiber optic,No internet service,Yes,No internet service,Two year,Yes,Mailed check,95.71,6718.28,3,No
CUST02915,Male,0,Yes,Yes,57,Yes,No phone service,No,No,No,No internet service,Month-to-month,No,Bank transfer,67.47,3894.57,1,No
CUST02916,Male,0,No,No,11,Yes,Yes,DSL,Yes,No internet service,No internet service,Month-to-month,Yes,Mailed check,83.07,913.94,1,Yes
CUST02917,Male,0,Yes,No,0,Yes,Yes,DSL,No,Yes,No internet service,Month-to-month,No,Mailed check,116.41,15.4,1,Yes
CUST02918,Male,0,Yes,No,49,Yes,No,Fiber optic,No,No,No internet service,Month-to-month,Yes,Bank transfer,66.07,3283.95,1,Yes
CUST02919,Female,0,Yes,No,24,Yes,No,Fiber optic,No,Yes,No,Month-to-month,No,Bank transfer,60.68,1471.65,1,Yes
CUST02920,Female,0,Yes,No,4,Yes,No phone service,Fiber optic,No,No internet service,No internet service,Two year,Yes,Credit card,110.39,,3,No
CUST02921,Male,0,Yes,No,67,Yes,No,No,Yes,Yes,No,Month-to-month,Yes,Mailed check,110.06,7410.52,2,No
CUST02922,Female,1,Yes,Yes,5,Yes,No,DSL,No,Yes,No,Month-to-month,No,Bank transfer,119.23,633.42,1,No
CUST02923,Male,0,No,No,25,Yes,No,Fiber optic,No internet service,No,Yes,Two year,Yes,Credit card,74.19,1878.36,0,No
CUST02924,Male,0,Yes,No,54,Yes,No,Fiber optic,No internet service,No internet service,No,Month-to-month,No,Bank transfer,53.11,2915.29,1,No
CUST02925,Female,0,No,Yes,38,Yes,Yes,No,No,Yes,No,Month-to-month,Yes,Bank transfer,42.52,1625.9,1,No
CUST02926,Female,0,Yes,No,8,Yes,No phone service,No,No internet service,No,No internet service,One year,Yes,Credit card,21.48,217.51,2,No
CUST02927,Female,0,No,No,44,Yes,Yes,Fiber optic,No,No internet service,No internet service,Month-to-month,Yes,Mailed check,92.13,4091.5,0,Yes
CUST02928,Female,0,No,Yes,13,Yes,No,Fiber optic,Yes,No,Yes,One year,No,Credit card,41.81,561.94,0,No
CUST02929,Female,0,No,Yes,54,No,No phone service,DSL,Yes,No internet service,Yes,Month-to-month,Yes,Mailed check,79.88,4353.87,1,Yes
CUST02930,Female,0,No,No,8,Yes,No phone service,Fiber optic,No internet service,No,No,Two year,No,Bank transfer,111.49,898.58,1,No
CUST02931,Female,0,Yes,No,14,Yes,Yes,Fiber optic,No internet service,No,Yes,Month-to-month,Yes,Credit card,114.92,1615.43,1,Yes
CUST02932,Male,0,Yes,Yes,36,Yes,Yes,Fiber optic,No,No,No internet service,Month-to-month,No,Electronic check,18.45,710.7,4,Yes
CUST02933,Male,0,Yes,Yes,49,Yes,No,Fiber optic,No,Yes,No internet service,One year,Yes,Bank transfer,50.34,2471.4,0,No
CUST02934,Male,1,Yes,No,71,Yes,Yes,Fiber optic,No,Yes,No internet service,Month-to-month,Yes,Credit card,103.41,7342.31,2,Yes
CUST02935,Male,0,No,No,20,Yes,No,Fiber optic,Yes,No,No,Month-to-month,Yes,Bank transfer,72.72,1473.85,1,Yes
CUST02936,Male,0,No,No,56,Yes,No,Fiber optic,No,No internet service,No,Month-to-month,Yes,Credit card,100.37,5625.91,1,Yes
CUST02937,Female,0,No,Yes,18,No,No,DSL,Yes,No,Yes,Month-to-month,Yes,Mailed check,105.04,1933.87,3,No
CUST02938,Male,0,Yes,No,57,Yes,No phone service,DSL,No internet service,Yes,No internet service,Month-to-month,Yes,Electronic check,63.15,3645.68,0,No
CUST02939,Male,1,No,No,5,No,No phone service,DSL,Yes,No internet service,No,One year,Yes,Bank transfer,54.62,297.22,3,No
CUST02940,Male,0,Yes,No,3,Yes,Yes,No,No internet service,Yes,No,One year,Yes,Electronic check,64.45,214.62,0,Yes
CUST02941,Male,1,No,No,42,Yes,Yes,DSL,Yes,No,Yes,One year,Yes,Mailed check,84.59,3579.73,4,Yes
CUST02942,Male,0,No,No,41,No,No phone service,No,Yes,Yes,No internet service,Month-to-month,Yes,Credit card,55.45,2284.76,3,No
CUST02943,Male,0,No,No,2,Yes,Yes,DSL,No,Yes,No internet service,Month-to-month,Yes,Electronic check,97.05,209.0,3,Yes
CUST02944,Male,0,No,No,0,Yes,No,Fiber optic,No internet service,Yes,Yes,One year,No,Credit card,110.21,5.05,2,Yes
CUST02945,Female,0,No,No,54,Yes,No,No,Yes,No,Yes,Two year,No,Mailed check,46.8,2549.52,4,No
CUST02946,Female,1,Yes,No,14,Yes,No phone service,Fiber optic,Yes,Yes,Yes,Month-to-month,Yes,Bank transfer,116.43,1660.6,2,Yes
CUST02947,Male,0,No,No,46,No,Yes,DSL,No internet service,No,Yes,Month-to-month,No,Mailed check,81.52,3796.43,0,Yes
CUST02948,Female,0,Yes,No,45,Yes,Yes,DSL,Yes,No,No internet service,Month-to-month,No,Electronic check,107.57,4877.6,0,No
CUST02949,Female,0,Yes,Yes,57,Yes,No phone service,No,No internet service,Yes,No internet service,Month-to-month,Yes,Electronic check,28.6,1666.35,3,Yes
CUST02950,Female,0,Yes,No,70,Yes,No,Fiber optic,No internet service,No internet service,Yes,One year,Yes,Electronic check,43.65,3070.9,2,No
CUST02951,Female,0,Yes,Yes,38,Yes,No,Fiber optic,No internet service,Yes,No,Month-to-month,No,Credit card,50.74,1972.53,2,Yes
CUST02952,Male,0,Yes,No,2,Yes,Yes,Fiber optic,Yes,Yes,No,One year,No,Bank transfer,48.89,145.13,0,No
CUST02953,Female,0,Yes,Yes,29,Yes,No phone service,Fiber optic,Yes,Yes,No internet service,Month-to-month,No,Electronic check,35.53,1076.98,2,No
CUST02954,Female,0,Yes,No,34,Yes,No phone service,DSL,No,No internet service,No internet service,Month-to-month,No,Electronic check,106.56,3624.98,2,Yes
CUST02955,Female,1,Yes,No,56,Yes,No,Fiber optic,No internet service,No internet service,Yes,Two year,Yes,Electronic check,60.7,3429.42,2,No
CUST02956,Male,0,No,No,28,No,No,Fiber optic,Yes,No,No,Month-to-month,Yes,Mailed check,116.24,3286.88,1,Yes
CUST02957,Male,0,No,No,49,Yes,Yes,DSL,Yes,No internet service,No internet service,Month-to-month,Yes,Electronic check,77.51,3812.74,1,No
CUST02958,Male,0,Yes,No,61,Yes,No phone service,Fiber optic,No internet service,No internet service,No,Two year,Yes,Mailed check,32.12,2008.94,1,No
CUST02959,Male,0,Yes,No,51,Yes,Yes,No,No internet service,Yes,Yes,Two year,Yes,Electronic check,73.68,3772.24,1,No
CUST02960,Male,0,Yes,No,13,Yes,Yes,No,No internet service,No,No internet service,One year,Yes,Mailed check,119.34,1562.25,2,Yes
CUST02961,Male,0,No,Yes,34,Yes,No phone service,DSL,No,No,No internet service,Month-to-month,Yes,Credit card,75.65,2596.31,3,Yes
CUST02962,Male,0,No,No,27,Yes,No phone service,DSL,No,No internet service,No,Month-to-month,Yes,Credit card,18.19,507.29,0,No
CUST02963,Female,1,Yes,No,57,Yes,No,No,No,No internet service,No,Two year,Yes,Mailed check,113.17,6496.89,1,No
CUST02964,Female,0,Yes,Yes,29,Yes,No phone service,DSL,No internet service,Yes,No internet service,Month-to-month,Yes,Bank transfer,41.96,1238.84,3,Yes
CUST02965,Female,0,No,No,6,Yes,Yes,DSL,Yes,No internet service,No,Two year,Yes,Bank transfer,88.23,549.89,2,No
CUST02966,Male,0,No,No,38,Yes,Yes,No,No internet service,No internet service,No,Month-to-month,Yes,Mailed check,70.54,2711.81,0,No
CUST02967,Male,0,Yes,No,68,Yes,No phone service,DSL,Yes,No,Yes,Month-to-month,No,Credit card,51.19,3484.98,0,No
CUST02968,Male,0,Yes,No,34,Yes,Yes,Fiber optic,No,No internet service,No,Two year,No,Mailed check,46.83,1630.06,0,No
CUST02969,Male,1,Yes,No,51,Yes,No phone service,Fiber optic,No,Yes,No internet service,Month-to-month,Yes,Bank transfer,112.73,5787.65,0,No
CUST02970,Male,1,Yes,Yes,13,Yes,No,No,No,No,Yes,Month-to-month,Yes,Mailed check,111.02,1466.96,3,Yes
CUST02971,Female,1,No,Yes,62,No,No,DSL,Yes,No,No internet service,Month-to-month,No,Credit card,70.34,4408.86,2,Yes
CUST02972,Female,1,No,No,35,Yes,No phone service,No,Yes,No internet service,Yes,Month-to-month,Yes,Bank transfer,44.37,1581.92,1,Yes
CUST02973,Male,0,Yes,Yes,23,Yes,Yes,Fiber optic,No internet service,Yes,Yes,Month-to-month,No,Bank transfer,28.44,688.88,1,No
CUST02974,Male,0,Yes,Yes,39,Yes,No phone service,Fiber optic,No internet service,No,No,Month-to-month,Yes,Electronic check,33.97,1371.05,0,No
CUST02975,Male,0,Yes,No,28,Yes,No phone service,DSL,No internet service,Yes,No,Month-to-month,No,Electronic check,71.27,2028.88,2,No
CUST02976,Male,0,No,No,52,Yes,No,DSL,No,Yes,No internet service,One year,No,Bank transfer,49.4,2590.39,3,No
CUST02977,Female,0,Yes,No,21,No,No phone service,Fiber optic,No internet service,No internet service,No,Month-to-month,No,Bank transfer,22.29,469.33,0,No
CUST02978,Male,0,Yes,No,71,Yes,No,Fiber optic,No,Yes,Yes,Two year,Yes,Mailed check,64.43,4610.94,2,No
CUST02979,Male,0,Yes,No,14,No,No,No,Yes,No,No,Month-to-month,No,Credit card,94.11,1365.78,1,Yes
CUST02980,Male,0,No,No,68,Yes,No phone service,Fiber optic,No,No internet service,No internet service,One year,No,Bank transfer,108.95,7432.11,0,No
CUST02981,Male,0,Yes,No,63,Yes,No phone service,Fiber optic,No,No,Yes,Month-to-month,No,Credit card,77.7,4912.09,1,No
CUST02982,Female,0,No,No,3,Yes,No phone service,Fiber optic,No,Yes,No internet service,One year,Yes,Bank transfer,91.78,301.3,2,Yes
CUST02983,Male,0,Yes,No,17,Yes,No phone service,Fiber optic,Yes,Yes,No,Two year,No,Credit card,55.14,973.8,4,No
CUST02984,Male,0,Yes,No,41,Yes,No,Fiber optic,Yes,No internet service,Yes,Two year,Yes,Electronic check,68.62,2813.45,1,No
CUST02985,Female,0,Yes,Yes,29,Yes,No phone service,DSL,No internet service,No internet service,No internet service,One year,Yes,Bank transfer,92.42,2724.54,2,No
CUST02986,Female,0,No,No,14,Yes,No,No,No internet service,No,No,Month-to-month,Yes,Mailed check,92.22,1335.4,3,Yes
CUST02987,Female,0,Yes,No,69,Yes,No,Fiber optic,No internet service,No,No,Two year,Yes,Credit card,61.3,4256.76,3,No
CUST02988,Male,0,Yes,No,54,Yes,Yes,Fiber optic,Yes,Yes,No internet service,Two year,No,Bank transfer,73.45,3972.42,1,No
CUST02989,Male,0,No,No,52,Yes,No,Fiber optic,Yes,No internet service,Yes,Two year,No,Electronic check,112.23,5869.55,1,No
CUST02990,Female,0,No,No,15,No,Yes,Fiber optic,Yes,Yes,No internet service,Month-to-month,Yes,Electronic check,82.46,1243.79,1,Yes
CUST02991,Female,0,No,Yes,72,Yes,No phone service,DSL,Yes,Yes,No,Two year,No,Electronic check,83.54,6040.26,2,No
CUST02992,Female,0,Yes,Yes,33,Yes,Yes,DSL,Yes,No,No internet service,Month-to-month,No,Electronic check,98.03,3239.67,3,Yes
CUST02993,Female,0,No,No,26,Yes,No phone service,No,No,No,No,Month-to-month,Yes,Bank transfer,29.75,802.95,2,No
CUST02994,Female,0,Yes,No,12,Yes,No,DSL,No internet service,No,Yes,Month-to-month,Yes,Mailed check,71.33,871.86,1,No
CUST02995,Female,0,No,Yes,26,Yes,Yes,Fiber optic,No,No internet service,No internet service,Month-to-month,Yes,Credit card,115.86,3053.91,2,Yes
CUST02996,Male,0,No,No,72,Yes,No phone service,DSL,No internet service,No,Yes,One year,Yes,Mailed check,54.89,3992.08,1,No
CUST02997,Male,0,No,Yes,68,Yes,No phone service,Fiber optic,No,No internet service,No internet service,Two year,Yes,Credit card,48.08,3319.36,1,No
CUST02998,Male,0,Yes,No,30,Yes,Yes,DSL,Yes,Yes,No,One year,Yes,Mailed check,79.32,2392.48,3,No
CUST02999,Female,0,Yes,Yes,2,Yes,Yes,Fiber optic,No internet service,No internet service,Yes,One year,Yes,Bank transfer,40.55,84.19,1,Yes
CUST03000,Female,0,Yes,No,29,No,No phone service,Fiber optic,No,No,No,Month-to-month,No,Bank transfer,74.71,2188.74,0,Yes
